index,url,valid,domain,title,description,image,published,archive,content,quote,language,keyword
https://www.tagesschau.de/ausland/europa/waldbrand-thessaloniki-100.html,https://www.tagesschau.de/ausland/europa/waldbrand-thessaloniki-100.html,0,www.tagesschau.de,Zwei Tote bei Waldbrand in Griechenland,In der Nähe der griechischen Stadt Thessaloniki ist ein Waldbrand ausgebrochen. Zwei Menschen sind ums Leben gekommen. Die Feuerwehr kämpft auch aus der Luft gegen die Flammen. Bisher ist das Land glimpflich durch die Waldbrandsaison gekommen.,https://images.tagesschau.de/image/b792893e-1e3f-4d89-bdd1-df69c65d8135/AAABnxr8-HA/AAABnSSvrFg/16x9-big/waldbrand-griechenland-138.jpg?width=1280,2026-07-01T01:31:42Z,,"Stand: 01.07.2026 03:31 Uhr
In der Nähe der griechischen Stadt Thessaloniki ist ein Waldbrand ausgebrochen. Zwei Menschen sind ums Leben gekommen. Die Feuerwehr kämpft auch aus der Luft gegen die Fl… [+1384 chars]",,de,'Waldbrand'
https://kaernten.orf.at/stories/3360737/,https://kaernten.orf.at/stories/3360737/,0,kaernten.orf.at,Waldbrand in unwegsamen Gelände,"Ein Waldbrand hat am Dienstagabend  einen Großeinsatz ausgelöst. Rund 1,5 Hektar Waldfläche standen in unwegsamem Gelände südlich der Grafenweger Höhe in der Gemeinde Gitschtal in Flammen. Die Löscharbeiten dauerten am späten Abend noch an.",https://ibs.orf.at/ktn?image=https%3A%2F%2Foekastatic.orf.at%2Fmojo%2F1_4_1%2Fstoryserver%2Foeka%2Fcommon%2Fimages%2Fog-fallback-ktn.png%3Fs%3Dd1ef40bef2ffd65644b4df37900c0e4d80e97249,2026-07-01T04:34:20Z,,Die Polizei wurde gegen 16.10 Uhr über eine starke Rauchentwicklung im Bereich der Ochsenalm in der Gemeinde Greifenburg informiert. Ein Zeuge hatte den Rauch von der Emberger Alm aus bemerkt und die… [+757 chars],,de,'Waldbrand Hektar'
https://www.diepresse.com/34112819/waldbrand-im-kaerntner-gitschtal-ausgebrochen,https://www.diepresse.com/34112819/waldbrand-im-kaerntner-gitschtal-ausgebrochen,0,www.diepresse.com,Waldbrand im Kärntner Gitschtal ausgebrochen,"1,5 Hektar waren betroffen, zehn Feuerwehren standen im Einsatz.",https://img.diepresse.com/public/incoming/isnlfd-Einsatzfahrzeug/alternates/WEBP_WIDE_1200/Einsatzfahrzeug,2026-07-01T08:16:24Z,,"Die Presse auf Google als bevorzugte Nachrichtenquelle hinzufügen.
 Im Kärntner Gitschtal ist am Dienstag ein Waldbrand ausgebrochen. Gut 1,5 Hektar waren betroffen, berichtete die Feuerwehr Hermago… [+836 chars]",,de,'Waldbrand'
https://www.zeit.de/news/2026-07/01/meuselwitz-darum-hilft-der-regen-beim-waldbrand-nur-bedingt,https://www.zeit.de/news/2026-07/01/meuselwitz-darum-hilft-der-regen-beim-waldbrand-nur-bedingt,0,www.zeit.de,Brände: Meuselwitz: Darum hilft der Regen beim Waldbrand nur bedingt,Hier finden Sie Informationen zu dem Thema „Brände“. Lesen Sie jetzt „Meuselwitz: Darum hilft der Regen beim Waldbrand nur bedingt“.,https://img.zeit.de/news/2026-07/01/meuselwitz-darum-hilft-der-regen-beim-waldbrand-nur-bedingt-image-group/wide__1300x731,2026-07-01T08:59:47Z,,"Es brennt weiter: Trotz Regenfällen beschäftigt der Waldbrand auf dem ehemaligen Kohlebergbaugelände bei Meuselwitz (Landkreis Altenburger Land) die Einsatzkräfte noch immer. Zwar verhindere Regen, d… [+710 chars]",,de,'Waldbrand Hektar'
https://www.zeit.de/news/2026-07/01/einsatzkraefte-melden-loescherfolge-bei-waldbrand,https://www.zeit.de/news/2026-07/01/einsatzkraefte-melden-loescherfolge-bei-waldbrand,0,www.zeit.de,Großeinsatz: Einsatzkräfte melden Löscherfolge bei Waldbrand,Hier finden Sie Informationen zu dem Thema „Großeinsatz“. Lesen Sie jetzt „Einsatzkräfte melden Löscherfolge bei Waldbrand“.,https://img.zeit.de/news/2026-07/01/einsatzkraefte-melden-loescherfolge-bei-waldbrand-image-group/wide__1300x731,2026-07-01T11:56:19Z,,"An Tag fünf des Waldbrandes im Kreis Bad Kreuznach gibt es Fortschritte bei dem Großeinsatz. Die Lage habe sich weiter stabilisiert, teilte der Kreis mit. Es würden nach wie vor Glutnester in dem Geb… [+1253 chars]",,de,'Waldbrand'
https://www.zeit.de/gesellschaft/zeitgeschehen/2026-07/waldbrand-frankreich-narbonne-feuerwehr-hitze-griechenland,https://www.zeit.de/gesellschaft/zeitgeschehen/2026-07/waldbrand-frankreich-narbonne-feuerwehr-hitze-griechenland,0,www.zeit.de,Waldbrände: Hunderte Feuerwehrleute bekämpfen Waldbrand in Südfrankreich,Wegen eines sich ausbreitenden Feuers müssen 200 Franzosen ihre Wohnungen im Süden des Landes verlassen. In Griechenland sterben zwei Menschen nach einem Buschbrand.,https://img.zeit.de/gesellschaft/zeitgeschehen/2026-07/waldbrand-frankreich-narbonne-feuerwehr-800-hektar-foto-1/wide__1300x731,2026-07-02T02:18:29Z,,In Südfrankreich ist ein mindestens 800 Hektar großer Waldbrand ausgebrochen. Hunderte Feuerwehrleute waren rund 30 Kilometer nördlich von Narbonne im Kampf gegen die Flammen im Einsatz. Zwischenzeit… [+1668 chars],,de,'Waldbrand'
https://www.derstandard.at/story/3000000329786/feuerwehr-bek228mpft-mehrere-waldbr228nde-in-s252dfrankreich,https://www.derstandard.at/story/3000000329786/feuerwehr-bek228mpft-mehrere-waldbr228nde-in-s252dfrankreich,0,www.derstandard.at,Feuerwehr bekämpft mehrere Waldbrände in Südfrankreich,Starker Wind und eine bereits ausgetrocknete Vegetation erschweren die Löscharbeiten,https://i.ds.at/rXGlrg/rs:fill:1200:600/plain/lido-images/2026/07/02/7dbcdd08-914f-4821-9275-31caa1c0f35d.jpg,2026-07-02T10:39:43Z,,"Sie entscheiden darüber, wie Sie unsere Inhalte nutzen wollen. Ihr Gerät erlaubt uns derzeit leider nicht, die entsprechenden Optionen anzuzeigen.
Bitte deaktivieren Sie sämtliche Hard- und Software… [+180 chars]",,de,'Waldbrände'
https://www.tagesspiegel.de/gesellschaft/panorama/aussergewohnliche-hitzewelle-waldbrande-wuten-im-suden-frankreichs-15790315.html,https://www.tagesspiegel.de/gesellschaft/panorama/aussergewohnliche-hitzewelle-waldbrande-wuten-im-suden-frankreichs-15790315.html,0,www.tagesspiegel.de,Außergewöhnliche Hitzewelle: Waldbrände wüten im Süden Frankreichs,Früher als gewöhnlich brennt es in Frankreichs Süden. Der Premier spricht von einer angespannten Lage. Wie viel Land ist betroffen?,https://www.tagesspiegel.de/images/15790321/alternates/BASE_16_9_W1400/1783009729000/waldbrande-in-sudfrankreich.jpeg,2026-07-02T16:29:51Z,,"In Südfrankreich kämpfen Einsatzkräfte gegen mehrere Waldbrände. Allein am Mittwoch hätten bereits 1200 Hektar Land gebrannt, sagte Premierminister Sébastien Lecornu in Marseille. Die Brände seien et… [+697 chars]",,de,'Waldbrände'
https://www.zeit.de/gesellschaft/zeitgeschehen/2026-07/waldbraende-suedfrankreich-feuer-evakuierung-campingplatz,https://www.zeit.de/gesellschaft/zeitgeschehen/2026-07/waldbraende-suedfrankreich-feuer-evakuierung-campingplatz,0,www.zeit.de,Waldbrände in Südfrankreich: Tausende müssen Häuser in Südfrankreich wegen Bränden verlassen,"Seit dem Sommerbeginn sind in Frankreich nach Regierungsangaben fast 7.000 Brände ausgebrochen. Bei Narbonne wurde ein Campingplatz geräumt, auch bei Marseille brennt es.",https://img.zeit.de/gesellschaft/zeitgeschehen/2026-07/waldbraende-suedfrankreich-feuer-evakuierung-campingplatz-foto-1/wide__1300x731,2026-07-03T01:34:40Z,,"Die schweren Waldbrände in Südfrankreich breiten sich weiter aus. Das größte Feuer wütete in den Départements Aude und Hérault, wo bis zu 800 Feuerwehrleute und 150 Fahrzeuge im Einsatz waren. Weiter… [+1323 chars]",,de,'Waldbrände'
https://orf.at/stories/3435121/,https://orf.at/stories/3435121/,0,orf.at,Waldbrände in Südfrankreich weiten sich aus,,https://orf.at/mojo/1_4_1/storyserver//news/common/images/og-fallback-news.png,2026-07-03T04:45:59Z,,Wegen der schweren Waldbrände in Südfrankreich müssen immer mehr Menschen ihre Häuser und Unterkünfte verlassen. Nach dem Ausbruch eines neuen Feuers in Sainte-Marie-la-Mer seien fast 3.000 Personen … [+381 chars],,de,'Waldbrände'
https://www.diepresse.com/34736397/waldbrand-in-suedfrankreich-3000-menschen-muessen-fliehen,https://www.diepresse.com/34736397/waldbrand-in-suedfrankreich-3000-menschen-muessen-fliehen,0,www.diepresse.com,Waldbrand in Südfrankreich: 3000 Menschen müssen fliehen,"Ungefähr die Hälfte der Betroffenen wurde von Campingplätzen geholt, wo Dutzende Wohnmobile und auch 26 Bungalows durch die Flammen zerstört wurden.",https://img.diepresse.com/public/incoming/uel9o7-topshot-france-fire/alternates/WEBP_WIDE_1200/TOPSHOT-FRANCE-FIRE,2026-07-03T05:06:52Z,,"Die Presse auf Google als bevorzugte Nachrichtenquelle hinzufügen.
 Wegen der schweren Waldbrände in Südfrankreich müssen immer mehr Menschen ihre Häuser und Unterkünfte verlassen. Nach dem Ausbruch… [+772 chars]",,de,'Waldbrände'
https://www.sueddeutsche.de/panorama/waldbrand-frankreich-sueden-li.3509736,https://www.sueddeutsche.de/panorama/waldbrand-frankreich-sueden-li.3509736,0,www.sueddeutsche.de,Brände: Waldbrände wüten im Süden Frankreichs,Früher als gewöhnlich brennt es in Frankreichs Süden. Der Premier spricht von einer angespannten Lage.,https://www.sueddeutsche.de/2026/07/03/684a5dc2-7dd2-4eb1-ba5d-e8b3bd578c2a.jpg?q=60&fm=webp&width=1200&rect=0%2C107%2C2000%2C1125,2026-07-03T05:50:54Z,,"Lecornu zufolge brachen seit Beginn der Saison rund 7000 Feuer aus, 8700 Hektar Land seien verbrannt. Genauer benannte der Premier den Zeitraum aber nicht. Allein am Mittwoch und Donnerstag seien cir… [+358 chars]",,de,'Waldbrände'
https://www.bild.de/news/ausland/feuerhoelle-im-urlaubsparadies-waldbraende-in-suedfrankreich-tausende-urlauber-auf-der-flucht-6a4753f880a38cbeb7ec1113,https://www.bild.de/news/ausland/feuerhoelle-im-urlaubsparadies-waldbraende-in-suedfrankreich-tausende-urlauber-auf-der-flucht-6a4753f880a38cbeb7ec1113,0,www.bild.de,Feuerhölle im Urlaubsparadies - Waldbrände in Südfrankreich – Tausende Urlauber auf der Flucht,In Südfrankreich kämpfen rund 2000 Feuerwehrleute derzeit gegen gleich mehrere Feuer. Angefacht durch starke Winde von der französischen Mittelmeerküste breiten sich die Flammen immer weiter aus.,"https://images.bild.de/6a4753f880a38cbeb7ec1113/756d1ceef47a53a3f83da644350077b1,2233358b?w=1280",2026-07-03T06:58:01Z,,"Mehr zum Video anzeigen 
In Südfrankreich kämpfen rund 2000 Feuerwehrleute derzeit gegen gleich mehrere Feuer. Angefacht durch starke Winde von der französischen Mittelmeerküste breiten sich die Fla… [+61 chars]",,de,'Waldbrände'
https://www.bild.de/news/ausland/waldbraende-in-frankreich-tausende-menschen-muessen-vor-den-flammen-fliehen-6a474ebf0b14ed961bb50189,https://www.bild.de/news/ausland/waldbraende-in-frankreich-tausende-menschen-muessen-vor-den-flammen-fliehen-6a474ebf0b14ed961bb50189,0,www.bild.de,Verheerende Waldbrände - Tausende Menschen fliehen vor Flammen in Frankreich,"Nach der Hitzewelle kämpfen Hunderte Feuerwehrleute gegen Waldbrände im Süden Frankreichs. Tausende Menschen wurden evakuiert, Campingplätze zerstört.","https://images.bild.de/6a474ebf0b14ed961bb50189/824d7ffe0aa7fc9ada1726ac71db6edb,2dd35a57?w=1280",2026-07-03T08:14:37Z,,"TTS-Player überspringenArtikel weiterlesenMarseille (Frankreich) Die Flammen kommen immer näher. In Frankreich müssen wegen der verheerenden Waldbrände fast 3000 Menschen ihre Unterkünfte verlassen, … [+2088 chars]",,de,'Waldbrände'
https://www.tagesspiegel.de/internationales/waldbrande-in-touristenregionen-sudfrankreichs-campingplatze-geraumt--mehr-als-3000-menschen-evakuiert-15792163.html,https://www.tagesspiegel.de/internationales/waldbrande-in-touristenregionen-sudfrankreichs-campingplatze-geraumt--mehr-als-3000-menschen-evakuiert-15792163.html,0,www.tagesspiegel.de,Waldbrände in Touristenregionen Südfrankreichs: Campingplätze geräumt – mehr als 3000 Menschen evakuiert,Bei einem großen Flächenbrand nahe dem südfranzösischen Perpignan sind mindestens sechs Menschen verletzt worden. Nahe Narbonne brannten 950 Hektar an Vegetation ab.,https://www.tagesspiegel.de/images/15792243/alternates/BASE_16_9_W1400/1783075302000/france-fire.jpeg,2026-07-03T10:56:00Z,,"Bei einem Flächenbrand nahe dem südfranzösischen Perpignan, der drei Campingplätze erfasst hat, sind sechs Menschen leicht verletzt worden. 13 Feuerwehrleute und Polizisten erlitten zudem leichte Rau… [+3017 chars]",,de,'Waldbrände'
https://vorarlberg.orf.at/stories/3360995/,https://vorarlberg.orf.at/stories/3360995/,0,vorarlberg.orf.at,Waldbrandgefahr kann rasch wieder steigen,Trotz des Regens in dieser Woche ist in mehreren Schweizer Kantonen die Waldbrandgefahr gestiegen. Unter anderem im Kanton St. Gallen herrscht seit Donnerstag die zweithöchste Warnstufe 4. In Vorarlberg haben die Niederschläge die Situation dagegen etwas ents…,https://ibs.orf.at/vbg?image=https%3A%2F%2Foekastatic.orf.at%2Fmims%2F2026%2F27%2F16%2Fcrops%2Fw%3D1200%2Ch%3D627%2Cq%3D75%2F3094911_master_1198516_waldbrand4.jpg%3Fs%3D2743d0199027b757b361471edd0ec97ee7e8fd02,2026-07-03T15:02:47Z,,"Trotz des Niederschlags der vergangenen Tage sind die Wälder weiterhin so trocken, dass im ganzen Kanton St. Gallen eine große Waldbrandgefahr besteht, schrieb der Kanton St. Gallen am Donnerstag in … [+3327 chars]",,de,'Waldbrand'
https://www.zeit.de/news/2026-07/03/feuerwehrchef-fordert-nach-waldbrand-spezialausruestung,https://www.zeit.de/news/2026-07/03/feuerwehrchef-fordert-nach-waldbrand-spezialausruestung,0,www.zeit.de,Flächenbrand am Chiemsee: Feuerwehrchef fordert nach Waldbrand Spezialausrüstung,Hier finden Sie Informationen zu dem Thema „Flächenbrand am Chiemsee“. Lesen Sie jetzt „Feuerwehrchef fordert nach Waldbrand Spezialausrüstung“.,https://img.zeit.de/news/2026-07/03/feuerwehrchef-fordert-nach-waldbrand-spezialausruestung-image-group/wide__1300x731,2026-07-03T16:00:02Z,,Nach einem großen Waldbrand am Chiemsee hat der Traunsteiner Kreisbrandrat Christof Grundner eine bessere Ausstattung für die Feuerwehren verlangt. Die übliche Schutzkleidung sei für Vegetationsbränd… [+939 chars],,de,'Waldbrand'
https://www.zeit.de/news/2026-07/03/45-000-spanier-sollen-wegen-waldbrand-zu-hause-bleiben,https://www.zeit.de/news/2026-07/03/45-000-spanier-sollen-wegen-waldbrand-zu-hause-bleiben,0,www.zeit.de,Waldbrände: 45.000 Spanier sollen wegen Waldbrand zu Hause bleiben,Hier finden Sie Informationen zu dem Thema „Waldbrände“. Lesen Sie jetzt „45.000 Spanier sollen wegen Waldbrand zu Hause bleiben“.,https://img.zeit.de/news/2026-07/03/45-000-spanier-sollen-wegen-waldbrand-zu-hause-bleiben-image-group/wide__1300x731,2026-07-03T18:00:51Z,,"Wegen starken Rauchs durch einen Waldbrand im Nordosten Spaniens haben die Behörden rund 45.000 Bewohner mehrerer Ortschaften östlich von Girona aufgerufen, ihre Häuser nicht zu verlassen. Fenster un… [+1334 chars]",,de,'Waldbrand'
https://www.tagesspiegel.de/gesellschaft/panorama/waldbrande-45000-spanier-sollen-wegen-waldbrand-zu-hause-bleiben-15795892.html,https://www.tagesspiegel.de/gesellschaft/panorama/waldbrande-45000-spanier-sollen-wegen-waldbrand-zu-hause-bleiben-15795892.html,0,www.tagesspiegel.de,Waldbrände: 45.000 Spanier sollen wegen Waldbrand zu Hause bleiben,Ein Waldbrand bei Girona hat bereits etwa 1.300 Hektar zerstört. Ein Verdächtiger wurde festgenommen – er soll mit einem Funken schlagenden Trennschleifer gearbeitet haben.,https://www.tagesspiegel.de/images/15795891/alternates/BASE_16_9_W1400/1783101726000/waldbrande-in-spanien.jpeg,2026-07-03T18:02:06Z,,"Wegen starken Rauchs durch einen Waldbrand im Nordosten Spaniens haben die Behörden rund 45.000 Bewohner mehrerer Ortschaften östlich von Girona aufgerufen, ihre Häuser nicht zu verlassen. Fenster un… [+1190 chars]",,de,'Waldbrände'
https://www.zeit.de/gesellschaft/zeitgeschehen/2026-07/waldbrand-katalonien-costa-brava-feuerwehr-tourismus,https://www.zeit.de/gesellschaft/zeitgeschehen/2026-07/waldbrand-katalonien-costa-brava-feuerwehr-tourismus,0,www.zeit.de,Waldbrand in Katalonien: Mehr als 45.000 Spanier sollen wegen Waldbrand zu Hause bleiben,"Einsatzkräfte bekämpfen einen Waldbrand im Nordosten Spaniens und fordern Unterstützung. Bewohner von zehn Gemeinden wurden aufgerufen, ihre Häuser nicht zu verlassen.",https://img.zeit.de/gesellschaft/zeitgeschehen/2026-07/waldbrand-katalonien-costa-brava-feuerwehr-tourismus-foto-1/wide__1300x731,2026-07-03T18:24:25Z,,Mehr als 200 Feuerwehrleute haben nach Angaben der Behörden in Spanien einen sich ausbreitenden Waldbrand in der Nähe des beliebten Touristenziels Costa Brava am Mittelmeer bekämpft. Die Behörden hab… [+1611 chars],,de,'Waldbrand Unterstützung'
https://www.welt.de/videos/video6a489996ad32e994f875ae3b/frankreich-waldbraende-wueten-im-sueden.html,https://www.welt.de/videos/video6a489996ad32e994f875ae3b/frankreich-waldbraende-wueten-im-sueden.html,0,www.welt.de,Waldbrände wüten im Süden,Im Süden Frankreichs bekämpfen Feuerwehr und Einsatzkräfte mit Löschfahrzeugen die massiven Waldbrände in der Region.,https://images.welt.de/6a489996ad32e994f875ae3b/2887538ba86baf0249036daa0ce75c62/ci16x9-w1200/dpa-com-260702-99-940286-jpg,2026-07-04T06:15:38Z,,Die WELT als ePaper: Die vollständige Ausgabe steht Ihnen bereits am Vorabend zur Verfügung so sind Sie immer hochaktuell informiert. Weitere Informationen https://epaper.welt.de,,de,'Waldbrände'
https://www.bild.de/news/ausland/riesige-rauchwolken-an-costa-brava-waldbraende-bedrohen-beliebten-ferienort-6a48c3c7ac7d8b8d5a1696da,https://www.bild.de/news/ausland/riesige-rauchwolken-an-costa-brava-waldbraende-bedrohen-beliebten-ferienort-6a48c3c7ac7d8b8d5a1696da,0,www.bild.de,Nahe der Costa Brava - Feuer walzt auf beliebte Ferienregion zu,Flammen-Alarm in Katalonien! Nur rund 20 Kilometer von der Costa Brava entfernt wütet ein gewaltiger Waldbrand.,"https://images.bild.de/6a48c3c7ac7d8b8d5a1696da/4214370d0cd5606e4261d777fa8d7854,afa9fb0c?w=1280",2026-07-04T09:30:32Z,,"Mehr zum Video anzeigen 
Flammen-Alarm in Katalonien! Nur rund 20 Kilometer von der Costa Brava entfernt wütet ein gewaltiger Waldbrand.
Quelle: Bombers de Catalunya04.07.2026 - 11:30 Uhr",,de,'Waldbrand'
https://www.faz.net/aktuell/gesellschaft/ungluecke/waldbrand-costa-brava-trennschleifer-als-ausloeser-accg-200997798.html,https://www.faz.net/aktuell/gesellschaft/ungluecke/waldbrand-costa-brava-trennschleifer-als-ausloeser-accg-200997798.html,0,www.faz.net,Costa Brava: Trennschleifer hat womöglich großen Waldbrand ausgelöst,"In der spanischen Touristenregion Costa Brava wütet ein Waldbrand, den Feuerwehrleute bisher nur teilweise unter Kontrolle bringen konnten. Die Hilfe des Militärs wurde angefordert. Auch Portugal ist alarmiert.",https://media0.faz.net/image/w1200h627/c21e4f3539f4/w3543h1851x0y440o/202607/43601.0.2294257830/spanien-la-bisbal-d-empord.webp,2026-07-04T10:40:34Z,,Feuerwehrleute haben einen Waldbrand nahe der spanischen Touristenregion Costa Brava zumindest teilweise unter Kontrolle gebracht. Bis Samstagmorgen vernichteten die Flammen etwa 2200 Hektar Vegetati… [+3088 chars],,de,'Waldbrand'
https://orf.at/stories/3435282/,https://orf.at/stories/3435282/,0,orf.at,Waldbrand nahe Costa Brava weitgehend unter Kontrolle,,https://orf.at/mojo/1_4_1/storyserver//news/common/images/og-fallback-news.png,2026-07-04T18:54:10Z,,"Feuerwehrleute haben einen Waldbrand nahe der spanischen Touristenregion Costa Brava teilweise unter Kontrolle gebracht. Bisher vernichteten die Flammen etwa 2.200 Hektar Vegetation, wie die katalani… [+469 chars]",,de,'Waldbrand'
https://www.zeit.de/gesellschaft/zeitgeschehen/2026-07/waldbrand-katalonien-costa-brava-feuerwehr,https://www.zeit.de/gesellschaft/zeitgeschehen/2026-07/waldbrand-katalonien-costa-brava-feuerwehr,0,www.zeit.de,Waldbrand in Katalonien: Waldbrand nahe Costa Brava ist weitgehend unter Kontrolle,Einsatzkräfte haben die Feuer in der Nähe der Costa Brava weitgehend eingedämmt. Das Feuer hat bisher 2.200 Hektar Vegetation zerstört. Auch in Portugal brennt es.,https://img.zeit.de/gesellschaft/zeitgeschehen/2026-07/waldbrand-katalonien-costa-brava-feuerwehr-foto-1/wide__1300x731,2026-07-04T21:50:35Z,,Der Waldbrand nahe der spanischen Touristenregion Costa Brava ist von den Einsatzkräften teilweise unter Kontrolle gebracht worden. Bis Samstagmorgen vernichteten die Flammen etwa 2.200 Hektar Vegeta… [+1472 chars],,de,'Waldbrand Hektar'
https://www.tagesspiegel.de/gesellschaft/panorama/waldbrande-in-sudeuropa-feuer-an-franzosischer-mittelmeerkuste-breitet-sich-aus--bei-thessaloniki-brennen-fabriken-15801874.html,https://www.tagesspiegel.de/gesellschaft/panorama/waldbrande-in-sudeuropa-feuer-an-franzosischer-mittelmeerkuste-breitet-sich-aus--bei-thessaloniki-brennen-fabriken-15801874.html,0,www.tagesspiegel.de,Waldbrände in Südeuropa: Feuer an französischer Mittelmeerküste breitet sich aus – bei Thessaloniki brennen Fabriken,Mehr als 580 Feuerwehrleute kämpfen in den Pyrénées-Orientales gegen die Flammen. Auch Griechenland meldet einen Großbrand.,https://www.tagesspiegel.de/images/15801883/alternates/BASE_16_9_W1400/1783237439000/waldbrande-in-griechenland.jpeg,2026-07-05T07:53:45Z,,Nach dem Ausbruch eines neuen Waldbrands in Südfrankreich kämpfen Einsatzkräfte auf einer Fläche von 930 Hektar gegen die Flammen. Wie die Präfektur des Départements Pyrénées-Orientales am Sonntag mi… [+3762 chars],,de,'Waldbrände'
https://www.zeit.de/wissenschaft/umwelt/2026-07/waldbraende-suedfrankreich-nordgriechenland-perpignan-thessaloniki,https://www.zeit.de/wissenschaft/umwelt/2026-07/waldbraende-suedfrankreich-nordgriechenland-perpignan-thessaloniki,0,www.zeit.de,Waldbrände in Südeuropa: Neue Waldbrände in Südfrankreich und Nordgriechenland,In Südfrankreich sind erneut Feuer ausgebrochen. Hunderte Einsatzkräfte bekämpfen in teils schwer zugänglichem Gelände die Flammen. Auch in Griechenland brennen Wälder.,https://img.zeit.de/wissenschaft/umwelt/2026-07/waldbraende-suedfrankreich-nordgriechenland-perpignan-thessaloniki-bild/wide__1300x731,2026-07-05T08:12:25Z,,"In Südfrankreich ist ein weiterer Waldbrand ausgebrochen in einer Region, in der Einsatzkräfte bereits seit Tagen wegen Hitze und Trockenheit gegen mehrere Feuer kämpfen. Im Département Pyrénées-Orie… [+2506 chars]",,de,'Waldbrände'
https://www.welt.de/videos/video6a49f6c30b14ed961bb5259c/portugal-ruft-um-hilfe-schwere-waldbraende-in-suedeuropa-tausende-hektar-zerstoert.html,https://www.welt.de/videos/video6a49f6c30b14ed961bb5259c/portugal-ruft-um-hilfe-schwere-waldbraende-in-suedeuropa-tausende-hektar-zerstoert.html,0,www.welt.de,Schwere Waldbrände in Südeuropa – Tausende Hektar zerstört,"Schwere Waldbrände wüten in Südeuropa: In Portugal, Spanien und Griechenland kämpfen Einsatzkräfte gegen die Flammen. Tausende Hektar sind zerstört, zahlreiche Menschen mussten evakuiert werden. Starke Winde erschweren die Löscharbeiten.",https://images.welt.de/6a49f6c30b14ed961bb5259c/fdfd29864da812843de5fb8302c4dc46-master/ci16x9-w1200/dpa-com-260704-99-963377-jpg,2026-07-05T08:22:37Z,,"Schwere Waldbrände wüten in Südeuropa: In Portugal, Spanien und Griechenland kämpfen Einsatzkräfte gegen die Flammen. Tausende Hektar sind zerstört, zahlreiche Menschen mussten evakuiert werden. Star… [+97 chars]",,de,'Waldbrände'
https://orf.at/stories/3435302/,https://orf.at/stories/3435302/,0,orf.at,Neue Waldbrände in Südfrankreich und Griechenland,,https://orf.at/mojo/1_4_1/storyserver//news/common/images/og-fallback-news.png,2026-07-05T08:23:43Z,,Nach dem Ausbruch eines neuen Waldbrands in Südfrankreich kämpfen Einsatzkräfte auf einer Fläche von 930 Hektar gegen die Flammen. Wie die Präfektur des Departements Pyrenees-Orientales heute mitteil… [+1551 chars],,de,'Waldbrände'
https://www.faz.net/video/griechenland-feuerwehr-bekaempft-brand-nahe-thessaloniki-200999500.html,https://www.faz.net/video/griechenland-feuerwehr-bekaempft-brand-nahe-thessaloniki-200999500.html,0,www.faz.net,Griechenland: Feuerwehr bekämpft Brand nahe Thessaloniki,"Die Feuerwehr setzte Löschflugzeuge ein, um einen Waldbrand zu bekämpfen, der am Samstag ausgebrochen war. Menschen mussten ihre Häuser verlassen, Fabrikgebäude fielen den Flammen zum Opfer.",https://media0.faz.net/image/w1200h627/70514eb6adef/w3500h1828x0y252o/202607/43601.0.2300483316/dpa.webp,2026-07-05T11:48:23Z,,"Externe Inhalte aktivieren 
Die Feuerwehr setzte Löschflugzeuge ein, um einen Waldbrand zu bekämpfen, der am Samstag ausgebrochen war. Menschen mussten ihre Häuser verlassen, Fabrikgebäude fielen de… [+19 chars]",,de,'Waldbrand Feuerwehr'
https://www.faz.net/aktuell/gesellschaft/waldbraende-thessaloniki-151-patienten-evakuiert-accg-200999896.html,https://www.faz.net/aktuell/gesellschaft/waldbraende-thessaloniki-151-patienten-evakuiert-accg-200999896.html,0,www.faz.net,Brand in Griechenland: Patienten nahe Thessaloniki in Sicherheit gebracht,In Griechenland ist das Waldbrandrisiko wieder sehr hoch. Allein am Wochenende brachen Dutzende Feuer aus. In der zweitgrößten Stadt des Landes mussten die ersten Einwohner ihre Häuser verlassen.,https://media0.faz.net/image/w1200h627/c5c5721fefaf/w3425h1789x0y425o/202607/43601.0.2300992077/dichter-rauch-steigt-waehrend.webp,2026-07-05T14:37:31Z,,In Griechenland haben Feuerwehrleute am Sonntag weiter gegen Brände rund um zwei Fabriken in der Nähe der Großstadt Thessaloniki gekämpft. Dichter schwarzer Rauch aus einer Recyclinganlage und einer … [+1502 chars],,de,'Waldbrand Häuser'
https://www.tagesspiegel.de/sport/sudfrankreich-waldbrande-bedrohen-nachste-tour-etappe-15803466.html,https://www.tagesspiegel.de/sport/sudfrankreich-waldbrande-bedrohen-nachste-tour-etappe-15803466.html,0,www.tagesspiegel.de,Südfrankreich: Waldbrände bedrohen nächste Tour-Etappe,"Ob die dritte Etappe der Tour de France stattfinden kann, ist wegen heftiger Waldbrände in Südfrankreich unklar. Die Entscheidung fällt laut Behörden bis zum Abend.",https://www.tagesspiegel.de/images/15803465/alternates/BASE_16_9_W1400/1783264333000/waldbrande-in-sudfrankreich.jpeg,2026-07-05T15:12:13Z,,"Waldbrände in Südfrankreich bedrohen die dritte Etappe der Tour de France. Bis zum Abend werde entschieden, ob die Etappe wie geplant stattfinden kann, sagte der Präfekt des Departements Pyrénées-Ori… [+1006 chars]",,de,'Waldbrände'
https://www.tagesspiegel.de/sport/radsport-nachste-tour-etappe-wegen-waldbranden-ohne-zuschauer-15803466.html,https://www.tagesspiegel.de/sport/radsport-nachste-tour-etappe-wegen-waldbranden-ohne-zuschauer-15803466.html,0,www.tagesspiegel.de,Radsport: Nächste Tour-Etappe wegen Waldbränden ohne Zuschauer,"Heftige Walbrände im Süden Frankreichs zwingen auch die Tour-Organisatoren zum Handeln. Die dritte Etappe wird nicht abgesagt, aber die Zuschauer sollen zu Hause bleiben.",https://www.tagesspiegel.de/images/15803848/alternates/BASE_16_9_W1400/1783272726000/waldbrande-in-sudfrankreich.jpeg,2026-07-05T15:12:13Z,,"Die dritte Etappe der Tour de France soll wegen Waldbränden auf dem französischen Teil ohne Zuschauer stattfinden. Wir bitten die Öffentlichkeit, sich weder in der Nähe der Rennstrecke noch am Zielor… [+1896 chars]",,de,'Waldbrände'
https://www.tagesschau.de/ausland/europa/waldbraende-suedeuropa-griechenland-100.html,https://www.tagesschau.de/ausland/europa/waldbraende-suedeuropa-griechenland-100.html,0,www.tagesschau.de,In mehreren südeuropäischen Ländern breiten sich Waldbrände aus,"In mehreren südeuropäischen Ländern haben sich Waldbrände weiter ausgebreitet. Nahe dem griechischen Thessaloniki brannte eine Recyclingfabrik, in den französischen Pyrenäen sollten Anwohner ihre Häuser verlassen.",https://images.tagesschau.de/image/7c2ec2fd-b665-4b45-a91c-2b5c024e8677/AAABnzK22lc/AAABnSSvrFg/16x9-big/feuer-552.jpg?width=1280,2026-07-05T15:15:20Z,,"Stand: 05.07.2026 17:15 Uhr
In mehreren südeuropäischen Ländern haben sich Waldbrände weiter ausgebreitet. Nahe dem griechischen Thessaloniki brannte eine Recyclingfabrik, in den französischen Pyren… [+1801 chars]",,de,'Waldbrände'
https://www.focus.de/sport/radsport/schwere-waldbraende-3-etappe-bei-tour-de-france-in-gefahr_822d092e-08a6-40a5-96fe-0d14b4816151.html,https://www.focus.de/sport/radsport/schwere-waldbraende-3-etappe-bei-tour-de-france-in-gefahr_822d092e-08a6-40a5-96fe-0d14b4816151.html,0,www.focus.de,Schwere Waldbrände: 3. Etappe bei Tour de France in Gefahr,"Waldbrände in Südfrankreich bedrohen die dritte Etappe der Tour de France. Bis zum Abend wird entschieden, ob die Etappe wie geplant stattfinden kann.","https://quadro.burda-forward.de/ctf/a4e30dc2-74f4-4486-bdaf-a41bfefcfb6b.33095263-1328-4886-922f-a8f30ff63fdc.jpeg?im=RegionOfInterestCrop=(1200,630),regionOfInterest=(978,830)&hash=149dcf9389959c5e0d5e8900a36bbb516ef722b882021b8252728205a91c57ee",2026-07-05T15:16:00Z,,"Das sagte der Präfekt des Departements Pyrénées-Orientales, Pierre Regnault de la Mothe, bei einer Pressekonferenz, wie die Zeitung Le Parisien berichtete.
Der derzeit im Departement wütende Brand b… [+777 chars]",,de,'Waldbrände'
https://www.zeit.de/gesellschaft/zeitgeschehen/2026-07/waldbrand-pyrenees-orientales-tour-de-france-etappe,https://www.zeit.de/gesellschaft/zeitgeschehen/2026-07/waldbrand-pyrenees-orientales-tour-de-france-etappe,0,www.zeit.de,Waldbrände in Europa : Tour-de-France-Etappe muss wegen Waldbrand ohne Publikum stattfinden,"In Frankreich, Portugal und Griechenland brennen Wälder. Die dritte Etappe der Tour de France wird deswegen verändert und ohne Publikum stattfinden müssen.",https://img.zeit.de/gesellschaft/zeitgeschehen/2026-07/waldbrand-pyrenees-orientales-tour-de-france-etappe-foto-1/wide__1300x731,2026-07-05T17:09:54Z,,"In Europa breiten sich mehrere Waldbrände aus. In Südfrankreich hat das Auswirkungen auf die dritte Etappe der Tour de France. Betroffen ist das Departement Pyrénées-Orientales, wo an diesem Montag i… [+3293 chars]",,de,'Waldbrand'
https://sport.orf.at/stories/3159453/,https://sport.orf.at/stories/3159453/,0,sport.orf.at,Waldbrände in Frankreich gefährden dritte Etappe,,https://sport.orf.at/mojo/1_4_1/storyserver//news/common/images/og-fallback-sport.png,2026-07-05T17:31:25Z,,"Waldbrände in Südfankreich bedrohen die dritte Etappe der Tour de France am Montag. Noch heute Abend werde entschieden, ob die Etappe wie geplant stattfinden kann, sagte der Präfekt des Departements … [+366 chars]",,de,'Waldbrände'
https://www.zeit.de/news/2026-07/05/waldbrand-in-suedfrankreich-5-000-menschen-evakuiert,https://www.zeit.de/news/2026-07/05/waldbrand-in-suedfrankreich-5-000-menschen-evakuiert,0,www.zeit.de,Schwieriger Kampf gegen Feuer: Waldbrand in Südfrankreich: 5.000 Menschen evakuiert,Hier finden Sie Informationen zu dem Thema „Schwieriger Kampf gegen Feuer“. Lesen Sie jetzt „Waldbrand in Südfrankreich: 5.000 Menschen evakuiert“.,https://img.zeit.de/news/2026-07/05/waldbrand-in-suedfrankreich-5-000-menschen-evakuiert-image-group/wide__1300x731,2026-07-05T17:35:05Z,,Zum Start einer erneuten Hitzewelle in Frankreich spitzt sich die Waldbrandgefahr im Süden des Landes zu. Die Präfektur des Departements Pyrénées-Orientales kündigte am Abend die Evakuierung von 5.00… [+1589 chars],,de,'Waldbrand'
https://www.tagesspiegel.de/gesellschaft/panorama/schwieriger-kampf-gegen-feuer-waldbrand-in-sudfrankreich-5000-menschen-evakuiert-15803869.html,https://www.tagesspiegel.de/gesellschaft/panorama/schwieriger-kampf-gegen-feuer-waldbrand-in-sudfrankreich-5000-menschen-evakuiert-15803869.html,0,www.tagesspiegel.de,Schwieriger Kampf gegen Feuer: Waldbrand in Südfrankreich: 5.000 Menschen evakuiert,"In Südfrankreich verschärfen Hitzewelle und Dürre die Waldbrandgefahr. 1.650 Hektar sind betroffen, 5.000 Menschen werden evakuiert.",https://www.tagesspiegel.de/images/15803868/alternates/BASE_16_9_W1400/1783272959000/waldbrande-in-sudfrankreich.jpeg,2026-07-05T17:35:59Z,,Zum Start einer erneuten Hitzewelle in Frankreich spitzt sich die Waldbrandgefahr im Süden des Landes zu. Die Präfektur des Departements Pyrénées-Orientales kündigte am Abend die Evakuierung von 5.00… [+1641 chars],,de,'Waldbrand Hitze'
https://www.tagesspiegel.de/gesellschaft/panorama/auch-tour-de-france-betroffen-5000-menschen-in-sudfrankreich-wegen-waldbranden-evakuiert-15803895.html,https://www.tagesspiegel.de/gesellschaft/panorama/auch-tour-de-france-betroffen-5000-menschen-in-sudfrankreich-wegen-waldbranden-evakuiert-15803895.html,0,www.tagesspiegel.de,Auch Tour de France betroffen: 5000 Menschen in Südfrankreich wegen Waldbränden evakuiert,Frankreich erwartet eine neue Hitzewelle. Anhaltende Dürre steigert bereits die Waldbrandgefahr. In mehreren Regionen herrscht Alarmstufe Rot.,https://www.tagesspiegel.de/images/15803898/alternates/BASE_16_9_W1400/1783274470000/firefighters-battle-huge-fire-near-montalba-le-chateau-trevillach.jpeg,2026-07-05T18:05:09Z,,Zum Start einer erneuten Hitzewelle in Frankreich spitzt sich die Waldbrandgefahr im Süden des Landes zu. Die Präfektur des Departements Pyrénées-Orientales kündigte am Abend die Evakuierung von 5000… [+1872 chars],,de,'Waldbrand Feuerwehr'
https://www.tagesspiegel.de/gesellschaft/panorama/auch-tour-de-france-betroffen-10000-bewohner-mussen-wegen-waldbranden-hauser-verlassen-15803895.html,https://www.tagesspiegel.de/gesellschaft/panorama/auch-tour-de-france-betroffen-10000-bewohner-mussen-wegen-waldbranden-hauser-verlassen-15803895.html,0,www.tagesspiegel.de,Auch Tour de France betroffen: 10.000 Bewohner müssen wegen Waldbränden Häuser verlassen,"Ein Waldbrand in den Pyrenäen hat seit Samstag rund 4600 Hektar Vegetation vernichtet. Die dritte Etappe der Tour de France findet am Montag zwar statt, allerdings ohne Zuschauer auf französischer Seite.",https://www.tagesspiegel.de/images/15805812/alternates/BASE_16_9_W1400/1783331181000/france-fire.jpeg,2026-07-05T18:05:09Z,,"Hunderte Feuerwehrleute haben am Montag in Südfrankreich weiter gegen einen Wandbrand in den Pyrenäen angekämpft. Seit Samstag vernichteten die Flammen rund 4600 Hektar Vegetation, wie die Präfektur … [+2248 chars]",,de,'Waldbrände'
https://www.welt.de/sport/article6a4a9dc30b14ed961bb52fb7/waldbrand-in-den-pyrenaeen-3-etappe-der-tour-de-france-ohne-zuschauer.html,https://www.welt.de/sport/article6a4a9dc30b14ed961bb52fb7/waldbrand-in-den-pyrenaeen-3-etappe-der-tour-de-france-ohne-zuschauer.html,0,www.welt.de,Nächste Etappe der Tour de France muss ohne Zuschauer stattfinden,"Am Montag geht es auf der dritten Etappe der Tour de France von Spanien nach Frankreich. Ab der Grenze sind jedoch keine Zuschauer mehr erlaubt. Grund ist ein Waldbrand, der sich in den Pyrenäen immer weiter ausbreitet und auch den Zielort bedroht.",https://images.welt.de/6a4a9dc30b14ed961bb52fb7/399ba895476fd9f7c35033164ddf116a-master/ci16x9-w1200/2026-07-05t180706z-623063906-up1em7515ihkv-rtrmadp-3-cycling-france-jpg,2026-07-06T00:36:04Z,,"Am Montag geht es auf der dritten Etappe der Tour de France von Spanien nach Frankreich. Ab der Grenze sind jedoch keine Zuschauer mehr erlaubt. Grund ist ein Waldbrand, der sich in den Pyrenäen imme… [+2060 chars]",,de,'Waldbrand'
https://www.zeit.de/news/2026-07/06/tour-wie-waldbraende-und-hitze-fahrer-und-fans-belasten,https://www.zeit.de/news/2026-07/06/tour-wie-waldbraende-und-hitze-fahrer-und-fans-belasten,0,www.zeit.de,Radsport und Klima: Tour: Wie Waldbrände und Hitze Fahrer und Fans belasten,Hier finden Sie Informationen zu dem Thema „Radsport und Klima“. Lesen Sie jetzt „Tour: Wie Waldbrände und Hitze Fahrer und Fans belasten“.,https://img.zeit.de/news/2026-07/06/tour-wie-waldbraende-und-hitze-fahrer-und-fans-belasten-image-group/wide__1300x731,2026-07-06T04:18:04Z,,Bei der ersten Pyrenäen-Etappe der Tour de France sollen die Fans in Frankreich wegen der heftigen Walbrände zu Hause bleiben. In den kommenden Tagen könnte die extreme Hitze im Süden des Landes zu w… [+3837 chars],,de,'Waldbrände'
https://www.tagesspiegel.de/sport/radsport-und-klima-tour-wie-waldbrande-und-hitze-fahrer-und-fans-belasten-15804114.html,https://www.tagesspiegel.de/sport/radsport-und-klima-tour-wie-waldbrande-und-hitze-fahrer-und-fans-belasten-15804114.html,0,www.tagesspiegel.de,Radsport und Klima: Tour: Wie Waldbrände und Hitze Fahrer und Fans belasten,Feuer und die nächste Hitzewelle: Das extreme Klima hat große Auswirkungen auf die Tour. Veranstalter und Fahrer müssen reagieren.,https://www.tagesspiegel.de/images/15804113/alternates/BASE_16_9_W1400/1783311557000/waldbrande-in-sudfrankreich.jpeg,2026-07-06T04:19:17Z,,Bei der ersten Pyrenäen-Etappe der Tour de France sollen die Fans in Frankreich wegen der heftigen Walbrände zu Hause bleiben. In den kommenden Tagen könnte die extreme Hitze im Süden des Landes zu w… [+3880 chars],,de,'Waldbrände'
https://www.morgenpost.de/panorama/article412493598/waldbrand-in-suedfrankreich-5000-menschen-evakuiert-tour-de-france-betroffen.html,https://www.morgenpost.de/panorama/article412493598/waldbrand-in-suedfrankreich-5000-menschen-evakuiert-tour-de-france-betroffen.html,0,www.morgenpost.de,Waldbrand in Südfrankreich: 5000 Menschen evakuiert – Tour de France betroffen,Die Waldbrände in Frankreich dauern an. Die dritte Etappe der Tour de France muss angepasst werden. Sie findet u.a. ohne Zuschauer statt.,https://img.sparknews.funkemedien.de/412493629/412493629_1783314134_v16_9_1600.jpeg,2026-07-06T05:02:14Z,,Zum Start einer erneuten Hitzewelle in Frankreich spitzt sich die Waldbrandgefahr im Süden des Landes zu. Die Präfektur des Departements Pyrénées-Orientales kündigte am Sonntagabend die Evakuierung v… [+1663 chars],,de,'Waldbrände'
https://www.bild.de/news/wetter/ueberall-feuer-urlaubsregionen-in-europa-brennen-6a4b4aac0b14ed961bb53694,https://www.bild.de/news/wetter/ueberall-feuer-urlaubsregionen-in-europa-brennen-6a4b4aac0b14ed961bb53694,0,www.bild.de,Überall Feuer - Urlaubsregionen in Europa brennen,"Waldbrände wüten derzeit in mehreren Regionen der Welt, angeheizt durch Hitzewellen, Trockenheit und starken Wind. Tausende Feuerwehrleute sind im Einsatz.","https://images.bild.de/6a4b4aac0b14ed961bb53694/fb44fb9437168626b410ec28cc3b3f84,c0f98862?w=1280",2026-07-06T07:43:42Z,,"+++Schüsse in Offenburg Großeinsatz! Ein Mann tot, Frau schwer verletzt 
+++Schüsse in Offenburg Großeinsatz! Ein Mann tot, Frau schwer verletzt 
+++Schüsse in Offenburg Großeinsatz! Ein Mann tot, … [+537 chars]",,de,'Waldbrände'
https://www.faz.net/aktuell/sport/tour-de-france/tour-de-france-2026-hitze-und-waldbraende-gefaehrden-radrennen-accg-201000273.html,https://www.faz.net/aktuell/sport/tour-de-france/tour-de-france-2026-hitze-und-waldbraende-gefaehrden-radrennen-accg-201000273.html,0,www.faz.net,Waldbrände und Strapazen: Wie die Tour de France mit der Hitze kämpft,Die Hitzewelle im Süden stellt das größte Radrennen der Welt vor einige Probleme. Waldbrände gefährden die Streckenführung. Den Fahrern steht eine Tortur bevor. Drohen nun sogar Etappenabsagen?,https://media0.faz.net/image/w1200h627/47a77ae7044c/w4312h2253x0y454o/202607/43601.0.2301885278/die-hitze-macht-den-fahrer-zu.webp,2026-07-06T07:59:08Z,,"Überall herrscht Chaos. Menschen laufen wild durcheinander auf dem Stadtberg von Barcelona, wo gerade die zweite Etappe der Tour de France zu Ende gegangen ist. Teamfahrzeuge versuchen sich durchzusc… [+144 chars]",,de,'Waldbrände'
https://www.sueddeutsche.de/panorama/waldbraende-suedfrankreich-tour-de-france-griechenland-portugal-spanien-li.3511015,https://www.sueddeutsche.de/panorama/waldbraende-suedfrankreich-tour-de-france-griechenland-portugal-spanien-li.3511015,0,www.sueddeutsche.de,Waldbrände in Südeuropa: 5000 Menschen in Südfrankreich evakuiert – Tour de France betroffen,"Hitzewelle und Dürre verschärfen die Waldbrandgefahr in Südfrankreich, auch andere Regionen kämpfen gegen Feuer. Bei der ersten Pyrenäen-Etappe der Tour de France sollen die Fans zu Hause bleiben.",https://www.sueddeutsche.de/2026/07/06/1c8538f7-71f2-4fb5-b904-8845a4c5298e.jpg?q=60&fm=webp&width=1200&rect=0%2C191%2C3678%2C2069,2026-07-06T08:36:39Z,,"Der ausufernde Brand führte auch zu einer Anpassung der dritten Etappe der Tour de France, die am Montag durch die betroffene Region führt und nun ohne Zuschauer und Werbekarawane unterwegs sein wird… [+1476 chars]",,de,'Waldbrände'
https://www.faz.net/aktuell/gesellschaft/ungluecke/waldbrand-bei-perpignan-5000-hektar-verwuestet-accg-201001187.html,https://www.faz.net/aktuell/gesellschaft/ungluecke/waldbrand-bei-perpignan-5000-hektar-verwuestet-accg-201001187.html,0,www.faz.net,Südfrankreich: 10.000 Einwohner fliehen vor den Flammen,Der Waldbrand ist „nicht unter Kontrolle“: Tausende Einwohner müssen in Frankreich nahe Perpignan ihre Häuser verlassen. Sogar ein Löschwagen wurde von den Flammen erfasst.,https://media0.faz.net/image/w1200h627/a6dbae964689/w6000h3135x0y433o/202607/43601.0.2304232635/qualmwolken-eines-waldbrandes.webp,2026-07-06T10:04:12Z,,"Während eine neue Hitzewelle den Süden Frankreichs erreicht hat, kämpfen Feuerwehrleute in der Nähe von Perpignan verzweifelt gegen sich ausbreitende Waldbrände. Die Lage ist sehr beunruhigend, sagte… [+1756 chars]",,de,'Waldbrand Häuser'
https://www.tagesschau.de/ausland/europa/waldbraende-suedeuropa-122.html,https://www.tagesschau.de/ausland/europa/waldbraende-suedeuropa-122.html,0,www.tagesschau.de,10.000 Menschen in Südfrankreich nach Waldbränden evakuiert,"Im Süden Europas kämpfen Einsatzkräfte gegen Waldbrände. Besonders angespannt ist die Lage in Südfrankreich: Tausende Menschen wurden in Sicherheit gebracht. Auch Griechenland, Spanien und Portugal sind betroffen.",https://images.tagesschau.de/image/893f848b-f17b-46ae-a126-262f9b498ef7/AAABnzbwG3I/AAABnSSvrFg/16x9-big/frankreich-braende-104.jpg?width=1280,2026-07-06T10:18:53Z,,"Stand: 06.07.2026 12:18 Uhr
Im Süden Europas kämpfen Einsatzkräfte gegen Waldbrände. Besonders angespannt ist die Lage in Südfrankreich: Tausende Menschen wurden in Sicherheit gebracht. Auch Grieche… [+3523 chars]",,de,'Waldbrände'
https://www.spektrum.de/news/waldbraende-tausende-menschen-fliehen-vor-flammen-in-suedfrankreich/2332895,https://www.spektrum.de/news/waldbraende-tausende-menschen-fliehen-vor-flammen-in-suedfrankreich/2332895,0,www.spektrum.de,Waldbrände in Europa: Tausende Menschen fliehen vor Flammen in Südfrankreich,Wegen eines Flächenbrands nahe Perpignan wurden Tausende Menschen evakuiert. Brände in Portugal und Spanien sind unter Kontrolle. In Süddeutschland herrscht hohe Waldbrandgefahr.,https://static.spektrum.de/fm/912/f1920x1080/605018270_pa.jpg,2026-07-06T11:00:00Z,,"Wegen eines weiter um sich greifenden Naturbrands in Südfrankreich sind 10 000 Menschen evakuiert worden. Betroffen sind 26 Ortschaften in einem Gebirgsmassiv westlich von Perpignan, wo die Flammen s… [+1053 chars]",,de,'Waldbrände'
https://orf.at/stories/3435397/,https://orf.at/stories/3435397/,0,orf.at,Neue Hitzewelle trifft Frankreich mit Wucht,"Begleitet von heftigen Waldbränden hat eine neue Hitzewelle innerhalb kurzer Zeit den Süden Frankreichs erfasst. Tausende Menschen brachten sich in Sicherheit. Betroffen ist auch die Tour de France, die sich am Montag zu Anpassungen im Rennablauf gezwungen sa…",https://ibs.orf.at/news?image=https%3A%2F%2Fassets.orf.at%2Fmims%2F2026%2F28%2F74%2Fcrops%2Fw%3D1200%2Ch%3D630%2Cq%3D75%2F3103162_master_1201874_frankreich_waldbrand_tour_3_im.jpg%3Fs%3Da516c4ad8a77bbae87fb189705a5c5f41cfdf037,2026-07-06T18:55:11Z,,"Hunderte Feuerwehrleute kämpften auch am Montag in Südfrankreich gegen den Wandbrand in den Pyrenäen. Seit Samstag vernichteten die Flammen rund 4.600 Hektar Vegetation, wie der Präfekt des Departeme… [+5156 chars]",,de,'Waldbrände'
https://www.zeit.de/news/2026-07/06/waldbrand-in-wahner-heide-bei-koeln-ausgebrochen,https://www.zeit.de/news/2026-07/06/waldbrand-in-wahner-heide-bei-koeln-ausgebrochen,0,www.zeit.de,Feuerwehr im Einsatz: Waldbrand in Wahner Heide bei Köln ausgebrochen,Hier finden Sie Informationen zu dem Thema „Feuerwehr im Einsatz“. Lesen Sie jetzt „Waldbrand in Wahner Heide bei Köln ausgebrochen“.,https://img.zeit.de/news/2026-07/06/waldbrand-in-wahner-heide-bei-koeln-ausgebrochen-image-group/wide__1300x731,2026-07-06T19:19:39Z,,"In der Wahner Heide östlich von Köln ist ein Waldbrand ausgebrochen. Seit dem Abend brennen dort 200 Quadratmeter Waldfläche, wie die Feuerwehr Rösrath auf Instagram mitteilte. «Der Einsatz erschwert… [+710 chars]",,de,'Waldbrand Feuerwehr'
https://www.nzz.ch/wissenschaft/duerre-in-der-schweiz-die-trockenheit-verschaerft-sich-weiter-ld.10014295,https://www.nzz.ch/wissenschaft/duerre-in-der-schweiz-die-trockenheit-verschaerft-sich-weiter-ld.10014295,0,www.nzz.ch,Dürre in der Schweiz: Die Trockenheit verschärft sich weiter,"Die Gewitter in der vergangenen Woche haben nur kurzfristig für Entspannung gesorgt. Zunehmend mangelt es Böden, Gewässern und Grundwasservorkommen an Wasser. Die Waldbrandgefahr steigt. Eine Momentaufnahme.","https://img-msp-prod.nzz.ch/2026/07/06/2bcf3ddc-18fc-46bb-b7c6-753f717a14b7.jpg?width=1200&height=674&fit=bounds&quality=75&auto=webp&crop=4091,2301,x201,y379&wmark=nzz",2026-07-07T03:30:00Z,,"Die Gewitter in der vergangenen Woche haben nur kurzfristig für Entspannung gesorgt. Zunehmend mangelt es Böden, Gewässern und Grundwasservorkommen an Wasser. Die Waldbrandgefahr steigt. Eine Momenta… [+4589 chars]",,de,'Waldbrand trocken'
https://www.zeit.de/news/2026-07/07/feuerwehr-kaempft-weiter-gegen-waldbrand,https://www.zeit.de/news/2026-07/07/feuerwehr-kaempft-weiter-gegen-waldbrand,0,www.zeit.de,Östlich von Köln: Feuerwehr kämpft weiter gegen Waldbrand,Hier finden Sie Informationen zu dem Thema „Östlich von Köln“. Lesen Sie jetzt „Feuerwehr kämpft weiter gegen Waldbrand“.,https://img.zeit.de/news/2026-07/07/feuerwehr-kaempft-weiter-gegen-waldbrand-image-group/wide__1300x731,2026-07-07T05:41:47Z,,Nach einer Unterbrechung der Löscharbeiten in der Nacht geht der Einsatz der Feuerwehr bei einem Waldbrand in der Wahner Heide östlich von Köln weiter. Wie ein Sprecher der Feuerwehr Rösrath mitteilt… [+2035 chars],,de,'Waldbrand'
https://www.tagesspiegel.de/gesellschaft/panorama/schwerer-waldbrand-in-den-pyrenaen-12000-menschen-werden-in-sicherheit-gebracht-15810782.html,https://www.tagesspiegel.de/gesellschaft/panorama/schwerer-waldbrand-in-den-pyrenaen-12000-menschen-werden-in-sicherheit-gebracht-15810782.html,0,www.tagesspiegel.de,Schwerer Waldbrand in den Pyrenäen: 12.000 Menschen werden in Sicherheit gebracht,"Die Einsatzkräfte legen Gegenfeuer, um den Brand einzudämmen. Neben dem Terrain erschwert die aktuelle Hitzewelle die Löscharbeiten.",https://www.tagesspiegel.de/images/15810820/alternates/BASE_16_9_W1400/1783416262000/firefighters-battle-huge-fire-near-montalba-le-chateau-trevillach.jpeg,2026-07-07T09:50:43Z,,"Wegen desschweren Waldbrands in den Pyrenäen sind mittlerweile 12.000 Menschen in Sicherheit gebracht worden. Bewohner aus etwa 20 Gemeinden seien betroffen, teilte der Präfekt des südfranzösischen D… [+2202 chars]",,de,'Waldbrand Feuerwehr'
https://www.bild.de/news/ausland/waldbraende-in-suedeuropa-flammen-bedrohen-ganze-doerfer-6a4ccd740b26a0c278d40abb,https://www.bild.de/news/ausland/waldbraende-in-suedeuropa-flammen-bedrohen-ganze-doerfer-6a4ccd740b26a0c278d40abb,0,www.bild.de,Waldbrände in Südeuropa - Flammen bedrohen ganze Dörfer,"In Frankreich, Portugal, Spanien und Griechenland wüten verheerende Waldbrände. Tausende Menschen müssen fliehen.","https://images.bild.de/6a4ccd740b26a0c278d40abb/2a6e50d23880d7b4f52f19c05f4d4192,f02579bb?w=1280",2026-07-07T11:21:57Z,,"Mehr zum Video anzeigen 
In Frankreich, Portugal, Spanien und Griechenland wüten verheerende Waldbrände. Tausende Menschen müssen fliehen.
Quelle: Reuters07.07.2026 - 13:21 Uhr",,de,'Waldbrände'
https://www.n-tv.de/ratgeber/Waldbrand-am-Urlaubsort-Diese-Rechte-hat-man-id31057002.html,https://www.n-tv.de/ratgeber/Waldbrand-am-Urlaubsort-Diese-Rechte-hat-man-id31057002.html,0,www.n-tv.de,Reisen in Gefahr: Waldbrand am Urlaubsort: Diese Rechte hat man,"Wenn in der Nähe Flammen lodern und Rauchgeruch in der Luft hängt, ist an Erholung nicht zu denken. Was müssen Urlauber wissen angesichts sich ausbreitender Waldbrände in südeuropäischen Ländern?",https://www.n-tv.de/img/4487098/1751548081/Img_16_9/1200/Ein-Feuer-brennt-in-der-Gegend-von-Ahlia-in-der-Naehe-der-Hafenstadt-Ierapetra-an-der-Suedkueste-der-Insel-Kreta-was-laut-Behoerden-die-Evakuierung-von-Doerfern-und-Hotels-in-der-Region-zur-Folge-hat.jpg,2026-07-07T11:41:18Z,,"Rauch am Himmel statt Urlaubsidylle: Bei Pauschalreisen kann es je nach Beeinträchtigung Geld zurückgeben. (Foto: picture alliance/dpa)
Wenn in der Nähe Flammen lodern und Rauchgeruch in der Luft hä… [+4284 chars]",,de,'Waldbrände'
https://www.zeit.de/news/2026-07/07/waldbrand-im-saale-orla-kreis-a9-teilstueck-gesperrt,https://www.zeit.de/news/2026-07/07/waldbrand-im-saale-orla-kreis-a9-teilstueck-gesperrt,0,www.zeit.de,Einsatz: Waldbrand im Saale-Orla-Kreis - A9-Teilstück gesperrt,Hier finden Sie Informationen zu dem Thema „Einsatz“. Lesen Sie jetzt „Waldbrand im Saale-Orla-Kreis - A9-Teilstück gesperrt“.,https://img.zeit.de/news/2026-07/07/waldbrand-im-saale-orla-kreis-a9-teilstueck-gesperrt-image-group/wide__1300x731,2026-07-07T14:41:07Z,,"Im Saale-Orla-Kreis nahe der Autobahn 9 bekämpft die Feuerwehr einen Waldbrand. Ein Böschungsbrand habe sich in ein Waldstück hinein ausgebreitet, sagte ein Sprecher der Rettungsleitstelle Gera auf A… [+423 chars]",,de,'Waldbrand'
https://www.zeit.de/news/2026-07/08/waldbraende-geloescht-folgen-bald-die-naechsten,https://www.zeit.de/news/2026-07/08/waldbraende-geloescht-folgen-bald-die-naechsten,0,www.zeit.de,Feuer und Forsten: Waldbrände gelöscht: Folgen bald die nächsten?,Hier finden Sie Informationen zu dem Thema „Feuer und Forsten“. Lesen Sie jetzt „Waldbrände gelöscht: Folgen bald die nächsten?“.,https://img.zeit.de/news/2026-07/08/waldbraende-geloescht-folgen-bald-die-naechsten-image-group/wide__1300x731,2026-07-08T10:33:07Z,,Die Waldbrände im Saale-Orla-Kreis und im Landkreis Saalfeld-Rudolstadt sind nach Angaben der Rettungskräfte eingedämmt. Das am Dienstag ausgebrochene Feuer nahe der Autobahn 9 bei Bad Lobenstein ist… [+2378 chars],,de,'Waldbrand Feuerwehr'
https://www.zeit.de/news/2026-07/09/wie-die-feuerwehr-gegen-waldbraende-aufgestellt-ist,https://www.zeit.de/news/2026-07/09/wie-die-feuerwehr-gegen-waldbraende-aufgestellt-ist,0,www.zeit.de,Waldbrandgefahr: Wie die Feuerwehr gegen Waldbrände aufgestellt ist,Hier finden Sie Informationen zu dem Thema „Waldbrandgefahr“. Lesen Sie jetzt „Wie die Feuerwehr gegen Waldbrände aufgestellt ist“.,https://img.zeit.de/news/2026-07/09/wie-die-feuerwehr-gegen-waldbraende-aufgestellt-ist-image-group/wide__1300x731,2026-07-09T02:15:07Z,,"Extreme Trockenheit, ausgedörrte Wälder und ein Funke: Die Gefahr großer Waldbrände wächst auch in Baden-Württemberg. Die Feuerwehr bereitet sich gezielt auf Szenarien vor, die lange vor allem aus Sü… [+4854 chars]",,de,'Waldbrand'
https://www.n-tv.de/panorama/Mindestens-11-Tote-bei-Waldbrand-in-Spanien-id31069633.html,https://www.n-tv.de/panorama/Mindestens-11-Tote-bei-Waldbrand-in-Spanien-id31069633.html,0,www.n-tv.de,19 Menschen werden noch vermisst: Mindestens 11 Tote bei Waldbrand in Spanien,"Spanien, Portugal und Frankreich durchleben derzeit eine Hitzewelle, es lodern mehrere Waldbrände. In Andalusien fallen nun mehrere Menschen den Flammen zum Opfer, einige sterben in ihren Autos. Und die Tragödie könnte sich noch ausweiten.",https://www.n-tv.de/img/31069630/1783648851/Img_16_9/1200/Rauch-durchzieht-die-Luft-nahe-des-Gebirges-Sierra-de-la-Plata-Waldbraende-lassen-die-Einsatzkraefte-im-Sommer-in-Spanien-kaum-zur-Ruhe-kommen.jpg,2026-07-10T00:05:21Z,,"Spanien, Portugal und Frankreich durchleben derzeit eine Hitzewelle, es lodern mehrere Waldbrände. In Andalusien fallen nun mehrere Menschen den Flammen zum Opfer, einige sterben in ihren Autos. Und … [+1016 chars]",,de,'Waldbrand'
https://www.n-tv.de/panorama/Mehrere-Menschen-sterben-bei-Waldbrand-in-Spanien-id31069633.html,https://www.n-tv.de/panorama/Mehrere-Menschen-sterben-bei-Waldbrand-in-Spanien-id31069633.html,0,www.n-tv.de,Höchste Hitze-Alarmstufe: Mehrere Menschen sterben bei Waldbrand in Spanien,"Spanien, Portugal und Frankreich durchleben derzeit eine Hitzewelle, es lodern mehrere Waldbrände. In Andalusien können die Rettungskräfte einige Opfer nur noch leblos aus ihren Autos bergen.",https://www.n-tv.de/img/31069630/1783648851/Img_16_9/1200/Rauch-durchzieht-die-Luft-nahe-des-Gebirges-Sierra-de-la-Plata-Waldbraende-lassen-die-Einsatzkraefte-im-Sommer-in-Spanien-kaum-zur-Ruhe-kommen.jpg,2026-07-10T00:05:21Z,,"Das trockene Wetter und die hohen Temperaturen begünstigen den Ausbruch von Waldbränden. (Foto: picture alliance/dpa/EUROPA PRESS)
Spanien, Portugal und Frankreich durchleben derzeit eine Hitzewelle… [+1114 chars]",,de,'Waldbrand'
https://www.zeit.de/politik/ausland/2026-07/waldbrand-spanien-andalusien-tote-evakuierung,https://www.zeit.de/politik/ausland/2026-07/waldbrand-spanien-andalusien-tote-evakuierung,0,www.zeit.de,Südspanien: Sechs Tote durch Waldbrand in Andalusien,In der Nähe von Almería im Süden von Spanien ist ein Feuer ausgebrochen. Sechs Menschen starben. Auch Portugal und Frankreich kämpfen weiter mit Waldbränden.,https://img.zeit.de/politik/ausland/2026-07/waldbrand-spanien-andalusien-tote-evakuierung-bild/wide__1300x731,2026-07-10T00:30:36Z,,"Bei einem Waldbrand im südspanischen Andalusien sind sechs Menschen gestorben. Das Feuer sei am Donnerstagnachmittag in der Nähe von Almería ausgebrochen, teilte die Regionalregierung in der Nacht zu… [+705 chars]",,de,'Waldbrände'
https://www.zeit.de/news/2026-07/10/mindestens-zwoelf-tote-bei-waldbrand-im-sueden-spaniens,https://www.zeit.de/news/2026-07/10/mindestens-zwoelf-tote-bei-waldbrand-im-sueden-spaniens,0,www.zeit.de,Notfälle: Mindestens zwölf Tote bei Waldbrand im Süden Spaniens,Hier finden Sie Informationen zu dem Thema „Notfälle“. Lesen Sie jetzt „Mindestens zwölf Tote bei Waldbrand im Süden Spaniens“.,https://img.zeit.de/news/2026-07/10/mindestens-zwoelf-tote-bei-waldbrand-im-sueden-spaniens-image-group/wide__1300x731,2026-07-10T01:04:27Z,,Bei einem Waldbrand im Süden Spaniens sind mindestens zwölf Menschen ums Leben gekommen. Das teilte der Notdienst der Region Andalusien in der Nacht auf der Plattform X mit. Einige der Opfer wurden d… [+1133 chars],,de,'Waldbrand Tote'
https://www.tagesspiegel.de/gesellschaft/panorama/grossfeuer-in-andalusien-mindestens-zwolf-tote-bei-waldbrand-im-suden-spaniens--19-vermisste-15825434.html,https://www.tagesspiegel.de/gesellschaft/panorama/grossfeuer-in-andalusien-mindestens-zwolf-tote-bei-waldbrand-im-suden-spaniens--19-vermisste-15825434.html,0,www.tagesspiegel.de,Großfeuer in Andalusien: Mindestens zwölf Tote bei Waldbrand im Süden Spaniens – noch 19 Vermisste,Nordöstlich von Málaga hat ein großes Feuer mehrere Menschen das Leben gekostet. Die Opferzahl könnte noch steigen. Die Behörden sprechen von einer „beispiellosen Tragödie“.,https://www.tagesspiegel.de/images/15826059/alternates/BASE_16_9_W1400/1783670503000/un-incendio-forestal-en-grazalema-cadiz-obliga-a-desalojar-el-hotel-fuerte-y-activar-la-fase-de-emergencia-1.jpeg,2026-07-10T01:05:37Z,,Bei einem Waldbrand im Süden Spaniens sind mindestens zwölf Menschen ums Leben gekommen. Das teilte der Notdienst der Region Andalusien in der Nacht zu Freitag auf der Plattform X mit. Einige der Opf… [+3223 chars],,de,'Waldbrand'
https://www.tagesspiegel.de/gesellschaft/panorama/19-vermisste-in-andalusien-mindestens-elf-tote-bei-waldbrand-in-spanien--viele-offenbar-auslander-15825434.html,https://www.tagesspiegel.de/gesellschaft/panorama/19-vermisste-in-andalusien-mindestens-elf-tote-bei-waldbrand-in-spanien--viele-offenbar-auslander-15825434.html,0,www.tagesspiegel.de,19 Vermisste in Andalusien: Mindestens elf Tote bei Waldbrand in Spanien – viele offenbar Ausländer,Nordöstlich von Málaga hat ein Flammenmeer mehrere Menschen das Leben gekostet. Die Opferzahl könnte noch steigen. Die Behörden sprechen von einer „beispiellosen Tragödie“.,https://www.tagesspiegel.de/images/15826059/alternates/BASE_16_9_W1400/1783670503000/un-incendio-forestal-en-grazalema-cadiz-obliga-a-desalojar-el-hotel-fuerte-y-activar-la-fase-de-emergencia-1.jpeg,2026-07-10T01:05:37Z,,Bei einem Waldbrand im Süden Spaniens sind mindestens elf Menschen ums Leben gekommen. Das sagte Andalusiens Regionalpräsident Juan Manuel Moreno Bonilla am Freitagmorgen im Radiosender Cadena Cope. … [+3918 chars],,de,'Waldbrand'
https://www.tagesspiegel.de/gesellschaft/panorama/was-fur-ein-horror-mindestens-zwolf-tote-bei-waldbrand-in-spanien--flammen-breiten-sich-weiter-aus-15825434.html,https://www.tagesspiegel.de/gesellschaft/panorama/was-fur-ein-horror-mindestens-zwolf-tote-bei-waldbrand-in-spanien--flammen-breiten-sich-weiter-aus-15825434.html,0,www.tagesspiegel.de,„Was für ein Horror!“: Mindestens zwölf Tote bei Waldbrand in Spanien – Flammen breiten sich weiter aus,Nordöstlich von Málaga hat ein Flammenmeer mehrere Menschen das Leben gekostet. Die Zahl der Toten könnte noch steigen. 6600 Hektar Wald- und Buschfläche wurden bereits zerstört.,https://www.tagesspiegel.de/images/15826772/alternates/BASE_16_9_W1400/1783677896000/waldbrand-in-andalusien.jpeg,2026-07-10T01:05:37Z,,Der verheerende Waldbrand mit mindestens zwölf Todesopfern im Süden Spaniens hat sich weiter ausgebreitet. Die Flammen zerstörten in der andalusischen Provinz Almería bereits 6600 Hektar Wald- und Bu… [+7410 chars],,de,'Waldbrand'
https://www.tagesspiegel.de/gesellschaft/panorama/notfalle-mindestens-zwolf-tote-bei-waldbrand-im-suden-spaniens-15825434.html,https://www.tagesspiegel.de/gesellschaft/panorama/notfalle-mindestens-zwolf-tote-bei-waldbrand-im-suden-spaniens-15825434.html,0,www.tagesspiegel.de,Notfälle: Mindestens zwölf Tote bei Waldbrand im Süden Spaniens,Immer wieder kommt es im Sommer in Spanien zu schweren Waldbränden. In Andalusien hat ein Brand nun mehrere Menschen das Leben gekostet.,https://www.tagesspiegel.de/images/15825433/alternates/BASE_16_9_W1400/1783645537000/waldbrand-in-spanien.jpeg,2026-07-10T01:05:37Z,,Bei einem Waldbrand im Süden Spaniens sind mindestens zwölf Menschen ums Leben gekommen. Das teilte der Notdienst der Region Andalusien in der Nacht auf der Plattform X mit. Einige der Opfer wurden d… [+1752 chars],,de,'Waldbrände'
https://www.tagesspiegel.de/gesellschaft/panorama/was-fur-ein-horror-mindestens-elf-tote-bei-waldbrand-in-spanien--19-vermisste-in-andalusien-15825434.html,https://www.tagesspiegel.de/gesellschaft/panorama/was-fur-ein-horror-mindestens-elf-tote-bei-waldbrand-in-spanien--19-vermisste-in-andalusien-15825434.html,0,www.tagesspiegel.de,„Was für ein Horror!“: Mindestens elf Tote bei Waldbrand in Spanien – 19 Vermisste in Andalusien,"Nordöstlich von Málaga hat ein Flammenmeer mehrere Menschen das Leben gekostet. Die Zahl der Toten könnte noch steigen. Die Behörden gehen davon aus, dass die meisten Opfer Ausländer sind.",https://www.tagesspiegel.de/images/15826772/alternates/BASE_16_9_W1400/1783677896000/waldbrand-in-andalusien.jpeg,2026-07-10T01:05:37Z,,Drama im Süden Spaniens: Bei einem Waldbrand sind mindestens elf Menschen ums Leben gekommen. Das sagte Andalusiens Regionalpräsident Juan Manuel Moreno Bonilla am Freitagmorgen im Radiosender Cadena… [+7232 chars],,de,'Waldbrand Tote'
https://www.faz.net/aktuell/gesellschaft/ungluecke/mehrere-tote-bei-waldbrand-in-suedspanien-accg-201016158.html,https://www.faz.net/aktuell/gesellschaft/ungluecke/mehrere-tote-bei-waldbrand-in-suedspanien-accg-201016158.html,0,www.faz.net,Südspanien: Mehrere Tote bei Waldbrand in Andalusien,Südeuropa kämpft seit Tagen mit extremer Hitze. Bei einem Waldbrand im südspanischen Almería starben mindestens zwölf Menschen – einige Opfer wurden tot in ihren Fahrzeugen aufgefunden.,https://media0.faz.net/image/w1200h627/381f2c3a9fd4/w2749h1436x0y183o/202607/43601.0.2315677152/ein-loeschhubschrauber.webp,2026-07-10T01:16:57Z,,Bei einem schweren Waldbrand im südspanischen Andalusien sind mindestens zwölf Menschen ums Leben gekommen. Diese neue Opferzahl teilte am Freitagmorgen die Regionalregierung mit. Nachdem zunächst se… [+982 chars],,de,'Waldbrand'
https://www.sueddeutsche.de/panorama/andalusien-waldbrand-tote-almeria-spanien-li.3513575,https://www.sueddeutsche.de/panorama/andalusien-waldbrand-tote-almeria-spanien-li.3513575,0,www.sueddeutsche.de,Andalusien: Mindestens zwölf Tote bei Waldbrand im Süden Spaniens,Immer wieder kommt es im Sommer in Spanien zu schweren Waldbränden. Im Süden des Landes hat ein Feuer nun mehrere Menschen das Leben gekostet.,https://www.sueddeutsche.de/2026/07/10/0a3e837c-759e-46ec-86f7-b4132699f316.jpg?q=60&fm=webp&width=1200&rect=0%2C104%2C2048%2C1152,2026-07-10T01:20:07Z,,"Der Brand war am Nachmittag in der rund 300 Kilometer nordöstlich von Málaga gelegenen Gemeinde Los Gallardos in der Provinz Almería ausgebrochen, wie die Regionalregierung mitteilte. Der regionale G… [+718 chars]",,de,'Waldbrand'
https://www.welt.de/vermischtes/article6a5045edbb0cf80de56a4154/andalusien-mindestens-zwoelf-tote-bei-waldbrand-im-sueden-spaniens-opfer-sassen-noch-in-ihren-autos.html,https://www.welt.de/vermischtes/article6a5045edbb0cf80de56a4154/andalusien-mindestens-zwoelf-tote-bei-waldbrand-im-sueden-spaniens-opfer-sassen-noch-in-ihren-autos.html,0,www.welt.de,Mindestens zwölf Tote bei Waldbrand im Süden Spaniens – einige Opfer saßen noch in ihren Autos,Der Brand war in der Provinz Almería ausgebrochen. Der regionale Gesundheitsminister sprach von einer „beispiellose Tragödie“ – es sei der Waldbrand „mit den bislang schwersten Folgen“ in Andalusien.,https://images.welt.de/6a5045edbb0cf80de56a4154/a7aadb667a3a4ce15ab3757cf8f2c1db-master/ci16x9-w1200/dpa-com-260710-935-1469998-jpg,2026-07-10T01:29:13Z,,Der Brand war in der Provinz Almería ausgebrochen. Der regionale Gesundheitsminister sprach von einer beispiellose Tragödie es sei der Waldbrand mit den bislang schwersten Folgen in Andalusien.Bei ei… [+1188 chars],,de,'Waldbrand'
https://www.morgenpost.de/panorama/article412535381/spanien-12-tote-bei-waldbraenden-in-andalusien-beispiellose-tragoedie.html,https://www.morgenpost.de/panorama/article412535381/spanien-12-tote-bei-waldbraenden-in-andalusien-beispiellose-tragoedie.html,0,www.morgenpost.de,Spanien: 12 Tote bei Waldbränden in Andalusien – „beispiellose Tragödie“,Laut den Behörden wurden einige der Opfer in ihren Fahrzeugen aufgefunden. Rund 150 Feuerwehrleute kämpfen gegen die Flammen.,https://img.sparknews.funkemedien.de/412535462/412535462_1783651535_v16_9_1600.jpeg,2026-07-10T02:46:01Z,,"Im Süden Spaniens sind bei einem Waldbrand zwölf Menschen ums Leben gekommen, wie spanische Medien unter Berufung auf die Behörden der Region Andalusien berichten. Demnach kämpfen rund 150 Feuerwehrl… [+1266 chars]",,de,'Waldbrand Feuerwehr'
https://www.faz.net/aktuell/gesellschaft/ungluecke/zwoelf-tote-bei-waldbrand-in-andalusien-accg-201016158.html,https://www.faz.net/aktuell/gesellschaft/ungluecke/zwoelf-tote-bei-waldbrand-in-andalusien-accg-201016158.html,0,www.faz.net,Südspanien: Zwölf Tote bei Waldbrand in Andalusien,Südeuropa kämpft seit Tagen mit extremer Hitze. Bei einem Waldbrand im südspanischen Almería starben mindestens zwölf Menschen. Eine abgerissene Stromleitung soll den Brand verursacht haben.,https://media0.faz.net/image/w1200h627/381f2c3a9fd4/w2749h1436x0y183o/202607/43601.0.2315677152/ein-loeschhubschrauber.webp,2026-07-10T03:30:00Z,,"Bei einem schweren Waldbrand im südspanischen Andalusien sind mindestens zwölf Menschen ums Leben gekommen. Wie die Regionalregierung am Freitagmorgen mitteilte, brach das Feuer am Donnerstagnachmitt… [+2411 chars]",,de,'Waldbrand Hitze'
https://www.faz.net/aktuell/gesellschaft/ungluecke/mindestens-zwoelf-tote-bei-waldbrand-in-andalusien-accg-201016158.html,https://www.faz.net/aktuell/gesellschaft/ungluecke/mindestens-zwoelf-tote-bei-waldbrand-in-andalusien-accg-201016158.html,0,www.faz.net,Südspanien: Mindestens zwölf Tote bei Waldbrand in Andalusien,Südeuropa kämpft seit Tagen mit extremer Hitze. Bei einem Waldbrand im südspanischen Almería kommen mindestens zwölf Menschen ums Leben. Eine abgerissene Stromleitung soll den Brand verursacht haben.,https://media0.faz.net/image/w1200h627/381f2c3a9fd4/w2749h1436x0y183o/202607/43601.0.2315677152/ein-loeschhubschrauber.webp,2026-07-10T03:30:00Z,,Bei einem großen Waldbrand im Süden Spaniens sind mindestens zwölf Menschen ums Leben gekommen. Das teilte der Notdienst der Region Andalusien in der Nacht auf der Plattform X mit. Allerdings kenne m… [+2778 chars],,de,'Waldbrand Tote'
https://www.tagesschau.de/ausland/europa/waldbrand-spanien-andalusien-100.html,https://www.tagesschau.de/ausland/europa/waldbrand-spanien-andalusien-100.html,0,www.tagesschau.de,Mindestens zwölf Tote bei Waldbrand im Süden Spaniens,"Trockenes Wetter, hohe Temperaturen: Immer wieder kommt es im Sommer in Spanien zu schweren Waldbränden. In Andalusien hat ein Brand nun mindestens zwölf Menschen das Leben gekostet.",https://images.tagesschau.de/image/9293545e-961e-4128-b3c3-ae566668f129/AAABmH7d9tM/AAABnSSvrFg/16x9-big/spanien-frankreich-tarifa-100.jpg?width=1280,2026-07-10T03:34:41Z,,"Stand: 10.07.2026 05:34 Uhr
Trockenes Wetter, hohe Temperaturen: Immer wieder kommt es im Sommer in Spanien zu schweren Waldbränden. In Andalusien hat ein Brand nun mindestens zwölf Menschen das Leb… [+1614 chars]",,de,'Waldbrand'
https://www.derstandard.at/story/3000000330890/mindestens-zw246lf-tote-bei-waldbrand-im-s252den-spaniens,https://www.derstandard.at/story/3000000330890/mindestens-zw246lf-tote-bei-waldbrand-im-s252den-spaniens,0,www.derstandard.at,Mindestens zwölf Tote bei Waldbrand im Süden Spaniens,"Der Brand war in Los Gallardos ausgebrochen, knapp 300 Kilometer nördlich von Malaga. Einige Opfer wurden tot in ihren Fahrzeugen aufgefunden",https://i.ds.at/KELabQ/rs:fill:1200:600/plain/lido-images/2026/07/10/b6adc6ef-f5b4-4f8d-b73c-7eecaa08a483.jpg,2026-07-10T03:37:36Z,,"Sie entscheiden darüber, wie Sie unsere Inhalte nutzen wollen. Ihr Gerät erlaubt uns derzeit leider nicht, die entsprechenden Optionen anzuzeigen.
Bitte deaktivieren Sie sämtliche Hard- und Software… [+180 chars]",,de,'Waldbrand'
https://www.zeit.de/politik/ausland/2026-07/waldbrand-spanien-andalusien-tote-evakuierung-gxe,https://www.zeit.de/politik/ausland/2026-07/waldbrand-spanien-andalusien-tote-evakuierung-gxe,0,www.zeit.de,Südspanien: Zwölf Tote durch Waldbrand in Andalusien,In der Nähe von Almería im Süden von Spanien ist ein Feuer ausgebrochen. Zwölf Menschen starben. Die Regionalregierung spricht von einer »beispiellosen Tragödie«.,https://img.zeit.de/politik/ausland/2026-07/waldbrand-spanien-andalusien-tote-evakuierung-bild/wide__1300x731,2026-07-10T04:23:51Z,,Bei einem schweren Waldbrand im südspanischen Andalusien sind mindestens zwölf Menschen gestorben. Das teilte der Notdienst der Region auf der Plattform X mit. Einige der Toten wurden den Angaben zuf… [+2747 chars],,de,'Waldbrand Tote'
https://orf.at/stories/3435781/,https://orf.at/stories/3435781/,0,orf.at,Zwölf Tote bei Waldbrand in Südspanien,,https://orf.at/mojo/1_4_1/storyserver//news/common/images/og-fallback-news.png,2026-07-10T04:32:27Z,,"Bei einem Waldbrand in der südspanischen Provinz Almería sind nach Behördenangaben von zwölf Menschen ums Leben gekommen. Rund 150 Feuerwehrleute seien im Einsatz, um die Flammen zu löschen, teilte d… [+823 chars]",,de,'Waldbrand'
https://www.nzz.ch/panorama/der-schmerz-ist-unermesslich-mindestens-zwoelf-tote-bei-waldbrand-im-sueden-spaniens-ld.10014938,https://www.nzz.ch/panorama/der-schmerz-ist-unermesslich-mindestens-zwoelf-tote-bei-waldbrand-im-sueden-spaniens-ld.10014938,0,www.nzz.ch,«Der Schmerz ist unermesslich»: Mindestens zwölf Tote bei Waldbrand im Süden Spaniens,Immer wieder kommt es im Sommer in Spanien zu schweren Waldbränden. In Andalusien hat ein Brand nun mehreren Menschen das Leben gekostet.,"https://img-msp-prod.nzz.ch/2026/07/10/ce7b207b-fdea-4593-908c-50a8c2ebf462.jpg?width=1200&height=674&fit=bounds&quality=75&auto=webp&crop=3794,2134,x13,y0&wmark=nzz",2026-07-10T04:43:24Z,,"Immer wieder kommt es im Sommer in Spanien zu schweren Waldbränden. In Andalusien hat ein Brand nun mehreren Menschen das Leben gekostet.
10.07.2026, 06.43 Uhr
Zusammenfassung
Ein Mitglied der Feu… [+1439 chars]",,de,'Waldbrand Tote'
https://www.tagesspiegel.de/gesellschaft/panorama/flammeninferno-viele-tote-bei-waldbrand-in-andalusien-schreckensnacht-15825634.html,https://www.tagesspiegel.de/gesellschaft/panorama/flammeninferno-viele-tote-bei-waldbrand-in-andalusien-schreckensnacht-15825634.html,0,www.tagesspiegel.de,Flammeninferno: Viele Tote bei Waldbrand in Andalusien - „Schreckensnacht“,Der Brand in Almería gilt als der bisher tödlichste des 21. Jahrhunderts in Spanien. Unter den Opfern befinden sich mutmaßlich auch Ausländer. Experten sprechen von einer vermeidbaren Tragödie.,https://www.tagesspiegel.de/images/15826598/alternates/BASE_16_9_W1400/1783676365000/gewaltiger-brand-wutet-in-andalusien.jpeg,2026-07-10T05:22:16Z,,Ein verheerender Waldbrand hat unweit beliebter Mittelmeer-Strände im Süden Spaniens viele Menschenleben gefordert. Nach Angaben der Regionalregierung von Andalusien gab es im Gebiet um die Gemeinden… [+5901 chars],,de,'Waldbrand'
https://www.bild.de/news/ausland/almeria-in-spanien-12-tote-bei-waldbrand-in-urlaubsregion-6a50724d43b7fd51850047de,https://www.bild.de/news/ausland/almeria-in-spanien-12-tote-bei-waldbrand-in-urlaubsregion-6a50724d43b7fd51850047de,0,www.bild.de,Almería in Spanien - 12 Tote bei Waldbrand in Urlaubsregion,Waldbrand in Spanien fordert mindestens zwölf Tote und viele Verletzte.,"https://images.bild.de/6a50724d43b7fd51850047de/cebec29afd42ab8a574e0b0ac4740cc2,bd6c09ef?w=1280",2026-07-10T05:22:26Z,,"TTS-Player überspringenArtikel weiterlesenAlmería (Spanien) Sie waren teilweise in ihren Autos unterwegs, als ihnen die Flammen entgegenschlugen ein Entkommen gab es nicht. Bei einem schweren Waldbra… [+2803 chars]",,de,'Waldbrand'
https://www.diepresse.com/36401562/mindestens-zwoelf-tote-bei-waldbrand-in-suedspanien,https://www.diepresse.com/36401562/mindestens-zwoelf-tote-bei-waldbrand-in-suedspanien,0,www.diepresse.com,Mindestens zwölf Tote bei Waldbrand in Südspanien,Es handelt sich um den größten Brand in der Geschichte Spaniens. Einige der Opfer wurden tot im Auto gefunden. Mehrere Dörfer mussten evakuiert werden.,https://img.diepresse.com/public/incoming/vog912-imago-images-0861098236/alternates/WEBP_WIDE_1200/imago%20images%200861098236,2026-07-10T05:39:41Z,,"Die Presse auf Google als bevorzugte Nachrichtenquelle hinzufügen.
 Bei einem großen Waldbrand im Süden Spaniens sind mindestens zwölf Menschen ums Leben gekommen. Das teilte der Notdienst der Regio… [+2220 chars]",,de,'Waldbrand'
https://www.zeit.de/news/2026-07/10/brandenburg-waldbrandgefahr-gestiegen,https://www.zeit.de/news/2026-07/10/brandenburg-waldbrandgefahr-gestiegen,0,www.zeit.de,Waldbrände: Brandenburg: Waldbrandgefahr gestiegen,Hier finden Sie Informationen zu dem Thema „Waldbrände“. Lesen Sie jetzt „Brandenburg: Waldbrandgefahr gestiegen“.,https://img.zeit.de/news/2026-07/10/brandenburg-waldbrandgefahr-gestiegen-image-group/wide__1300x731,2026-07-10T05:53:49Z,,"Die Waldbrandgefahr ist in mehreren Landkreisen in Brandenburg gestiegen. In vier Landkreisen gilt nun die Warnstufe 4 von 5, wie das Ministerium für Land- und Ernährungswirtschaft, Umwelt und Verbra… [+586 chars]",,de,'Waldbrände'
https://orf.at/stories/3435786/,https://orf.at/stories/3435786/,0,orf.at,Schon zwölf Tote bei Waldbrand in Spanien,Bei einem großen Waldbrand im Süden Spaniens sind schon mindestens zwölf Menschen ums Leben gekommen. Das teilte der Notdienst der Region Andalusien in der Nacht auf Freitag auf der Plattform X mit. Zuvor war von sechs Toten die Rede gewesen. Allerdings kenne…,https://ibs.orf.at/news?image=https%3A%2F%2Fassets.orf.at%2Fmims%2F2026%2F28%2F36%2Fcrops%2Fw%3D1200%2Ch%3D630%2Cq%3D75%2F3108063_master_1203836_klima_waldbrand_tote_spanien_r.jpg%3Fs%3Db35a314fd90a83c3e353e8ec8cf8b1ccf1e595a8,2026-07-10T06:34:39Z,,Einige der Opfer seien in ihren Fahrzeugen von den Flammen eingeschlossen worden und verbrannt. Etwa zehn Menschen wurden RTVE zufolge verletzt und einige von ihnen in Krankenhäuser gebracht. Der Bra… [+4286 chars],,de,'Waldbrand Tote'
https://www.dw.com/de/spanien-waldbrand-ebola-iran-krieg-chamenei-trump-israel-netanjahu-wadephul-russland-china-maersk/a-77898464,https://www.dw.com/de/spanien-waldbrand-ebola-iran-krieg-chamenei-trump-israel-netanjahu-wadephul-russland-china-maersk/a-77898464,0,www.dw.com,News kompakt: Ebola-Fälle verdoppeln sich alle 28 Tage,Experten zufolge breiten sich die Ebola-Viren bei dem Ausbruch in der Demokratischen Republik Kongo so schnell aus wie nie zuvor. Mehrere Menschen sterben bei einem Waldbrand in Südspanien. Der DW-Nachrichtenüberblick.,https://static.dw.com/image/77682493_6.jpg,2026-07-10T07:00:00Z,,Die Ebola-Epidemie in der Demokratischen Republik Kongo breitet sich laut Experten rascher aus als jede Ebola-Welle zuvor. Es handele sich nicht nur um die bisher schnellste Verbreitung des Bundibugy… [+6023 chars],,de,'Waldbrand Unterstützung'
https://www.welt.de/vermischtes/video6a50a023bb0cf80de56a44a9/andalusien-hoechste-hitze-alarmstufe-mindestens-zwoelf-tote-bei-waldbrand-in-urlaubsregion.html,https://www.welt.de/vermischtes/video6a50a023bb0cf80de56a44a9/andalusien-hoechste-hitze-alarmstufe-mindestens-zwoelf-tote-bei-waldbrand-in-urlaubsregion.html,0,www.welt.de,Höchste Hitze-Alarmstufe – mindestens zwölf Tote bei Waldbrand in Urlaubsregion,Bei einem schweren Waldbrand in Andalusien sind mindestens zwölf Menschen ums Leben gekommen. Rund 150 Feuerwehrleute kämpfen weiterhin gegen die Flammen.,https://images.welt.de/6a50a023bb0cf80de56a44a9/93a3fe8ea8cd4013ec1aaea229bf27f5/ci16x9-w1200/2026-07-10t035534z-1603315392-rc2rama6hiw8-rtrmadp-3-europe-weather-spain-wildfire-jpg,2026-07-10T07:52:04Z,,Die WELT als ePaper: Die vollständige Ausgabe steht Ihnen bereits am Vorabend zur Verfügung so sind Sie immer hochaktuell informiert. Weitere Informationen https://epaper.welt.de,,de,'Waldbrand'
https://taz.de/Feuer-in-Spanien/!6195000/,https://taz.de/Feuer-in-Spanien/!6195000/,0,taz.de,Feuer in Spanien: Waldbrand tötet mindestens 11 Menschen,Feuerwehr und Rettungsdienste kämpfen gegen einen riesigen Waldbrand in Andalusien. Das Ausmaß der Tragödie wird erst nach und nach sichtbar.,https://taz.de/picture/8603861/1200/41640472.jpeg,2026-07-10T09:52:00Z,,Feuerwehr und Rettungsdienste kämpfen gegen einen riesigen Waldbrand in Andalusien. Das Ausmaß der Tragödie wird erst nach und nach sichtbar. mehr...,,de,'Waldbrand'
https://www.dw.com/de/andalusien-spanien-waldbrand-tote-vermisste-feuer-flammen-touristen-alemerida-los-gallardos/a-77901317,https://www.dw.com/de/andalusien-spanien-waldbrand-tote-vermisste-feuer-flammen-touristen-alemerida-los-gallardos/a-77901317,0,www.dw.com,Spanien: Gewaltiger Waldbrand in Andalusien - viele Tote,"In der südspanischen Provinz Almería kämpfen Feuerwehr und Rettungsdienste gegen die Flammen. Zwölf Menschen kamen bislang ums Leben, mindestens 19 Menschen werden noch vermisst.",https://static.dw.com/image/77900358_6.jpg,2026-07-10T10:12:00Z,,"""Es ist ein Feuer bislang nie dagewesenen Ausmaßes"", betonte der Bürgermeister der betroffenen Gemeinde Los Gallardos im Süden Spaniens, Francisco Miguel Reyes, im Staatsfernsehen RTVE. Bisher kamen … [+3833 chars]",,de,'Waldbrand'
https://www.diepresse.com/36407528/weg-wurde-fuer-sie-zur-falle-viele-urlauber-unter-den-zwoelf-toten-des,https://www.diepresse.com/36407528/weg-wurde-fuer-sie-zur-falle-viele-urlauber-unter-den-zwoelf-toten-des,0,www.diepresse.com,„Weg wurde für sie zur Falle“: Viele Urlauber unter den zwölf Toten des Waldbrandes in Spanien vermutet [premium],Vier Tote wurden in einem ausgebrannten Auto gefunden. 19 Menschen gelten noch als vermisst. Das Feuer in der andalusischen Provinz Almería gilt als das tödlichste seit Beginn der Aufzeichnungen. Zur Brandursache gibt es bereits eine Vermutung.,https://img.diepresse.com/public/incoming/etpz60-spain-fire-emergency/alternates/WEBP_WIDE_1200/SPAIN-FIRE-EMERGENCY,2026-07-10T10:43:34Z,,"Es ist eine der verheerendsten Waldbrandkatastrophen, die Spanien seit Jahrzehnten erlebt hat: Mindestens zwölf Menschen kamen in den Flammen ums Leben, die seit Donnerstagnachmittag in der Umgebung … [+4566 chars]",,de,'Waldbrand'
https://www.morgenpost.de/panorama/article412538321/trauer-um-waldbrand-tote-in-spanien-falsche-route-wurde-fuer-sie-zur-falle.html,https://www.morgenpost.de/panorama/article412538321/trauer-um-waldbrand-tote-in-spanien-falsche-route-wurde-fuer-sie-zur-falle.html,0,www.morgenpost.de,Trauer um Waldbrand-Tote in Spanien: „Falsche Route wurde für sie zur Falle“,"In Südspanien wüten seit Tagen verheerende Waldbrände, die zahlreiche Todesopfer fordern. Gemeinden stehen vor großen Herausforderungen.",https://img.sparknews.funkemedien.de/412538829/412538829_1783680719_v16_9_1600.jpeg,2026-07-10T10:52:00Z,,"Es ist eine der verheerendsten Waldbrandkatastrophen, die Spanien seit Jahrzehnten erlebt hat: Mindestens zwölf Menschen kamen in den Flammen ums Leben, die seit Donnerstagnachmittag in der Umgebung … [+4926 chars]",,de,'Waldbrand'
https://www.welt.de/vermischtes/video6a50e1534c65dbb4ac8fd5f0/dramatische-lage-in-spanien-zwoelf-menschen-sterben-bei-gewaltigem-waldbrand-todesopfer-vermutlich-touristen.html,https://www.welt.de/vermischtes/video6a50e1534c65dbb4ac8fd5f0/dramatische-lage-in-spanien-zwoelf-menschen-sterben-bei-gewaltigem-waldbrand-todesopfer-vermutlich-touristen.html,0,www.welt.de,Zwölf Menschen sterben bei gewaltigem Waldbrand – Todesopfer vermutlich Touristen,"Auf der Flucht vor einem Waldbrand in der spanischen Provinz Almería sind zwölf Menschen in den Tod gefahren. Fast alle waren offenbar ausländische Touristen: „Das Feuer ist momentan gar nicht unter Kontrolle“, sagt Korrespondent Miguel Gutiérrez Posada.",https://images.welt.de/6a50e1534c65dbb4ac8fd5f0/d44d6275215950229cb85a32162fff2a/ci16x9-w1200/dpa-com-260710-99-22142-jpg,2026-07-10T12:26:53Z,,Auf der Flucht vor einem Waldbrand in der spanischen Provinz Almería sind zwölf Menschen in den Tod gefahren. Fast alle waren offenbar ausländische Touristen: Das Feuer ist momentan gar nicht unter K… [+112 chars],,de,'Waldbrand'
https://orf.at/stories/3435808/,https://orf.at/stories/3435808/,0,orf.at,Extreme Hitze hat Europa erneut im Griff,Extreme Hitze macht vielen Teilen Europas derzeit wieder zu schaffen. Wegen der Trockenheit und der hohen Temperaturen um 40 Grad wüten in mehreren Ländern Waldbrände. In Südspanien kamen am Freitag zwölf Menschen bei einem einzigen Brand ums Leben. Auch in Ö…,https://ibs.orf.at/news?image=https%3A%2F%2Fassets.orf.at%2Fmims%2F2026%2F28%2F38%2Fcrops%2Fw%3D1200%2Ch%3D630%2Cq%3D75%2F3108261_master_1203938_klima_hitze_waldbraende_europa_ap.jpg%3Fs%3Daacf06606f08186b481f573a7dc633056859c2b6,2026-07-10T12:29:10Z,,Bei dem verheerenden Waldbrand in der südspanischen Provinz Almeria galten laut Andalusiens Regionalregierung noch mehr als 20 Menschen als vermisst. Bei den Toten handelt es sich Behörden zufolge üb… [+5856 chars],,de,'Waldbrände'
https://www.derstandard.at/story/3000000331017/zwoelf-tote-bei-waldbrand-in-suedspanien,https://www.derstandard.at/story/3000000331017/zwoelf-tote-bei-waldbrand-in-suedspanien,0,www.derstandard.at,Zwölf Tote bei Waldbrand in Südspanien,Laut Behördenangaben sind der Großteil der Opfer wohl Ausländer,https://i.ds.at/UHJGTw/rs:fill:1200:600/plain/lido-images/2026/07/10/25c78077-9283-4623-a73c-11b231fd7dfd.jpg,2026-07-10T14:13:19Z,,"Hubschraubereinsatz in Los Gallardos
REUTERS/Violeta Santos Moura
Madrid/Los Gallardos Bei einem verheerenden Waldbrand in der südspanischen Provinz Almería sind mindestens zwölf Menschen ums Leben… [+863 chars]",,de,'Waldbrand Tote'
https://www.tagesschau.de/inland/waldbrandgefahr-deutschland-104.html,https://www.tagesschau.de/inland/waldbrandgefahr-deutschland-104.html,0,www.tagesschau.de,Waldbrandgefahr steigt am Wochenende teils auf höchste Warnstufe,"Nicht nur in Südeuropa, auch in Deutschland drohen aufgrund der Hitze Waldbrände. Laut Deutschem Wetterdienst wird am Wochenende teilweise die höchste Warnstufe erreicht - unter anderem im Südwesten des Landes.",https://images.tagesschau.de/image/117d62e8-42ed-41a2-9920-183f84c2c185/AAABnwOOhfQ/AAABnSSvrFg/16x9-big/waldbrandgefahr-232.jpg?width=1280,2026-07-10T17:20:03Z,,"Stand: 10.07.2026 19:20 Uhr
Nicht nur in Südeuropa, auch in Deutschland drohen aufgrund der Hitze Waldbrände. Laut Deutschem Wetterdienst wird am Wochenende teilweise die höchste Warnstufe erreicht … [+2240 chars]",,de,'Waldbrand Wetter'
https://orf.at/stories/3435889/,https://orf.at/stories/3435889/,0,orf.at,Opferzahl bei Waldbrand in Südspanien auf zwölf gestiegen,,https://orf.at/mojo/1_4_1/storyserver//news/common/images/og-fallback-news.png,2026-07-10T19:23:17Z,,"Bei einem verheerenden Waldbrand in der südspanischen Provinz Almeria sind mindestens zwölf Menschen ums Leben gekommen. Zudem galten noch 23 Menschen als vermisst, meldete der TV-Sender RTVE. Der Se… [+3039 chars]",,de,'Waldbrand'
https://www.zeit.de/news/2026-07/11/waldbrand-in-nuernberg-campingplatz-und-konzert-geraeumt,https://www.zeit.de/news/2026-07/11/waldbrand-in-nuernberg-campingplatz-und-konzert-geraeumt,0,www.zeit.de,Wald brennt: Waldbrand in Nürnberg - Campingplatz und Konzert geräumt,Hier finden Sie Informationen zu dem Thema „Wald brennt“. Lesen Sie jetzt „Waldbrand in Nürnberg - Campingplatz und Konzert geräumt“.,https://img.zeit.de/news/2026-07/11/waldbrand-in-nuernberg-campingplatz-und-konzert-geraeumt-image-group/wide__1300x731,2026-07-10T22:20:08Z,,"Die Feuerwehr ist in Nürnberg wegen eines großen Waldbrandes im Einsatz. Ein Campingplatz und ein Open-Air-Konzert in der Nähe des Messegeländes seien vorsorglich geräumt worden, sagte ein Polizeispr… [+504 chars]",,de,'Waldbrand'
https://www.zeit.de/news/2026-07/11/feuerinferno-in-spanien-vermissten-suche-von-haus-zu-haus,https://www.zeit.de/news/2026-07/11/feuerinferno-in-spanien-vermissten-suche-von-haus-zu-haus,0,www.zeit.de,Waldbrände: Feuerinferno in Spanien: Vermissten-Suche «von Haus zu Haus»,Hier finden Sie Informationen zu dem Thema „Waldbrände“. Lesen Sie jetzt „Feuerinferno in Spanien: Vermissten-Suche «von Haus zu Haus»“.,https://img.zeit.de/news/2026-07/11/feuerinferno-in-spanien-vermissten-suche-von-haus-zu-haus-image-group/wide__1300x731,2026-07-10T22:53:28Z,,Bei dem verheerenden Waldbrand im Süden Spaniens haben sowohl die Löscharbeiten als auch die Suche nach zahlreichen Vermissten die Einsatzkräfte in Atem gehalten. Die Tragödie forderte nach Angaben d… [+3764 chars],,de,'Waldbrände'
https://www.tagesspiegel.de/gesellschaft/panorama/tragodie-in-almeria-feuer-in-spanien-wutet-weiter-brand-in-nurnberg-geloscht-15829316.html,https://www.tagesspiegel.de/gesellschaft/panorama/tragodie-in-almeria-feuer-in-spanien-wutet-weiter-brand-in-nurnberg-geloscht-15829316.html,0,www.tagesspiegel.de,Tragödie in Almería: Feuer in Spanien wütet weiter - Brand in Nürnberg gelöscht,"In Andalusien kämpfen die Einsatzkräfte weiter gegen die Flammen, die mindestens zwölf Menschen das Leben kosteten. In Nürnberg verlief ein Brand glimpflich. Die Waldbrandgefahr bleibt hoch.",https://www.tagesspiegel.de/images/15830276/alternates/BASE_16_9_W1400/1783777730000/waldbrand-in-andalusien.jpeg,2026-07-10T22:54:27Z,,Zahlreiche Einsatzkräfte kämpfen weiter gegen den bisher tödlichsten Waldbrand des 21. Jahrhunderts in Spanien. Die Lage in der Provinz Almería entwickelte sich zuletzt jedoch günstig. Eine höhere Lu… [+3608 chars],,de,'Waldbrand'
https://www.tagesspiegel.de/gesellschaft/panorama/waldbrande-feuerinferno-in-spanien-vermissten-suche-von-haus-zu-haus-15829316.html,https://www.tagesspiegel.de/gesellschaft/panorama/waldbrande-feuerinferno-in-spanien-vermissten-suche-von-haus-zu-haus-15829316.html,0,www.tagesspiegel.de,Waldbrände: Feuerinferno in Spanien: Vermissten-Suche „von Haus zu Haus“,In Andalusien fordert ein Feuer mindestens zwölf Menschenleben. Unter den Opfern sind wohl auch Briten und Belgier. Es gibt zudem noch viele Vermisste. Bei der Fußball-WM wird der Opfer gedacht.,https://www.tagesspiegel.de/images/15829315/alternates/BASE_16_9_W1400/1783724067000/gewaltiger-brand-wutet-in-andalusien.jpeg,2026-07-10T22:54:27Z,,Bei dem verheerenden Waldbrand im Süden Spaniens haben sowohl die Löscharbeiten als auch die Suche nach zahlreichen Vermissten die Einsatzkräfte in Atem gehalten. Die Tragödie forderte nach Angaben d… [+4283 chars],,de,'Waldbrände'
https://www.tagesspiegel.de/gesellschaft/panorama/tragodie-in-almeria-feuerinferno-in-spanien-flammen-breiten-sich-weiter-aus-15829316.html,https://www.tagesspiegel.de/gesellschaft/panorama/tragodie-in-almeria-feuerinferno-in-spanien-flammen-breiten-sich-weiter-aus-15829316.html,0,www.tagesspiegel.de,Tragödie in Almería: Feuerinferno in Spanien: Flammen breiten sich weiter aus,Der Kampf gegen die Flammen geht in Andalusien weiter. Rund 500 Einsatzkräfte sind im Einsatz. Probleme bereitet die Identifizierung der Todesopfer.,https://www.tagesspiegel.de/images/15830129/alternates/BASE_16_9_W1400/1783773818000/waldbrand-in-andalusien.jpeg,2026-07-10T22:54:27Z,,Der verheerende Waldbrand mit mindestens zwölf Todesopfern im Süden Spaniens hat sich weiter ausgebreitet. Die Flammen zerstörten in der andalusischen Provinz Almería bereits 6.600 Hektar Wald- und B… [+2505 chars],,de,'Waldbrand Todesopfer'
https://www.zeit.de/gesellschaft/zeitgeschehen/2026-07/waldbrand-nuernberg-messe-camping-rauch,https://www.zeit.de/gesellschaft/zeitgeschehen/2026-07/waldbrand-nuernberg-messe-camping-rauch,0,www.zeit.de,Bayern: Waldbrand in Nürnberg ausgebrochen,Die Feuerwehr kämpft gegen einen Brand im Süden von Nürnberg. Ein Campingplatz und ein Konzert wurden geräumt. Gefahr für Menschen bestehe derzeit nicht.,https://img.zeit.de/gesellschaft/zeitgeschehen/2026-07/waldbrand-nuernberg-messe-camping-rauch-foto-1/wide__1300x731,2026-07-10T23:50:57Z,,"In einem Waldgebiet in Nürnberg ist ein Feuer ausgebrochen. Die Feuerwehr sei mit einem Großaufgebot im Einsatz und habe den Brand unter Kontrolle, sagte Polizeisprecher Michael Petzold. »Der richtig… [+1442 chars]",,de,'Waldbrand'
https://www.welt.de/videos/video6a51cf86e40791bc2bbf52b1/andalusien-mindestens-zwoelf-tote-bei-waldbrand.html,https://www.welt.de/videos/video6a51cf86e40791bc2bbf52b1/andalusien-mindestens-zwoelf-tote-bei-waldbrand.html,0,www.welt.de,Mindestens zwölf Tote bei Waldbrand,"Bei einem Waldbrand in Andalusien sind mindestens zwölf Menschen gestorben, 23 werden vermisst. Über 1400 Menschen mussten in Notzelte, rund 4000 Hektar sind betroffen. Mehr als 500 Einsatzkräfte kämpfen gegen die Flammen.",https://images.welt.de/6a51cf86e40791bc2bbf52b1/6ee4361e9965127e63785155ada11edb/ci16x9-w1200/dpa-com-260711-99-28144-jpg,2026-07-11T05:20:15Z,,"Bei einem Waldbrand in Andalusien sind mindestens zwölf Menschen gestorben, 23 werden vermisst. Über 1400 Menschen mussten in Notzelte, rund 4000 Hektar sind betroffen. Mehr als 500 Einsatzkräfte käm… [+82 chars]",,de,'Waldbrand Hektar'
https://www.zeit.de/news/2026-07/11/nach-waldbrand-in-nuernberg-campingplatz-wieder-zugaenglich,https://www.zeit.de/news/2026-07/11/nach-waldbrand-in-nuernberg-campingplatz-wieder-zugaenglich,0,www.zeit.de,Rauch über Nürnberg: Nach Waldbrand in Nürnberg: Campingplatz wieder zugänglich,Hier finden Sie Informationen zu dem Thema „Rauch über Nürnberg“. Lesen Sie jetzt „Nach Waldbrand in Nürnberg: Campingplatz wieder zugänglich“.,https://img.zeit.de/news/2026-07/11/nach-waldbrand-in-nuernberg-campingplatz-wieder-zugaenglich-image-group/wide__1300x731,2026-07-11T06:31:07Z,,Der wegen des Waldbrandes in Nürnberg vorsorglich evakuierte Campingplatz ist wieder zugänglich. Nach Angaben der Sanitätseinsatzleitung Nürnberg ließ die Rauchentwicklung nach und die evakuierten Me… [+676 chars],,de,'Waldbrand'
https://www.zeit.de/gesellschaft/2026-07/waldbrand-andalusien-almeria-tote-evakuierung,https://www.zeit.de/gesellschaft/2026-07/waldbrand-andalusien-almeria-tote-evakuierung,0,www.zeit.de,Waldbrand in Andalusien: Andalusische Regierung vermutet viele Touristen unter Waldbrandopfern,"Bei dem Waldbrand in Andalusien sind laut den Behörden vor allem Briten und Belgier gestorben. Insgesamt gab es mindestens 12 Tote, viele Menschen werden noch vermisst.",https://img.zeit.de/gesellschaft/zeitgeschehen/2026-07/waldbrand-andalusien-almeria-tote-evakuierung-bild/wide__1300x731,2026-07-11T07:21:01Z,,"Spanische Behörden vermuten, dass sich Briten und Belgier unter den Todesopfern des Waldbrandes in der Nähe von Almería befinden. Bei der Tragödie starben nach Angaben der andalusischen Regierung min… [+2224 chars]",,de,'Waldbrand Todesopfer'
https://orf.at/stories/3435920/,https://orf.at/stories/3435920/,0,orf.at,Waldbrand in Spanien: Löschbedingungen bessern sich,,https://orf.at/mojo/1_4_1/storyserver//news/common/images/og-fallback-news.png,2026-07-11T09:33:38Z,,Bei dem Waldbrand im Süden Spaniens mit mindestens zwölf Toten sind bisher 6.600 Hektar Land den Flammen zum Opfer gefallen. Allerdings seien erstmals seit dem Brandausbruch am Donnerstag Löscharbeit… [+1142 chars],,de,'Waldbrand'
https://www.faz.net/aktuell/gesellschaft/ungluecke/grosser-waldbrand-in-andalusien-breitet-sich-weiter-aus-accg-201020700.html,https://www.faz.net/aktuell/gesellschaft/ungluecke/grosser-waldbrand-in-andalusien-breitet-sich-weiter-aus-accg-201020700.html,0,www.faz.net,Mindestens zwölf Tote: Feuerinferno in Andalusien breitet sich weiter aus,"Rund 500 Einsatzkräfte sind im Süden Spaniens im Einsatz. 6600 Hektar Wald- und Buschfläche haben die Flammen bereits zerstört. Und die Behörden haben Mühe, die Todesopfer zu identifizieren.",https://media0.faz.net/image/w1200h627/0179b7271ecb/w2376h1241x0y171o/202607/43601.0.2324764825/der-brand-in-los-gallardos.webp,2026-07-11T13:13:26Z,,Der verheerende Waldbrand mit mindestens zwölf Todesopfern im Süden Spaniens hat sich weiter ausgebreitet. Die Flammen zerstörten in der andalusischen Provinz Almería bereits 6600 Hektar Wald- und Bu… [+2690 chars],,de,'Waldbrand Todesopfer'
https://www.zeit.de/news/2026-07/11/ballenpresse-in-flammen-100-000-euro-schaden,https://www.zeit.de/news/2026-07/11/ballenpresse-in-flammen-100-000-euro-schaden,0,www.zeit.de,Achtung Waldbrandgefahr: Ballenpresse in Flammen - 100.000 Euro Schaden,Hier finden Sie Informationen zu dem Thema „Achtung Waldbrandgefahr“. Lesen Sie jetzt „Ballenpresse in Flammen - 100.000 Euro Schaden“.,https://img.zeit.de/news/2026-07/11/ballenpresse-in-flammen-100-000-euro-schaden-image-group/wide__1300x731,2026-07-11T13:52:00Z,,"Eine brennende Eckballenpresse hat ein landwirtschaftlich genutztes Feld in Oberdachstetten (Landkreis Ansbach) in Brand gesteckt. An der Ballenpresse entstand ein Schaden von etwa 100.000 Euro, wie … [+1029 chars]",,de,'Waldbrand'
https://taz.de/Feuer-in-Spanien/!6195369/,https://taz.de/Feuer-in-Spanien/!6195369/,0,taz.de,Feuer in Spanien: Die Flammen breiten sich aus,Der Kampf gegen den Waldbrand in Andalusien geht weiter. Rund 500 Einsatzkräfte sind im Einsatz. Probleme bereitet die Identifizierung der Todesopfer.,https://taz.de/picture/8605533/1200/41504865.jpeg,2026-07-11T14:11:00Z,,Der Kampf gegen den Waldbrand in Andalusien geht weiter. Rund 500 Einsatzkräfte sind im Einsatz. Probleme bereitet die Identifizierung der Todesopfer. mehr...,,de,'Waldbrand Todesopfer'
https://www.n-tv.de/panorama/Feuer-in-Suedspanien-wuetet-weiter-mindestens-zwoelf-Tote-id31075498.html,https://www.n-tv.de/panorama/Feuer-in-Suedspanien-wuetet-weiter-mindestens-zwoelf-Tote-id31075498.html,0,www.n-tv.de,Auch Touristen evakuiert: Feuer in Südspanien wütet weiter - mindestens zwölf Tote,"Die Flammen lodern unweit beliebter Strände: In Andalusien kämpfen rund 500 Einsatzkräfte gegen einen verheerenden Waldbrand. Mehrere Menschen sterben, als sie vor dem Feuer fliehen wollen und eine falsche Route wählen. Eine Entwicklung macht dennoch Hoffnung.",https://www.n-tv.de/img/31075541/1783788045/Img_16_9/1200/Ein-Loeschhubschrauber-wirft-ueber-dem-Waldbrand-Wasser-ab-Der-Waldbrand-in-der-Provinz-Almeria-gilt-als-der-bisher-toedlichste-des-21-Jahrhunderts-in-Spanien-Unter-den-Opfern-befinden-sich-mutmasslich-auch-Auslaender.jpg,2026-07-11T14:53:09Z,,"Augenzeugen berichten von der enormen Geschwindigkeit, mit der sich die Flammen am Freitag ausbreiteten. (Foto: picture alliance/dpa/SOPA Images via ZUMA Press Wire)
Die Flammen lodern unweit belieb… [+3474 chars]",,de,'Waldbrand'
https://www.morgenpost.de/panorama/article412548592/tote-bei-waldbraenden-in-spanien-suche-nach-vermissten-geht-weiter.html,https://www.morgenpost.de/panorama/article412548592/tote-bei-waldbraenden-in-spanien-suche-nach-vermissten-geht-weiter.html,0,www.morgenpost.de,Tote bei Waldbränden in Spanien: Suche nach Vermissten geht weiter,Der Kampf gegen die Flammen geht in Andalusien weiter. Rund 500 Einsatzkräfte sind im Einsatz. Mehrere Personen werden vermisst.,https://img.sparknews.funkemedien.de/412548656/412548656_1783784528_v16_9_1600.jpeg,2026-07-11T15:49:24Z,,"Es sind Bilder wie aus einem Katastrophenfilm: Im südspanischen Andalusien toben schwere Waldbrände, die bereits zwölf Menschen das Leben gekostet haben. Nun haben sich die Flammen sogar noch weiter … [+2726 chars]",,de,'Waldbrände'
https://www.morgenpost.de/panorama/article412447713/im-kampf-gegen-die-flammen-wie-der-superwolf-bei-waldbraenden-helfen-soll.html,https://www.morgenpost.de/panorama/article412447713/im-kampf-gegen-die-flammen-wie-der-superwolf-bei-waldbraenden-helfen-soll.html,0,www.morgenpost.de,Im Kampf gegen die Flammen: Wie der „Superwolf“ bei Waldbränden helfen soll,"Deutschland erlebt immer häufiger extreme Waldbrandlagen. Neue Technik soll helfen, Einsatzkräfte in gefährlichen Lagen zu unterstützen.",https://img.sparknews.funkemedien.de/412451102/412451102_1782928978_v16_9_1600.jpeg,2026-07-11T18:34:35Z,,"Waldbrände bergen für die Feuerwehren in Deutschland viele Gefahren. Steile Hänge, Munitionsreste aus dem Zweiten Weltkrieg oder unwegsames Gelände erschweren die Einsätze. Deshalb setzen Feuerwehr u… [+6577 chars]",,de,'Waldbrand'
https://www.dw.com/de/australischer-eukalyptus-befeuert-waldbr%C3%A4nde-weltweit/a-77911446,https://www.dw.com/de/australischer-eukalyptus-befeuert-waldbr%C3%A4nde-weltweit/a-77911446,0,www.dw.com,Australischer Eukalyptus befeuert Waldbrände weltweit,Europa erlebt einen weiteren Sommer mit extremer Hitze und Warnungen vor Waldbränden. Dabei gerät ein aus Australien importierter Baum weltweit erneut in den Fokus: der Eukalyptus. Jedes Jahr durchqueren mehr als 400.000 Pilger und Pilgerinnen auf ihrem Weg n…,https://static.dw.com/image/77562892_6.jpg,2026-07-12T04:57:00Z,,Jedes Jahr durchqueren mehr als 400.000 Pilger und Pilgerinnen auf ihrem Weg nach Santiago de Compostela Galizien im Norden Spaniens. Der Jakobsweg führt sie durch nebelverhangene Hügel und dichte Wä… [+8211 chars],,de,'Waldbrände Klimawandel'
https://www.dw.com/de/eukalyptus-feuer-br%C3%A4nde-hitze-wald-europa-brandbeschleuniger-entflammbar/a-77911446,https://www.dw.com/de/eukalyptus-feuer-br%C3%A4nde-hitze-wald-europa-brandbeschleuniger-entflammbar/a-77911446,0,www.dw.com,Hitze in Europa: Welche Rolle Eukalyptus bei Bränden spielt,Europa erlebt einen weiteren Sommer mit extremer Hitze und Warnungen vor Waldbränden. Dabei gerät ein aus Australien importierter Baum weltweit erneut in den Fokus: der Eukalyptus. Jedes Jahr durchqueren mehr als 400.000 Pilger und Pilgerinnen auf ihrem Weg n…,https://static.dw.com/image/77562892_6.jpg,2026-07-12T04:57:00Z,,Jedes Jahr durchqueren mehr als 400.000 Pilger und Pilgerinnen auf ihrem Weg nach Santiago de Compostela Galizien im Norden Spaniens. Der Jakobsweg führt sie durch nebelverhangene Hügel und dichte Wä… [+8211 chars],,de,'Waldbrände'
https://www.zeit.de/news/2026-07/12/feuerwehren-brauchen-mehr-technik-fuer-waldbrand-einsaetze,https://www.zeit.de/news/2026-07/12/feuerwehren-brauchen-mehr-technik-fuer-waldbrand-einsaetze,0,www.zeit.de,Kampf gegen Flammen: Feuerwehren: Brauchen mehr Technik für Waldbrand-Einsätze,Hier finden Sie Informationen zu dem Thema „Kampf gegen Flammen“. Lesen Sie jetzt „Feuerwehren: Brauchen mehr Technik für Waldbrand-Einsätze“.,https://img.zeit.de/news/2026-07/12/feuerwehren-brauchen-mehr-technik-fuer-waldbrand-einsaetze-image-group/wide__1300x731,2026-07-12T05:35:04Z,,"Die Gefahr von Waldbränden steigt erneut: Feuerwehren in Deutschland dringen auf mehr Investitionen in Fahrzeuge und Technik, um noch besser gegen Feuer in Wäldern und im Gelände gewappnet zu sein. «… [+2916 chars]",,de,'Waldbrand'
https://www.tagesspiegel.de/gesellschaft/panorama/kampf-gegen-flammen-feuerwehren-brauchen-mehr-technik-fur-waldbrand-einsatze-15830904.html,https://www.tagesspiegel.de/gesellschaft/panorama/kampf-gegen-flammen-feuerwehren-brauchen-mehr-technik-fur-waldbrand-einsatze-15830904.html,0,www.tagesspiegel.de,Kampf gegen Flammen: Feuerwehren: Brauchen mehr Technik für Waldbrand-Einsätze,In Spanien starben viele Menschen bei einem Waldbrand. In Nürnberg kämpften Einsatzkräfte ebenfalls gegen Flammen. Wie gut sich Feuerwehren gerüstet sehen.,https://www.tagesspiegel.de/images/15830903/alternates/BASE_16_9_W1400/1783834579000/feuerwehr-bei-waldbrand-einsatz.jpeg,2026-07-12T05:36:19Z,,"Die Gefahr von Waldbränden steigt erneut: Feuerwehren in Deutschland dringen auf mehr Investitionen in Fahrzeuge und Technik, um noch besser gegen Feuer in Wäldern und im Gelände gewappnet zu sein. W… [+2960 chars]",,de,'Waldbrand Hitze'
https://www.zeit.de/news/2026-07/12/waldbrandgefahr-in-thueringen-nimmt-wieder-zu,https://www.zeit.de/news/2026-07/12/waldbrandgefahr-in-thueringen-nimmt-wieder-zu,0,www.zeit.de,Trockenheit und Hitze: Waldbrandgefahr in Thüringen nimmt wieder zu,Hier finden Sie Informationen zu dem Thema „Trockenheit und Hitze“. Lesen Sie jetzt „Waldbrandgefahr in Thüringen nimmt wieder zu“.,https://img.zeit.de/news/2026-07/12/waldbrandgefahr-in-thueringen-nimmt-wieder-zu-image-group/wide__1300x731,2026-07-12T08:48:51Z,,"In Thüringen nimmt die Waldbrandgefahr zu. In Teilen Ost- und Südthüringens gilt die zweithöchste Warnstufe 4 für hohe Gefahr, wie aus einer Übersicht der Landesforstanstalt hervorgeht. Betroffen ist… [+477 chars]",,de,'Waldbrand'
https://www.zeit.de/wissenschaft/umwelt/2026-07/waldbrand-andalusien-spanien-almeria-evakuierung-tote,https://www.zeit.de/wissenschaft/umwelt/2026-07/waldbrand-andalusien-spanien-almeria-evakuierung-tote,0,www.zeit.de,Waldbrand in Almería: Feuerwehr bringt Waldbrand in Andalusien weitgehend unter Kontrolle,"Der Waldbrand in Andalusien ist eingedämmt, viele Menschen dürfen in ihre Häuser zurückkehren. Der spanische Ministerpräsident plant einen Besuch in der Region.",https://img.zeit.de/wissenschaft/umwelt/2026-07/waldbrand-andalusien-spanien-almeria-evakuierung-tote-foto-1/wide__1300x731,2026-07-12T10:48:20Z,,In der andalusischen Provinz Almería hat die Feuerwehr den verheerenden Waldbrand mit einem Großaufgebot und einer geänderten Taktik unter Kontrolle gebracht. Nach Angaben der Behörden durften etwa 1… [+1033 chars],,de,'Waldbrände'
https://www.bild.de/news/ausland/feueralarm-in-suedeuropa-hier-brennt-gerade-ihr-urlaubsort-ab-6a5330347bd88f2a3a25b7d0,https://www.bild.de/news/ausland/feueralarm-in-suedeuropa-hier-brennt-gerade-ihr-urlaubsort-ab-6a5330347bd88f2a3a25b7d0,0,www.bild.de,Feueralarm in Südeuropa - Hier brennt gerade Ihr Urlaubsort ab,"Die Hitzewelle hat Südeuropa fest im Griff. Die Sahara-Glut entfacht immer mehr Waldbrände: Hier lodern die Flammen, hier wird es gefährlich.","https://images.bild.de/6a5330347bd88f2a3a25b7d0/d0d2ce4ba9ff0d01051ff759fffd6e9c,b191f1e4?w=1280",2026-07-12T11:27:21Z,,"TTS-Player überspringenArtikel weiterlesenMehrere Urlaubsorte in Europa stehen in Flammen! In der besonders betroffenen Region Andalusien starben 12 Menschen, ganze Ortschaften wurden evakuiert, eine… [+3286 chars]",,de,'Waldbrände'
https://www.n-tv.de/panorama/Toedlicher-Waldbrand-in-Suedspanien-weitgehend-unter-Kontrolle-id31077054.html,https://www.n-tv.de/panorama/Toedlicher-Waldbrand-in-Suedspanien-weitgehend-unter-Kontrolle-id31077054.html,0,www.n-tv.de,Erste Evakuierte kehren zurück : Tödlicher Waldbrand in Südspanien weitgehend unter Kontrolle,"In Andalusien kämpfen seit Tagen Feuerwehrleute, Soldaten und freiwillige Helfer gegen die Flammen. Nun gibt es bei der tödlichen Brandtragödie erstmals Entwarnung: Das Feuer ist unter Kontrolle. Doch die Suche nach weiteren Opfern dauert an.",https://www.n-tv.de/img/31077100/1783861714/Img_16_9/1200/Einsatzkraefte-von-Infoca-bekaempfen-die-Flammen-in-Los-Gallardos-Der-Waldbrand-in-Almeria-gilt-als-der-bislang-schwerste-in-Andalusien-es-gibt-zahlreiche-Tote-und-Verletzte.jpg,2026-07-12T12:43:42Z,,"Erste Evakuierte kehren zurück Tödlicher Waldbrand in Südspanien weitgehend unter Kontrolle
Rund 500 Feuerwehrleute sind weiterhin im Einsatz. (Foto: picture alliance/dpa/Plan Infoca/Europapress)
I… [+4253 chars]",,de,'Waldbrand'
https://tirol.orf.at/stories/3362371/,https://tirol.orf.at/stories/3362371/,0,tirol.orf.at,Waldbrände und Appell zur Vorsicht,"In Tirol sind am Sonntag mehrere Waldbrände gemeldet worden. In Aldrans geriet ein rund 100 m2 großes Waldstück in Brand, in Lienz kam es im Bereich Hochstein zu einem kleineren Glimmbrand. Die Brandermittlungen liefen.",https://ibs.orf.at/tir?image=https%3A%2F%2Foekastatic.orf.at%2Fmims%2F2026%2F28%2F92%2Fcrops%2Fw%3D1200%2Ch%3D627%2Cq%3D75%2F3110022_master_1204692_4ff8613f-504e-4111-a129-c6e3ba4cfe6c.jpg%3Fs%3Ddd4a8f4bb91d0f641adb8422da8d2d5e1d500a0b,2026-07-12T17:32:39Z,,Gegen 12.40 wurde im Bereich des Waldgebiets Aigeseck im Gemeindegebiet von Aldrans ( Bezirk Innsbruck-Land) ein Brand auf einer Fläche von rund 100 m2 gemeldet. Die Freiwilligen Feuerwehren Aldrans … [+2145 chars],,de,'Waldbrände'
https://www.sueddeutsche.de/panorama/waldbraende-spanien-tote-evakuierungen-andalusien-li.3514782,https://www.sueddeutsche.de/panorama/waldbraende-spanien-tote-evakuierungen-andalusien-li.3514782,0,www.sueddeutsche.de,Andalusien: Zahl der Toten bei Waldbränden in Spanien steigt auf 13,Einer der schwersten Waldbrände in der Geschichte Spaniens kostete mindestens 13 Menschen das Leben. Viele der  Opfer sind ausländische Staatsangehörige. Bislang wurden nicht alle Leichen formell identifiziert.,https://www.sueddeutsche.de/2026/07/10/68bb3037-a1b9-40e8-9119-d550fdf6d68f.jpg?q=60&fm=webp&width=1200&rect=0%2C21%2C900%2C506,2026-07-12T23:27:23Z,,"Der Präsident der Regionalregierung von Andalusien, Juanma Moreno, hatte am Sonntagmittag mitgeteilt, das Feuer sei eingedämmt und seine Ausbreitung unter Kontrolle. Mehr als 7000 Hektar Land in der … [+1534 chars]",,de,'Waldbrände'
https://www.zeit.de/news/2026-07/13/waldbrandgefahr-in-hessen-steigt,https://www.zeit.de/news/2026-07/13/waldbrandgefahr-in-hessen-steigt,0,www.zeit.de,Gefahrenindex: Waldbrandgefahr in Hessen steigt,Hier finden Sie Informationen zu dem Thema „Gefahrenindex“. Lesen Sie jetzt „Waldbrandgefahr in Hessen steigt“.,https://img.zeit.de/news/2026-07/13/waldbrandgefahr-in-hessen-steigt-image-group/wide__1300x731,2026-07-13T02:00:33Z,,"Die Waldbrandgefahr in Hessen steigt infolge der anhaltenden Trockenheit. Am Montag wird im gesamten Bundesland mindestens die dritte Warnstufe erreicht, wie aus dem Waldbrandgefahrenindex des Deutsc… [+715 chars]",,de,'Waldbrand'
https://www.zeit.de/news/2026-07/13/anhaltende-waldbrandgefahr-in-rheinland-pfalz-und-saarland,https://www.zeit.de/news/2026-07/13/anhaltende-waldbrandgefahr-in-rheinland-pfalz-und-saarland,0,www.zeit.de,Gefahrenindex: Anhaltende Waldbrandgefahr in Rheinland-Pfalz und Saarland,Hier finden Sie Informationen zu dem Thema „Gefahrenindex“. Lesen Sie jetzt „Anhaltende Waldbrandgefahr in Rheinland-Pfalz und Saarland“.,https://img.zeit.de/news/2026-07/13/anhaltende-waldbrandgefahr-in-rheinland-pfalz-und-saarland-image-group/wide__1300x731,2026-07-13T02:00:52Z,,Die Waldbrandgefahr in Rheinland-Pfalz und dem Saarland bleibt infolge der anhaltenden Trockenheit hoch. Zum Beginn der kommenden Woche gilt in beiden Bundesländern weiterhin überall mindestens die d… [+861 chars],,de,'Waldbrand'
https://www.zeit.de/news/2026-07/13/weiter-heiss-und-trocken-waldbrandgefahr-ist-hoch,https://www.zeit.de/news/2026-07/13/weiter-heiss-und-trocken-waldbrandgefahr-ist-hoch,0,www.zeit.de,Wetter: Weiter heiß und trocken - Waldbrandgefahr ist hoch,Hier finden Sie Informationen zu dem Thema „Wetter“. Lesen Sie jetzt „Weiter heiß und trocken - Waldbrandgefahr ist hoch“.,https://img.zeit.de/news/2026-07/13/weiter-heiss-und-trocken-waldbrandgefahr-ist-hoch-image-group/wide__1300x731,2026-07-13T03:38:55Z,,Am Wochenende sind die Feuerwehren in Baden-Württemberg immer wieder zu brennenden Feldern und Wiesen ausgerückt - und die Situation bleibt nach Prognose des Deutschen Wetterdienstes (DWD) in den kom… [+1877 chars],,de,'Waldbrand Wetter'
https://www.bild.de/leben-wissen/reisen/italien-spanien-kann-ich-wegen-waldbraenden-den-urlaub-stornieren-6a53b6be8eaf4a27fe1e43d4,https://www.bild.de/leben-wissen/reisen/italien-spanien-kann-ich-wegen-waldbraenden-den-urlaub-stornieren-6a53b6be8eaf4a27fe1e43d4,0,www.bild.de,Feueralarm in europäischen Urlaubsländern - Was die Brände für Ihre Reise bedeuten,Hitze und Waldbrände! In europäischen Urlaubsgebieten wird die Lage immer dramatischer.,"https://images.bild.de/6a53b6be8eaf4a27fe1e43d4/f518479c7a605ba6667981766a2bc072,9c1cb47a?w=1280",2026-07-13T06:32:58Z,,TTS-Player überspringenArtikel weiterlesenHitze und Waldbrände! In europäischen Urlaubsgebieten wird die Lage immer dramatischer. Auf Echtzeitkarten der Nasa und des Europäischen Waldbrand-Informatio… [+2925 chars],,de,'Waldbrände'
https://www.n-tv.de/panorama/Heftiges-Feuer-zerstoert-Hunderte-Hektar-im-Wald-von-Fontainebleau-id31078486.html,https://www.n-tv.de/panorama/Heftiges-Feuer-zerstoert-Hunderte-Hektar-im-Wald-von-Fontainebleau-id31078486.html,0,www.n-tv.de,Autobahn teilweise gesperrt: Heftiges Feuer zerstört Hunderte Hektar im Wald von Fontainebleau,"Es ist eher ungewöhnlich für die Region: 50 Kilometer südlich von Paris gibt es einen so ""außerordentlichen"" Waldbrand, dass sogar Löschflugzeuge aus dem trockeneren Süden geschickt werden. Und die Flammen breiten sich weiter aus.",https://www.n-tv.de/img/31078488/1783927954/Img_16_9/1200/Firefighters-battle-an-exceptionally-large-wildfire-in-the-Fontainebleau-Forest-near-the-A6-motorway-in-Le-Vaudoue-Seine-et-Marne-France-on-July-13-2026-as-more-than-370-firefighters-and-130-vehicles-from-the-SDIS77-fire-service-work-to-contain-multiple-blazes-described-as-very-virulent-with-two-water-bombing-aircraft-dispatched-as-reinforcements-from-southern-France-and-several-road-diversions-put-in-place-on-the-A6-motorway-Photo-by-CLPress-ABACAPRESS.jpg,2026-07-13T06:40:41Z,,"Hunderte Feuerwehrleute sind im Einsatz. (Foto: picture alliance / abaca)
Es ist eher ungewöhnlich für die Region: 50 Kilometer südlich von Paris gibt es einen so ""außerordentlichen"" Waldbrand, dass… [+1641 chars]",,de,'Waldbrand'
https://www.zeit.de/news/2026-07/13/waldbrand-bei-paris-loeschflugzeuge-im-einsatz,https://www.zeit.de/news/2026-07/13/waldbrand-bei-paris-loeschflugzeuge-im-einsatz,0,www.zeit.de,Wald von Fontainebleau: Waldbrand bei Paris – Löschflugzeuge im Einsatz,Hier finden Sie Informationen zu dem Thema „Wald von Fontainebleau“. Lesen Sie jetzt „Waldbrand bei Paris – Löschflugzeuge im Einsatz“.,https://img.zeit.de/news/2026-07/13/waldbrand-bei-paris-loeschflugzeuge-im-einsatz-image-group/wide__1300x731,2026-07-13T08:36:04Z,,Im bekannten Wald von Fontainebleau südlich von Paris kämpfen rund 400 Feuerwehrleute gegen einen massiven Brand. Das am späten Sonntagnachmittag am Rande einer Autobahn ausgebrochene Feuer habe bere… [+1713 chars],,de,'Waldbrand'
https://www.tagesspiegel.de/gesellschaft/panorama/wald-von-fontainebleau-waldbrand-bei-paris--verdacht-auf-brandstiftung-15832974.html,https://www.tagesspiegel.de/gesellschaft/panorama/wald-von-fontainebleau-waldbrand-bei-paris--verdacht-auf-brandstiftung-15832974.html,0,www.tagesspiegel.de,Wald von Fontainebleau: Waldbrand bei Paris – Verdacht auf Brandstiftung,"Im Wald von Fontainebleau kämpfen 400 Feuerwehrleute gegen ein Feuer, das bereits 800 Hektar zerstört hat. Löschflugzeuge und Evakuierungen prägen die Lage südlich von Paris.",https://www.tagesspiegel.de/images/15832973/alternates/BASE_16_9_W1400/1783931834000/feuer-im-wald-von-fontainebleau.jpeg,2026-07-13T08:37:14Z,,Im bekannten Wald von Fontainebleau südlich von Paris kämpfen rund 400 Feuerwehrleute gegen einen massiven Brand. Das am späten Sonntagnachmittag am Rande einer Autobahn ausgebrochene Feuer habe bere… [+2056 chars],,de,'Waldbrand Evakuierung'
https://www.zeit.de/news/2026-07/13/britin-nach-waldbrand-in-spanien-im-krankenhaus-gestorben,https://www.zeit.de/news/2026-07/13/britin-nach-waldbrand-in-spanien-im-krankenhaus-gestorben,0,www.zeit.de,Flammeninferno: Britin nach Waldbrand in Spanien im Krankenhaus gestorben,Hier finden Sie Informationen zu dem Thema „Flammeninferno“. Lesen Sie jetzt „Britin nach Waldbrand in Spanien im Krankenhaus gestorben“.,https://img.zeit.de/news/2026-07/13/britin-nach-waldbrand-in-spanien-im-krankenhaus-gestorben-image-group/wide__1300x731,2026-07-13T08:58:24Z,,Die Zahl der Todesopfer des verheerenden Waldbrandes im Süden Spaniens hat sich auf 13 erhöht. Eine 93 Jahre alte Britin mit mehreren Vorerkrankungen sei im Krankenhaus ihren Brandverletzungen erlege… [+1774 chars],,de,'Waldbrand'
https://www.tagesspiegel.de/gesellschaft/panorama/flammeninferno-britin-nach-waldbrand-in-spanien-im-krankenhaus-gestorben-15833171.html,https://www.tagesspiegel.de/gesellschaft/panorama/flammeninferno-britin-nach-waldbrand-in-spanien-im-krankenhaus-gestorben-15833171.html,0,www.tagesspiegel.de,Flammeninferno: Britin nach Waldbrand in Spanien im Krankenhaus gestorben,Nach dem schweren Waldbrand im Süden Spaniens wird die Ausbreitung der Flammen gestoppt. Inzwischen gibt es 13 Tote.,https://www.tagesspiegel.de/images/15833170/alternates/BASE_16_9_W1400/1783933183000/waldbrand-in-andalusien.jpeg,2026-07-13T08:59:44Z,,Die Zahl der Todesopfer des verheerenden Waldbrandes im Süden Spaniens hat sich auf 13 erhöht. Eine 93 Jahre alte Britin mit mehreren Vorerkrankungen sei im Krankenhaus ihren Brandverletzungen erlege… [+1830 chars],,de,'Waldbrand'
https://www.zeit.de/news/2026-07/13/wie-forst-und-feuerwehr-waldbraende-besser-bekaempfen-wollen,https://www.zeit.de/news/2026-07/13/wie-forst-und-feuerwehr-waldbraende-besser-bekaempfen-wollen,0,www.zeit.de,Gemeinsam gegen die Flammen: Wie Forst und Feuerwehr Waldbrände besser bekämpfen wollen,Hier finden Sie Informationen zu dem Thema „Gemeinsam gegen die Flammen“. Lesen Sie jetzt „Wie Forst und Feuerwehr Waldbrände besser bekämpfen wollen“.,https://img.zeit.de/news/2026-07/13/wie-forst-und-feuerwehr-waldbraende-besser-bekaempfen-wollen-image-group/wide__1300x731,2026-07-13T10:00:08Z,,"Die Waldbrandgefahr ist in einigen Regionen von Rheinland-Pfalz derzeit hoch, Feuerwehren sind bereits mehrfach zu Bränden ausgerückt. Mit einer besonders schwierigen Lage hatten es vor rund zwei Woc… [+5102 chars]",,de,'Waldbrände'
https://orf.at/stories/3436052/,https://orf.at/stories/3436052/,0,orf.at,Ungewöhnlicher Waldbrand bei Paris,"Im bekannten Wald von Fontainebleau südlich von Paris kämpfen rund 400 Feuerwehrleute gegen einen großen Brand. Das am späten Sonntagnachmittag am Rande einer Autobahn ausgebrochene Feuer habe bereits 800 Hektar Wald zerstört und dehne sich weiter aus, teilte…",https://ibs.orf.at/news?image=https%3A%2F%2Fassets.orf.at%2Fmims%2F2026%2F29%2F42%2Fcrops%2Fw%3D1200%2Ch%3D630%2Cq%3D75%2F3111310_master_1205242_klima_frankreich_waldbrand_afp.jpg%3Fs%3D918a2c8e67bf90c3dd2b55f18e4b3113e1a8f34f,2026-07-13T10:44:00Z,,"Der Brand könne absichtlich gelegt worden sein, sagte Innenminister Laurent Nunez bei einem Besuch. Darauf deute eine Vielzahl von Brandherden in einem Umkreis von nur 1.000 Metern hin. Die Gendarmer… [+5427 chars]",,de,'Waldbrände'
https://www.morgenpost.de/panorama/article402304228/waldbrand-waldbraende-feuer-hitze-gruende-ausloeser.html,https://www.morgenpost.de/panorama/article402304228/waldbrand-waldbraende-feuer-hitze-gruende-ausloeser.html,0,www.morgenpost.de,Brandstiftung oder Blitzschlag? Wie die meisten Waldbrände wirklich entstehen,Europa wird immer öfter von verheerenden Waldbränden heimgesucht. Häufig werden Naturgewalten dafür verantwortlich gemacht. Doch stimmt das?,https://img.sparknews.funkemedien.de/412548579/412548579_1783943057_v16_9_1600.jpeg,2026-07-13T11:56:00Z,,Einmal mehr ächzt der Süden Europas auch im Sommer 2026 unter extremer Hitze. Temperaturen deutlich über 30 Grad machen den Menschen in vielen Regionen rund um das Mittelmeer zu schaffen und trocknen… [+3007 chars],,de,'Waldbrände'
https://www.zeit.de/wissenschaft/umwelt/2026-07/waldbrand-frankreich-fontainebleau-paris,https://www.zeit.de/wissenschaft/umwelt/2026-07/waldbrand-frankreich-fontainebleau-paris,0,www.zeit.de,Hitzewelle: Zahl der Toten durch Waldbrand in Spanien steigt,"Ein schwerer Brand in Andalusien hat 7.000 Hektar Vegetation zerstört, 13 Menschen sind gestorben. Auch in Frankreich kämpft die Feuerwehr gegen ein großes Feuer.",https://img.zeit.de/wissenschaft/umwelt/2026-07/waldbrand-frankreich-fontainebleau-paris-foto-1/wide__1300x731,2026-07-13T12:37:27Z,,"Die Zahl der Toten infolge des verheerenden Waldbrandes im Süden Spaniens 
hat sich auf 13 erhöht. Eine 93 Jahre alte Britin sei im Krankenhaus ihren Brandverletzungen erlegen, 
teilte die Regierun… [+2461 chars]",,de,'Waldbrand Hektar'
https://www.nzz.ch/panorama/verdacht-auf-brandstiftung-im-wald-von-fontainebleau-tobt-ein-grossbrand-ld.10015245,https://www.nzz.ch/panorama/verdacht-auf-brandstiftung-im-wald-von-fontainebleau-tobt-ein-grossbrand-ld.10015245,0,www.nzz.ch,Verdacht auf Brandstiftung: Im Wald von Fontainebleau tobt ein Grossbrand,"Frankreich kämpft seit Jahren gegen schwere Waldbrände im Sommer. Aber vor allem im Süden des Landes. Dass nun aber ausgerechnet vor den Toren von Paris die Flammen lodern, ist eine Zäsur.","https://img-msp-prod.nzz.ch/2026/07/13/4ff3d24a-e8f8-4557-a3f3-148156e531b0.jpg?width=1200&height=675&fit=bounds&quality=75&auto=webp&crop=4000,2250,x0,y0&wmark=nzz",2026-07-13T13:08:27Z,,"Frankreich kämpft seit Jahren gegen schwere Waldbrände im Sommer. Aber vor allem im Süden des Landes. Dass nun aber ausgerechnet vor den Toren von Paris die Flammen lodern, ist eine Zäsur.
Zusammenf… [+4213 chars]",,de,'Waldbrände'
https://www.zeit.de/news/2026-07/13/waldbrand-auf-frueherem-militaergelaende-bei-jueterbog,https://www.zeit.de/news/2026-07/13/waldbrand-auf-frueherem-militaergelaende-bei-jueterbog,0,www.zeit.de,Gelände mit Munition belastet: Waldbrand auf früherem Militärgelände bei Jüterbog,Hier finden Sie Informationen zu dem Thema „Gelände mit Munition belastet“. Lesen Sie jetzt „Waldbrand auf früherem Militärgelände bei Jüterbog“.,https://img.zeit.de/news/2026-07/13/waldbrand-auf-frueherem-militaergelaende-bei-jueterbog-image-group/wide__1300x731,2026-07-13T15:24:42Z,,"Auf dem ehemaligen Truppenübungsplatz bei Jüterbog in Brandenburg ist ein Feuer ausgebrochen. Es brenne auf einer Fläche von 2,4 Hektar, sagte ein Sprecher der Feuerwehrleitstelle in Brandenburg an d… [+1267 chars]",,de,'Waldbrand'
https://www.tagesspiegel.de/berlin/gelande-mit-munition-belastet-waldbrand-auf-fruherem-militargelande-bei-juterbog-15834898.html,https://www.tagesspiegel.de/berlin/gelande-mit-munition-belastet-waldbrand-auf-fruherem-militargelande-bei-juterbog-15834898.html,0,www.tagesspiegel.de,Gelände mit Munition belastet: Waldbrand auf früherem Militärgelände bei Jüterbog,Auf dem ehemaligen Truppenübungsplatz bei Jüterbog in Brandenburg ist erneut ein Feuer ausgebrochen. Es ist nicht das erste Mal.,https://www.tagesspiegel.de/images/15834897/alternates/BASE_16_9_W1400/1783956356000/waldbrand-auf-munitionsbelastetem-gelande-bei-juterbog.jpeg,2026-07-13T15:25:56Z,,"Auf dem ehemaligen Truppenübungsplatz bei Jüterbog in Brandenburg ist ein Feuer ausgebrochen. Es brenne auf einer Fläche von 2,4 Hektar, sagte ein Sprecher der Feuerwehrleitstelle in Brandenburg an d… [+1315 chars]",,de,'Waldbrand'
https://www.tagesspiegel.de/potsdam/brandenburg/brandwache-beobachtet-gelande-feuer-auf-fruherem-militargelande-in-juterbog-erloschen-15834942.html,https://www.tagesspiegel.de/potsdam/brandenburg/brandwache-beobachtet-gelande-feuer-auf-fruherem-militargelande-in-juterbog-erloschen-15834942.html,0,www.tagesspiegel.de,Brandwache beobachtet Gelände: Feuer auf früherem Militärgelände in Jüterbog erloschen,"Auf dem ehemaligen Truppenübungsplatz im Brandenburger Jüterbog brach am Montag erneut ein Waldbrand aus. Betroffen war eine Fläche von rund 2,4 Hektar.",https://www.tagesspiegel.de/images/15553471/alternates/BASE_16_9_W1400/1777893763000/weitere-entwicklung-beim-waldbrand.jpeg,2026-07-13T16:02:32Z,,"Das Feuer auf dem ehemaligen Truppenübungsplatz in Jüterbog ist erloschen. Eine Brandwache sei eingerichtet und werde durch die örtliche Feuerwehr koordiniert, hieß es von der Regionalleitstelle Bran… [+1299 chars]",,de,'Waldbrand'
https://www.morgenpost.de/brandenburg/article412570027/waldbrand-bei-jueterbog-frueheres-militaergelaende-steht-in-flammen.html,https://www.morgenpost.de/brandenburg/article412570027/waldbrand-bei-jueterbog-frueheres-militaergelaende-steht-in-flammen.html,0,www.morgenpost.de,Waldbrand bei Jüterbog: Früheres Militärgelände steht in Flammen,Auf einem ehemaligen Militärgelände bei Jüterbog brennt der Wald auf mehreren Hektar. Die Anwohner sollen Türen und Fenster geschlossen halten.,https://img.sparknews.funkemedien.de/412570026/412570026_1783959288_v16_9_1600.jpeg,2026-07-13T16:14:46Z,,Auf dem ehemaligen Militärgelände bei Jüterbog in Brandenburg ist ein Waldbrand ausgebrochen. Nach Angaben eines Sprechers der Feuerwehrleitstelle Brandenburg an der Havel umfasst das Feuer eine Fläc… [+1284 chars],,de,'Waldbrand Hektar'
https://www.morgenpost.de/panorama/article412569428/waldbraende-in-europa-wo-es-brennt-und-was-urlauber-wissen-muessen.html,https://www.morgenpost.de/panorama/article412569428/waldbraende-in-europa-wo-es-brennt-und-was-urlauber-wissen-muessen.html,0,www.morgenpost.de,Waldbrände in Europa: Wo es brennt – und was Urlauber wissen müssen,Extreme Temperaturen und Trockenheit führen in vielen europäischen Ländern zu heftigen Waldbränden. Wo es brennt – und was Urlauber rechtlich tun können.,https://img.sparknews.funkemedien.de/412569622/412569622_1783959703_v16_9_1600.jpeg,2026-07-13T16:21:44Z,,"Extreme Hitze und anhaltende Dürre setzen großen Teilen Europas zu. In mehreren Ländern wüten derzeit Waldbrände darunter in beliebten Urlaubsländern wie Spanien, Italien und Frankreich. Besonders bi… [+7286 chars]",,de,'Waldbrände'
https://www.tagesschau.de/ausland/europa/hitzewelle-europa-deutschland-100.html,https://www.tagesschau.de/ausland/europa/hitzewelle-europa-deutschland-100.html,0,www.tagesschau.de,Mehr als 35 Grad: Europa ächzt unter der nächsten Hitzewelle,"Von Griechenland bis Nordengland: Eine erneute Hitzewelle hat das Wetter in Europa im Griff. In mehreren Ländern kommt es zu Waldbränden, die teils extrem hohen Temperaturen sind aber auch eine große Gefahr für Menschen.",https://images.tagesschau.de/image/fe10fb26-08a2-418c-9fa4-bfa518b769a7/AAABn1xNmjY/AAABnSSvrFg/16x9-big/hitze-italien-108.jpg?width=1280,2026-07-13T16:26:57Z,,"Stand: 13.07.2026 18:26 Uhr
Von Griechenland bis Nordengland: Eine erneute Hitzewelle hat das Wetter in Europa im Griff. In mehreren Ländern kommt es zu Waldbränden, die teils extrem hohen Temperatu… [+4381 chars]",,de,'Waldbrände'
https://www.n-tv.de/panorama/Erste-Waldbrandopfer-identifiziert-Fuenf-von-sechs-sind-Touristen-id31081321.html,https://www.n-tv.de/panorama/Erste-Waldbrandopfer-identifiziert-Fuenf-von-sechs-sind-Touristen-id31081321.html,0,www.n-tv.de,Feuer in Andalusien: Erste Waldbrandopfer identifiziert: Fünf von sechs sind Touristen,"Die Waldbrände in Andalusien sind verheerend, aber langsam unter Kontrolle. Derweil können erste Todesopfer identifiziert werden. Von den sechs nun bekannten Personen handelt es sich in fünf Fällen um Touristen.",https://www.n-tv.de/img/31081376/1783963089/Img_16_9/1200/Ein-von-Waldbraenden-verwuestetes-Gebiet-Der-Waldbrand-in-der-Provinz-Almeria-gilt-als-der-bisher-toedlichste-des-21-Jahrhunderts-in-Spanien-Unter-den-Opfern-befinden-sich-mutmasslich-auch-Auslaender.jpg,2026-07-13T17:19:21Z,,"Feuer in AndalusienErste Waldbrandopfer identifiziert: Fünf von sechs sind Touristen
Die Flammen ließen in der Region rund um Almeria fast nichts übrig. (Foto: picture alliance/dpa/AP)
Die Waldbrän… [+2799 chars]",,de,'Waldbrände'
https://www.tagesschau.de/ausland/europa/spanien-andalusien-feuer-100.html,https://www.tagesschau.de/ausland/europa/spanien-andalusien-feuer-100.html,0,www.tagesschau.de,7.000 Hektar verbrannt und 13 Tote bei Waldbrand in Spanien,Nach dem schweren Waldbrand in Andalusien ist die Ausbreitung des Feuers bei Almería gestoppt. Erste Anwohner kehren zurück in ihre Häuser. Regierungschef Sánchez verspricht bei seinem Besuch in der Region Mittel für den Wiederaufbau. Von A. Mundt.,https://images.tagesschau.de/image/8abb51c3-ea47-469a-88db-ea5d9e55ea82/AAABn1zXJ6Y/AAABnSSvrFg/16x9-big/almeria-feuer-100.jpg?width=1280,2026-07-13T18:57:12Z,,"Stand: 13.07.2026 20:57 Uhr
Nach dem schweren Waldbrand in Andalusien ist die Ausbreitung des Feuers bei Almería gestoppt. Erste Anwohner kehren zurück in ihre Häuser. Regierungschef Sánchez verspri… [+2351 chars]",,de,'Waldbrand'
https://orf.at/stories/3436138/,https://orf.at/stories/3436138/,0,orf.at,Festnahmen nach Waldbrand nahe Paris,,https://orf.at/mojo/1_4_1/storyserver//news/common/images/og-fallback-news.png,2026-07-14T05:25:14Z,,Nach dem Ausbruch eines Großbrandes im Wald von Fontainebleau südlich von Paris sind zwei Verdächtige festgenommen worden. Sie seien wegen vorsätzlicher oder fahrlässiger Brandstiftung in Gewahrsam g… [+608 chars],,de,'Waldbrand'
https://www.tagesspiegel.de/berlin/brandwache-uber-nacht-feuer-auf-fruherem-militargelande-in-juterbog-brennt-weiter-15835478.html,https://www.tagesspiegel.de/berlin/brandwache-uber-nacht-feuer-auf-fruherem-militargelande-in-juterbog-brennt-weiter-15835478.html,0,www.tagesspiegel.de,Brandwache über Nacht: Feuer auf früherem Militärgelände in Jüterbog brennt weiter,Auf dem ehemaligen Truppenübungsplatz im Brandenburger Jüterbog brach am Montag erneut ein Waldbrand aus. In der Nacht war eine Brandwache im Einsatz.,https://www.tagesspiegel.de/images/15835477/alternates/BASE_16_9_W1400/1784010407000/waldbrand-auf-munitionsbelastetem-gelande-bei-juterbog.jpeg,2026-07-14T06:26:47Z,,Eine Brandwache hat in der Nacht den Waldbrand auf dem ehemaligen Truppenübungsplatz im Brandenburger Jüterbog beobachtet. Laut der Regionalleitstelle Brandenburg an der Havel brannte das Feuer am Mo… [+2572 chars],,de,'Waldbrand'
https://www.dw.com/de/deutsches-startup-erkennt-waldbr%C3%A4nde-mit-satelliten-und-ki/a-77886982,https://www.dw.com/de/deutsches-startup-erkennt-waldbr%C3%A4nde-mit-satelliten-und-ki/a-77886982,0,www.dw.com,Deutsches Startup erkennt Waldbrände mit Satelliten und KI,Kostenlose Satellitendaten gibt es längst. Doch ihre Daten sind oft zu spät oder zu ungenau. Das Startup Ororatech erkennt dank KI und eigener Wärmebildsatelliten Feuer schneller und optimiert so die Waldbrandbekämpfung.,https://static.dw.com/image/77306277_6.jpg,2026-07-14T08:39:00Z,,"In Spanien, Portugal und vor allem in Südfrankreich kämpfen zurzeit hunderte Feuerwehrleute gegen die Flammen. Wo es sonst noch brennt, zeigt das Fire Information for Resource Mangament System FIRMS … [+6977 chars]",,de,'Waldbrände'
https://www.dw.com/de/wie-das-startup-ororatech-waldbr%C3%A4nde-mit-satelliten-und-ki-fr%C3%BCher-erkennt/a-77886982,https://www.dw.com/de/wie-das-startup-ororatech-waldbr%C3%A4nde-mit-satelliten-und-ki-fr%C3%BCher-erkennt/a-77886982,0,www.dw.com,Wie das Startup Ororatech Waldbrände mit Satelliten und KI früher erkennt,"Mit eigenen Wärmebildsatelliten und KI erkennt das deutsche Startup Ororatech Waldbrände oft früher als herkömmliche Systeme. Die Technologie kann weltweit Echtzeitdaten liefern und hilft, Brände schneller einzudämmen.",https://static.dw.com/image/77306277_6.jpg,2026-07-14T08:39:00Z,,"Im Juli kämpfen in Spanien, Portugal und Frankreich hunderte Feuerwehrleute gegen die Flammen. Wo es sonst noch brennt, zeigt die Karte des Fire Information for Resource Mangament Systems (FIRMS) der… [+7220 chars]",,de,'Waldbrände'
https://www.dw.com/de/hitze-feuer-braende-duerre-waldbraende-nasa-satellit-ki-kuenstliche-intelligenz-esa-ororatech/a-77886982,https://www.dw.com/de/hitze-feuer-braende-duerre-waldbraende-nasa-satellit-ki-kuenstliche-intelligenz-esa-ororatech/a-77886982,0,www.dw.com,Der Kampf gegen Waldbrände beginnt im All,"Das Münchner Startup Ororatech nutzt eigene Wärmebildsatelliten und künstliche Intelligenz, um Waldbrände weltweit frühzeitig zu erkennen. Die Technologie liefert Feuerwehr und Behörden Echtzeitdaten zur Brandbekämpfung.",https://static.dw.com/image/77306277_6.jpg,2026-07-14T08:39:00Z,,"Im Juli kämpfen in Spanien, Portugal und Frankreich hunderte Feuerwehrleute gegen die Flammen. Wo es sonst noch brennt, zeigt die Karte des Fire Information for Resource Mangament Systems (FIRMS)
de… [+7258 chars]",,de,'Waldbrände'
https://taz.de/Klimakrise-in-Brandenburg/!6195883/,https://taz.de/Klimakrise-in-Brandenburg/!6195883/,0,taz.de,Klimakrise in Brandenburg: Waldbrände und Wasserentnahmestopp,Die Hälfte der Landkreise in Brandenburg verhängt ein Entnahmestopps für Oberflächengewässer. Einschränkungen für die Industrie gibt's hingegen keine.,https://taz.de/picture/8609426/1200/533970917.jpeg,2026-07-14T09:50:00Z,,Die Hälfte der Landkreise in Brandenburg verhängt ein Entnahmestopps für Oberflächengewässer. Einschränkungen für die Industrie gibt's hingegen keine. mehr...,,de,'Waldbrände'
https://www.welt.de/regionales/sachsen-anhalt/article6a55f7febd016e39ef426b7e/waldbrand-bei-leuna-mehr-als-100-einsatzkraefte-kaempfen-gegen-flammen-bei-spergau.html,https://www.welt.de/regionales/sachsen-anhalt/article6a55f7febd016e39ef426b7e/waldbrand-bei-leuna-mehr-als-100-einsatzkraefte-kaempfen-gegen-flammen-bei-spergau.html,0,www.welt.de,Waldbrand bei Leuna: Mehr als 100 Einsatzkräfte kämpfen gegen Flammen bei Spergau,Mehr als 100 Einsatzkräfte waren bei einem Waldbrand zwischen Leuna und Spergau im Einsatz.(Symbolbild),https://images.welt.de/6a55f7febd016e39ef426b7e/ccd0dce4c0f2895c1f31acdb15d19107/ci16x9-w1200/dpa-com-260710-935-1470723-jpg,2026-07-14T10:00:31Z,,"Auf einer Fläche von rund 800 mal 200 Metern brannte es zwischen Leuna und Spergau. Wind trieb das Feuer an.
Am Sonntag, 12. Juli 2026, brach am frühen Nachmittag in einem Waldstück zwischen Leuna u… [+525 chars]",,de,'Waldbrand'
https://www.faz.net/aktuell/gesellschaft/menschen/liveticker-zur-hitzewelle-in-deutschland-neue-warnung-vor-unwettern-mit-starkregen-hagel-und-sturmboeen-faz-200949959.html,https://www.faz.net/aktuell/gesellschaft/menschen/liveticker-zur-hitzewelle-in-deutschland-neue-warnung-vor-unwettern-mit-starkregen-hagel-und-sturmboeen-faz-200949959.html,0,www.faz.net,"Hitze-Liveblog: Neue Warnung vor Unwettern mit Starkregen, Hagel und Sturmböen",Besonders von der Mitte bis nach Süddeutschland +++ Wetterdienst: Hitze im Juni hat neue Maßstäbe gesetzt +++ Großer Waldbrand nahe Paris +++ alle Entwicklungen im Liveblog,https://media0.faz.net/image/w1200h627/9cf25b3de335/w6000h3135x0y1185o/202607/43601.0.2331713897/dunkle-gewitterwolken-ziehen.webp,2026-07-14T10:01:09Z,,"Im Kampf gegen einen Waldbrand im Großbrand Paris sind erstmals zwei Löschflugzeuge vom Typ Canadair entsandt worden.  Sie schöpfen ihr Löschwasser im Niedrigflug aus der Seine, wie auf zahlreichen V… [+433 chars]",,de,'Waldbrand Hitze'
https://www.faz.net/aktuell/gesellschaft/menschen/liveticker-zur-hitzewelle-in-deutschland-unwettergefahr-bis-zum-wochenende-dann-wird-es-kuehler-faz-200949959.html,https://www.faz.net/aktuell/gesellschaft/menschen/liveticker-zur-hitzewelle-in-deutschland-unwettergefahr-bis-zum-wochenende-dann-wird-es-kuehler-faz-200949959.html,0,www.faz.net,Hitze-Liveblog: Unwettergefahr bis zum Wochenende – dann wird es kühler,Besonders von der Mitte bis nach Süddeutschland +++ Wetterdienst: Hitze im Juni hat neue Maßstäbe gesetzt +++ Großer Waldbrand nahe Paris +++ alle Entwicklungen im Liveblog,https://media0.faz.net/image/w1200h627/a7de8847a498/w6000h3135x0y188o/202607/43601.0.2332757289/ein-blitz-schlaegt-am-morgen.webp,2026-07-14T10:58:32Z,,"Im Kampf gegen einen Waldbrand im Großbrand Paris sind erstmals zwei Löschflugzeuge vom Typ Canadair entsandt worden.  Sie schöpfen ihr Löschwasser im Niedrigflug aus der Seine, wie auf zahlreichen V… [+433 chars]",,de,'Waldbrand Hitze'
https://www.diepresse.com/37188443/waldbrand-suedlich-von-paris-wuetet-weiter-etwa-2000-hektar-abgebrannt,https://www.diepresse.com/37188443/waldbrand-suedlich-von-paris-wuetet-weiter-etwa-2000-hektar-abgebrannt,0,www.diepresse.com,Waldbrand südlich von Paris wütet weiter: Etwa 2000 Hektar abgebrannt,"Während wegen des Verdachts auf Brandstiftung ermittelt wird, warnen Experten, dass die Folgen der Klimaerwärmung fahrlässiges oder vorsätzliches Handeln zusätzlich verschärfen.",https://img.diepresse.com/public/incoming/1zlury-imagost0713224200010861497531jpg/alternates/WEBP_WIDE_1200/imago_st_0713_22420001_0861497531.jpg,2026-07-14T11:30:53Z,,"Die Presse auf Google als bevorzugte Nachrichtenquelle hinzufügen.
 Der bisher größte Waldbrand bei Fontainebleau südlich von Paris wütet weiter: Bisher brannten mehr als 2.000 Hektar der grünen Lun… [+1624 chars]",,de,'Waldbrand Hektar'
https://www.morgenpost.de/panorama/article412579420/frankreich-waldbrand-tobt-nahe-paris-polizei-verhaftet-mutmassliche-brandstifter.html,https://www.morgenpost.de/panorama/article412579420/frankreich-waldbrand-tobt-nahe-paris-polizei-verhaftet-mutmassliche-brandstifter.html,0,www.morgenpost.de,Waldbrand bei Paris sorgt für Chaos – Polizei verhaftet mutmaßliche Brandstifter,Ein Augenzeuge soll die Ermittler auf die Spur der beiden jungen Männer gebracht haben. Die Feuerwehr kämpft weiter gegen die Flammen.,https://img.sparknews.funkemedien.de/412579404/412579404_1784041853_v16_9_1600.jpeg,2026-07-14T15:10:53Z,,"Fontainebleau, das ist für die französische Wahrnehmung nicht nur eine frühere Königsresidenz, sondern auch ein riesiger Wald von 20.000 Hektar. Früher gingen die Monarchen dort auf die Jagd; heute i… [+2423 chars]",,de,'Waldbrand'
https://www.zeit.de/news/2026-07/14/feuerwehrmann-gesteht-mitschuld-an-waldbrand-bei-paris,https://www.zeit.de/news/2026-07/14/feuerwehrmann-gesteht-mitschuld-an-waldbrand-bei-paris,0,www.zeit.de,Wald von Fontainebleau: Feuerwehrmann gesteht Mitschuld an Waldbrand bei Paris,Hier finden Sie Informationen zu dem Thema „Wald von Fontainebleau“. Lesen Sie jetzt „Feuerwehrmann gesteht Mitschuld an Waldbrand bei Paris“.,https://img.zeit.de/news/2026-07/14/feuerwehrmann-gesteht-mitschuld-an-waldbrand-bei-paris-image-group/wide__1300x731,2026-07-14T16:41:31Z,,"Nach dem verheerenden Brand im bekannten Wald von Fontainebleau südlich von Paris hat die Polizei sechs Menschen unter dem Verdacht der Brandstiftung festgenommen. Zwei Männer, darunter ein freiwilli… [+1099 chars]",,de,'Waldbrand'
https://www.tagesspiegel.de/gesellschaft/panorama/wald-von-fontainebleau-feuerwehrmann-gesteht-mitschuld-an-waldbrand-bei-paris-15838994.html,https://www.tagesspiegel.de/gesellschaft/panorama/wald-von-fontainebleau-feuerwehrmann-gesteht-mitschuld-an-waldbrand-bei-paris-15838994.html,0,www.tagesspiegel.de,Wald von Fontainebleau: Feuerwehrmann gesteht Mitschuld an Waldbrand bei Paris,"850 Einsatzkräfte kämpfen gegen ein Flammenmeer bei Paris, während ein Feuerwehrmann und ein Raucher ihre Beteiligung an dem Waldbrand einräumen. Hunderte Anwohner werden in Sicherheit gebracht.",https://www.tagesspiegel.de/images/15838993/alternates/BASE_16_9_W1400/1784047358000/waldbrand-bei-paris.jpeg,2026-07-14T16:42:38Z,,"Nach dem verheerenden Brand im bekannten Wald von Fontainebleau südlich von Paris hat die Polizei sechs Menschen unter dem Verdacht der Brandstiftung festgenommen. Zwei Männer, darunter ein freiwilli… [+1149 chars]",,de,'Waldbrand Rauch'
https://www.tagesspiegel.de/gesellschaft/panorama/zundete-mit-feuerzeug-und-benzin-reisig-an-feuerwehrmann-gesteht-brandstiftung-im-wald-von-fontainebleau-nahe-paris-15839085.html,https://www.tagesspiegel.de/gesellschaft/panorama/zundete-mit-feuerzeug-und-benzin-reisig-an-feuerwehrmann-gesteht-brandstiftung-im-wald-von-fontainebleau-nahe-paris-15839085.html,0,www.tagesspiegel.de,„Er zündete mit Feuerzeug und Benzin Reisig an“: Feuerwehrmann gesteht Brandstiftung im Wald von Fontainebleau nahe Paris,"850 Einsatzkräfte kämpfen gegen ein Flammenmeer bei Paris, während ein Feuerwehrmann und ein Raucher ihre Beteiligung an dem Waldbrand einräumen. Hunderte Anwohner werden in Sicherheit gebracht.",https://www.tagesspiegel.de/images/15840685/alternates/BASE_16_9_W1400/1784110682000/firefighters-battle-fontainebleau-forest-blaze-near-paris.jpeg,2026-07-14T17:02:40Z,,"Nach dem verheerenden Brand im bekannten Wald von Fontainebleau südlich von Paris hat die Polizei sechs Menschen unter dem Verdacht der Brandstiftung festgenommen. Zwei Männer, darunter ein freiwilli… [+3383 chars]",,de,'Waldbrand Feuerwehr'
https://www.zeit.de/news/2026-07/14/waldbrand-in-iserlohn-feuerwehr-rettet-leitungsmonteure,https://www.zeit.de/news/2026-07/14/waldbrand-in-iserlohn-feuerwehr-rettet-leitungsmonteure,0,www.zeit.de,Arbeiter von Feuer überrascht: Waldbrand in Iserlohn - Feuerwehr rettet Leitungsmonteure,Hier finden Sie Informationen zu dem Thema „Arbeiter von Feuer überrascht“. Lesen Sie jetzt „Waldbrand in Iserlohn - Feuerwehr rettet Leitungsmonteure“.,https://img.zeit.de/news/2026-07/14/waldbrand-in-iserlohn-feuerwehr-rettet-leitungsmonteure-image-group/wide__1300x731,2026-07-14T19:31:49Z,,Bei einem Waldbrand in Iserlohn im Sauerland haben Feuerwehrleute mehr als zehn Monteure einer Hochspannungsleitung unverletzt in Sicherheit gebracht. Gegen 16.00 Uhr sei aus ungeklärter Ursache ein … [+1145 chars],,de,'Waldbrand'
https://www.n-tv.de/panorama/Evakuierungen-wegen-Waldbrand-im-Mueritz-Nationalpark-id31086255.html,https://www.n-tv.de/panorama/Evakuierungen-wegen-Waldbrand-im-Mueritz-Nationalpark-id31086255.html,0,www.n-tv.de,Einsatzkräfte hoffen auf Regen: Evakuierungen wegen Waldbrand im Müritz-Nationalpark,Nach dem Zweiten Weltkrieg nutzt die Sowjetarmee einen Teil des heutigen Müritz-Nationalparks im Süden Mecklenburg-Vorpommerns als Truppenübungsplatz. Ein Waldstück mit Kiefern brennt. Die Explosionsgefahr alter Munition erschwert die Löscharbeiten.,https://www.n-tv.de/img/31086254/1784079072/Img_16_9/1200/Rauch-steigt-bei-einem-Feuer-im-Mueritz-Nationalpark-auf-Die-Brandflaeche-wuchs-nach-Angaben-des-Sprechers-des-Landkreises-Mecklenburgische-Seenplatte-auf-rund-6-300-Quadratmeter-an-das-entspricht-ungefaehr-einem-Fussballfeld.jpg,2026-07-14T23:39:22Z,,"Wegen Munition im Boden muss die Feuerwehr einen Sicherheitsabstand von 1000 Metern einhalten. (Foto: picture alliance/dpa/Landkreis Mecklenburgische Seenplatte)
Nach dem Zweiten Weltkrieg nutzt die… [+2011 chars]",,de,'Waldbrand Feuerwehr'
https://www.n-tv.de/panorama/Meiste-Waldbrand-Opfer-in-Spanien-waren-Auslaender-id31086282.html,https://www.n-tv.de/panorama/Meiste-Waldbrand-Opfer-in-Spanien-waren-Auslaender-id31086282.html,0,www.n-tv.de,13 Tote in Andalusien: Meiste Waldbrand-Opfer in Spanien waren Ausländer,"Vergangene Woche bricht in der andalusischen Provinz Almería ein Feuer aus - mutmaßlich ausgelöst durch ein Stromkabel. Viele der geborgenen Leichen sind durch die Flammen stark entstellt, sodass Gerichtsmediziner die Identitäten mit DNA-Analysen klären müsse…",https://www.n-tv.de/img/31086284/1784082916/Img_16_9/1200/Ein-von-Waldbraenden-verwuestetes-Gebiet-Der-Waldbrand-in-der-Provinz-Almeria-gilt-als-der-bisher-toedlichste-des-21-Jahrhunderts-in-Spanien-Unter-den-Opfern-befinden-sich-mutmasslich-auch-Auslaender.jpg,2026-07-15T00:42:57Z,,"Bei dem Feuer in der andalusischen Provinz Almería sind Tausende Hektar Land niedergebrannt. (Foto: picture alliance/dpa/AP)
Vergangene Woche bricht in der andalusischen Provinz Almería ein Feuer au… [+1210 chars]",,de,'Waldbrand'
https://www.bild.de/news/ausland/mit-benzin-feuerwehrmann-legte-das-riesenfeuer-vor-paris-6a56e27a88b6b373594b20c7,https://www.bild.de/news/ausland/mit-benzin-feuerwehrmann-legte-das-riesenfeuer-vor-paris-6a56e27a88b6b373594b20c7,0,www.bild.de,Mit Benzin! - Feuerwehrmann legte das Riesenfeuer vor Paris,"Fontainebleau (Frankreich) – Er sollte Feuer löschen. Stattdessen legte er es. Ein freiwilliger Feuerwehrmann hat gestanden, den Waldbrand selbst entfacht zu haben.","https://images.bild.de/6a56e27a88b6b373594b20c7/b9d2909df54f4794fc71367e049a4802,73b17710?w=1280",2026-07-15T02:45:00Z,,"TTS-Player überspringenArtikel weiterlesenFontainebleau (Frankreich) Er sollte Feuer löschen. Stattdessen legte er es. Ein freiwilliger Feuerwehrmann hat gestanden, den verheerenden Waldbrand bei Par… [+2005 chars]",,de,'Waldbrand'
https://www.tagesspiegel.de/gesellschaft/panorama/waldbrand-in-andalusien-zwolf-auslander-unter-den-opfern-15839415.html,https://www.tagesspiegel.de/gesellschaft/panorama/waldbrand-in-andalusien-zwolf-auslander-unter-den-opfern-15839415.html,0,www.tagesspiegel.de,Waldbrand in Andalusien: Zwölf Ausländer unter den Opfern,Die spanischen Behörden haben nach dem verheerenden Waldbrand alle Todesopfer identifiziert. Von 13 Todesopfern handelt es sich bei zwölf um nicht-spanische Staatsbürger.,https://www.tagesspiegel.de/images/15839426/alternates/BASE_16_9_W1400/1784087730000/spain-fire-emergency.jpeg,2026-07-15T03:57:33Z,,"Nach dem folgenschweren Waldbrand in Andalusien haben die spanischen Behörden alle Todesopfer identifiziert. Bei dem Feuer seien sieben Briten, drei Belgier, eine Französin, eine US-Bürgerin und ein … [+1122 chars]",,de,'Waldbrand Todesopfer'
https://noe.orf.at/stories/3362705/,https://noe.orf.at/stories/3362705/,0,noe.orf.at,Waldbrände: Feuerwehr „gut vorbereitet“,"Hitze und Trockenheit fordern die Feuerwehren im Bundesland zunehmend. Immer öfter gibt es Waldbrände und Feuer, die von überhitzten Geräten ausgelöst werden. Niederösterreich sei aber gut vorbereitet, sagt Landesfeuerwehrkommandant Dietmar Fahrafellner.",https://ibs.orf.at/noe?image=https%3A%2F%2Foekastatic.orf.at%2Fmims%2F2023%2F19%2F87%2Fcrops%2Fw%3D1200%2Ch%3D627%2Cq%3D75%2F1784957_master_663587_brand_1.jpg%3Fs%3D4be56e2942210f8b885e34f271dd87749e1d02c2,2026-07-15T04:02:58Z,,"Flurbrände auf Äckern, brennende Traktoren oder Wälder, die in Flammen stehen die niederösterreichischen Feuerwehren rücken derzeit besonders häufig aus. Denn das Land kämpft nach wie vor mit anhalte… [+2937 chars]",,de,'Waldbrände'
https://www.derstandard.at/story/3000000331525/waldbrand-suedlich-von-paris-feuerwehrmann-gesteht-brandstiftung,https://www.derstandard.at/story/3000000331525/waldbrand-suedlich-von-paris-feuerwehrmann-gesteht-brandstiftung,0,www.derstandard.at,Waldbrand südlich von Paris: Feuerwehrmann gesteht Brandstiftung,"Der Mann habe gestanden, mit einem Feuerzeug und Benzin Reisig angezündet zu haben, so die Staatsanwältin von Fontainebleau. Sechs Verdächtige wurden in Polizeigewahrsam genommen",https://i.ds.at/GuIESg/rs:fill:1200:600/plain/lido-images/2026/07/15/d2dbcd49-a8fc-4998-a4df-14489d803586.jpg,2026-07-15T05:28:01Z,,"Der Waldbrand etwa 60 Kilometer südlich von Paris war Dienstagmittag noch immer nicht unter Kontrolle.
IMAGO/Lafargue Raphael/ABACA
Fontainebleau Ein Mitglied der freiwilligen Feuerwehr hat sich zu… [+929 chars]",,de,'Waldbrand Feuerwehr'
https://oe3.orf.at/stories/3054187/,https://oe3.orf.at/stories/3054187/,0,oe3.orf.at,Waldbrand südlich von Paris eingedämmt,"<ul><li>Der seit Sonntag wütende Waldbrand südlich von Paris ist eingedämmt.</li><li>Etwa 800 Feuerwehrleute waren am Mittwoch weiter im Einsatz, wie die Behörden mitteilten.</li><li>Der Brand werde an der Ausbreitung gehindert, aber sei noch nicht gelöscht.<…",https://tubestatic.orf.at/static/images/site/tube/20260729/waldbrand_1.6045166.png,2026-07-15T08:52:00Z,,"<ul><li>Der seit Sonntag wütende Waldbrand südlich von Paris ist eingedämmt.</li><li>Etwa 800 Feuerwehrleute waren am Mittwoch weiter im Einsatz, wie die Behörden mitteilten.</li><li>Der Brand werde … [+1503 chars]",,de,'Waldbrand'
https://orf.at/stories/3436246/,https://orf.at/stories/3436246/,0,orf.at,Waldbrand bei Paris eingedämmt,,https://orf.at/mojo/1_4_1/storyserver//news/common/images/og-fallback-news.png,2026-07-15T09:00:34Z,,"Der seit Sonntag wütende Waldbrand südlich von Paris ist eingedämmt. Etwa 800 Feuerwehrleute waren heute weiter im Einsatz, wie die Behörden mitteilten. Der Brand werde an der Ausbreitung gehindert, … [+788 chars]",,de,'Waldbrand'
https://www.diepresse.com/37423180/brand-nahe-paris-freiwilliger-feuerwehrmann-legt-gestaendnis-ab,https://www.diepresse.com/37423180/brand-nahe-paris-freiwilliger-feuerwehrmann-legt-gestaendnis-ab,0,www.diepresse.com,Brand nahe Paris: Feuerwehrmann legt Geständnis ab,"Der Waldbrand südlich der französischen Hauptstadt ist eingedämmt. Vier Verdächtige befinden sich in Gewahrsam. Ein 19-Jähriger hat mittlerweile zugegeben, mit einem Feuerzeug und Benzin Reisig angezündet zu haben.",https://img.diepresse.com/public/incoming/sqjrlv-topshot-france-fire-weather-climate-forest/alternates/WEBP_WIDE_1200/TOPSHOT-FRANCE-FIRE-WEATHER-CLIMATE-FOREST,2026-07-15T09:04:40Z,,"Die Presse auf Google als bevorzugte Nachrichtenquelle hinzufügen.
 Der seit Sonntag wütende Waldbrand südlich von Paris ist eingedämmt. Etwa 800 Feuerwehrleute waren am Mittwoch weiter im Einsatz, … [+2193 chars]",,de,'Waldbrand'
https://www.zeit.de/gesellschaft/zeitgeschehen/2026-07/waldbrand-mueritz-nationalpark-mecklenburgische-seenplatte-granzin,https://www.zeit.de/gesellschaft/zeitgeschehen/2026-07/waldbrand-mueritz-nationalpark-mecklenburgische-seenplatte-granzin,0,www.zeit.de,Müritz-Nationalpark: Waldbrand in Mecklenburg-Vorpommern breitet sich weiter aus,Auf einem ehemaligen Truppenübungsplatz im Müritz-Nationalpark brennt weiter der Wald. Das Feuer hat sich mittlerweile auf 150 Hektar ausgebreitet.,https://img.zeit.de/gesellschaft/zeitgeschehen/2026-07/waldbrand-mueritz-nationalpark-mecklenburgische-seenplatte-granzin-foto-1/wide__1300x731,2026-07-15T09:05:47Z,,"Der Waldbrand auf einem ehemaligen Truppenübungsplatz im Müritz-Nationalpark in Mecklenburg-Vorpommern hat sich weiter ausgebreitet. Der Landkreis Mecklenburgische Seenplatte teilte mit, dass mittler… [+1210 chars]",,de,'Waldbrand Hektar'
https://www.faz.net/aktuell/gesellschaft/feuerwehrmann-gesteht-brandstiftung-im-wald-von-fontainebleau-accg-201031852.html,https://www.faz.net/aktuell/gesellschaft/feuerwehrmann-gesteht-brandstiftung-im-wald-von-fontainebleau-accg-201031852.html,0,www.faz.net,WalDBRAND bei Paris: Feuerwehrmann gesteht Brandstiftung im Wald von Fontainebleau,"Ein 19 Jahre alter freiwilliger Feuerwehrmann gesteht laut Staatsanwaltschaft, das Feuer von Fontainebleau gelegt zu haben. Flammen verwüsteten mehr als 2050 Hektar in dem Wald nahe Paris.",https://media0.faz.net/image/w1200h627/0b9587c7fdf0/w3570h1865x0y256o/202607/43601.0.2336767579/im-sueden-der-region-paris-im.webp,2026-07-15T09:21:03Z,,"Der größte Brand im Pariser Großraum seit mindestens drei Jahrzehnten geht auf Brandstiftung zurück. Ein 2007 geborener Mann, der bei der freiwilligen Feuerwehr von Fontainebleau arbeitet, hat im Pol… [+2411 chars]",,de,'Waldbrand Feuerwehr'
https://www.nzz.ch/schweiz/im-ossolatal-wuetet-seit-zwei-wochen-ein-waldbrand-die-auswirkungen-waren-bis-in-die-schweiz-spuerbar-ld.10015431,https://www.nzz.ch/schweiz/im-ossolatal-wuetet-seit-zwei-wochen-ein-waldbrand-die-auswirkungen-waren-bis-in-die-schweiz-spuerbar-ld.10015431,0,www.nzz.ch,Im Ossolatal wütet seit zwei Wochen ein Waldbrand – die Auswirkungen waren bis in die Schweiz spürbar,"Eine dichte Rauchwolke zog vom italienischen Tal ins angrenzende Wallis und ins Tessin. Nun sind die Feuer unter Kontrolle, doch Sicherheitsmassnahmen bleiben in Kraft.","https://img-msp-prod.nzz.ch/2023/07/18/65cf6ca1-a475-4f73-9e61-99296cb89100.jpeg?width=1200&height=675&fit=bounds&quality=75&auto=webp&crop=5568,3132,x0,y320&wmark=nzz",2026-07-15T15:42:40Z,,"Eine dichte Rauchwolke zog vom italienischen Tal ins angrenzende Wallis und ins Tessin. Nun sind die Feuer unter Kontrolle, doch Sicherheitsmassnahmen bleiben in Kraft.
Peter Jankovsky, Locarno15.07… [+3912 chars]",,de,'Waldbrand'
https://tirol.orf.at/stories/3362882/,https://tirol.orf.at/stories/3362882/,0,tirol.orf.at,Glutnester müssen weiter bekämpft werden,"Der große Waldbrand in Wildermieming (Bezirk Innsbruck-Land) und jener in Breitenbach am Inn (Bezirk Kufstein)hat auch am Mittwoch viele Einsatzkräfte auf Trab gehalten. Die Feuer selbst waren bereits gelöscht worden, doch es mussten noch Glutnester gezielt b…",https://ibs.orf.at/tir?image=https%3A%2F%2Foekastatic.orf.at%2Fmims%2F2026%2F29%2F02%2Fcrops%2Fw%3D1200%2Ch%3D627%2Cq%3D75%2F3113594_master_1206202_downloadmedium.jpg%3Fs%3D77825c8d9307f0d0a76f31ea20498c741e291811,2026-07-15T17:18:25Z,,"Die Arbeiten bei Wildermieming würden am Donnerstag jedenfalls fortgesetzt, sagte Bezirksfeuerwehrkommandant Thomas Reiner am frühen Abend. Im Laufe des Mittwochs waren zum ersten Mal auch Bodentrupp… [+1439 chars]",,de,'Waldbrand'
https://www.faz.net/aktuell/gesellschaft/ungluecke/waldbraende-in-kanada-rauch-verdunkelt-toronto-und-new-york-accg-201034758.html,https://www.faz.net/aktuell/gesellschaft/ungluecke/waldbraende-in-kanada-rauch-verdunkelt-toronto-und-new-york-accg-201034758.html,0,www.faz.net,Schlechte Luft: Rauch von Waldbränden legt sich über Toronto und New York,"Rauchschwaden, dunkler Himmel und schlechte Luftqualität: Nach Angaben der Regierung brannten am Mittwoch in Kanada rund 835 Feuer, von denen 112 als außer Kontrolle galten.",https://media0.faz.net/image/w1200h627/f2e35b095618/w5514h2881x0y397o/202607/43601.0.2340192913/rauch-legt-sich-ueber-die.webp,2026-07-16T01:21:00Z,,Wegen heftiger Waldbrände in Kanada hat die Metropole Toronto am Mittwoch die schlechtestmögliche Luftqualität verzeichnet. Rauchschwaden aus dem Nordwesten der Provinz Ontario zogen über die Stadt u… [+1626 chars],,de,'Waldbrände'
https://www.tagesspiegel.de/gesellschaft/panorama/kanada-liegt-nach-waldbranden-unter-rauchglocke-toronto-derzeit-mit-der-schlechtesten-luftqualitat-weltweit-15844860.html,https://www.tagesspiegel.de/gesellschaft/panorama/kanada-liegt-nach-waldbranden-unter-rauchglocke-toronto-derzeit-mit-der-schlechtesten-luftqualitat-weltweit-15844860.html,0,www.tagesspiegel.de,Kanada liegt nach Waldbränden unter Rauchglocke: Toronto derzeit mit der schlechtesten Luftqualität weltweit,"Waldbrände Hunderte Kilometer von Toronto entfernt, sorgen derzeit für dichte Rauchschwaden über der Stadt. Auch New York City ist betroffen. Die Behörden mahnen, Aktivitäten im Freien zu vermeiden.",https://www.tagesspiegel.de/images/15844944/alternates/BASE_16_9_W1400/1784181661000/topshot-canada-environment-fires-air-quality.jpeg,2026-07-16T06:01:39Z,,Wegen heftiger Waldbrände in Kanada hat die Metropole Toronto am Mittwoch die schlechtestmögliche Luftqualität verzeichnet. Rauchschwaden aus dem Nordwesten der Provinz Ontario zogen über die Stadt u… [+2392 chars],,de,'Waldbrand Rauch'
https://www.welt.de/vermischtes/video6a58791cfdddcf083cdf00f9/kanada-lokfuehrer-von-flammen-ueberrascht-zug-von-waldbrand-eingekesselt.html,https://www.welt.de/vermischtes/video6a58791cfdddcf083cdf00f9/kanada-lokfuehrer-von-flammen-ueberrascht-zug-von-waldbrand-eingekesselt.html,0,www.welt.de,Lokführer von Flammen überrascht – Zug von Waldbrand eingekesselt,"In der kanadischen Provinz Ontario wüten Waldbrände. Ein Evakuierungszug fand sich plötzlich inmitten der Flammen wieder. Das Personal filmte die Szenen, konnte aber den Flammen entkommen.",https://images.welt.de/6a58791cfdddcf083cdf00f9/7b7da9a1001906b52658d4adcb65e5d1/ci16x9-w1200/zug-png,2026-07-16T08:16:53Z,,Die WELT als ePaper: Die vollständige Ausgabe steht Ihnen bereits am Vorabend zur Verfügung so sind Sie immer hochaktuell informiert. Weitere Informationen https://epaper.welt.de,,de,'Waldbrände'
https://www.tagesschau.de/ausland/amerika/toronto-luftqualitaet-waldbraende-100.html,https://www.tagesschau.de/ausland/amerika/toronto-luftqualitaet-waldbraende-100.html,0,www.tagesschau.de,Waldbrände in Kanada: Toronto hat derzeit schlechteste Luftqualität weltweit,Wegen heftiger Waldbrände in Kanada hat die Metropole Toronto die weltweit schlechteste Luftqualität verzeichnet. Rauchschwaden zogen bis nach New York. Hinzu kommt die Hitze. Hat das Auswirkungen auf das WM-Finale?,https://images.tagesschau.de/image/bb2df19a-022d-47c9-b875-bce21ac4da0d/AAABn2oQFgY/AAABnSSvrFg/16x9-big/toronto-158.jpg?width=1280,2026-07-16T09:30:01Z,,"Stand: 16.07.2026 11:30 Uhr
Wegen heftiger Waldbrände in Kanada hat die Metropole Toronto die weltweit schlechteste Luftqualität verzeichnet. Rauchschwaden zogen bis nach New York. Hinzu kommt die H… [+2340 chars]",,de,'Waldbrände'
https://www.zeit.de/gesellschaft/zeitgeschehen/2026-07/waldbrand-mueritz-nationalpark-mecklenburg-vorpommern-granzin,https://www.zeit.de/gesellschaft/zeitgeschehen/2026-07/waldbrand-mueritz-nationalpark-mecklenburg-vorpommern-granzin,0,www.zeit.de,Waldbrand im Müritz-Nationalpark: Waldbrand in Müritz-Nationalpark laut Umweltminister unter Kontrolle,"Obwohl sich der Waldbrand im Müritz-Nationalpark weiter ausbreitet, sind die Behörden optimistisch. Angekündigter Regen soll beim Löschen helfen.",https://img.zeit.de/gesellschaft/zeitgeschehen/2026-07/waldbrand-mueritz-nationalpark-mecklenburg-vorpommern-granzin-foto-1/wide__1300x731,2026-07-16T10:06:21Z,,"Die Behörden in Mecklenburg-Vorpommern sehen keine Notwendigkeit, wegen des Waldbrandes im Müritz-Nationalpark den Katastrophenfall auszurufen. Umweltminister Till Backhaus (SPD) sagte in Kratzeburg,… [+2477 chars]",,de,'Waldbrand'
https://www.bild.de/news/ausland/verheerende-waldbraende-bei-paris-feuerwehrleute-am-ende-6a5886da7a35912eb9adbdaa,https://www.bild.de/news/ausland/verheerende-waldbraende-bei-paris-feuerwehrleute-am-ende-6a5886da7a35912eb9adbdaa,0,www.bild.de,Verheerende Waldbrände bei Paris - Feuerwehrleute am Ende!,Die Feuer bei Paris haben seit Sonntag bereits 2000 Hektar Wald vernichtet. Jetzt gab es erste Festnahmen.,"https://images.bild.de/6a5886da7a35912eb9adbdaa/c7cc34b37fc3c351481c63604a9d9ae6,629245aa?w=1280",2026-07-16T10:12:25Z,,"TTS-Player überspringenArtikel weiterlesenParis (Frankreich) Seit Sonntag fressen sich zwei verheerende Brände durch den Wald von Fontainebleau nahe Paris. 2000 Hektar verglühten in den Flammen, rund… [+2039 chars]",,de,'Waldbrände'
https://tirol.orf.at/stories/3363003/,https://tirol.orf.at/stories/3363003/,0,tirol.orf.at,Einsatz in Wildermieming vorerst beendet,Der Einsatz bei dem Waldbrand oberhalb von Wildermieming (Bezirk Innsbruck-Land) ist nach zweieinhalb Tagen am Donnerstag vorerst beendet worden. Der Brand war am Dienstag vermutlich wegen eines Blitzschlags ausgebrochen. Nachdem das Feuer selbst bereits gelö…,https://ibs.orf.at/tir?image=https%3A%2F%2Foekastatic.orf.at%2Fmims%2F2026%2F29%2F59%2Fcrops%2Fw%3D1200%2Ch%3D627%2Cq%3D75%2F3116336_master_1207359_527ebdb1-1716-424d-ac26-f5dad361b543.jpg%3Fs%3D3caa8f1af81aa8ecb92c3aaa3219575d9d4abc37,2026-07-16T15:29:31Z,,"Für Freitagfrüh war ein weiterer Drohnenflug vorgesehen. Dabei soll die betroffene Brandfläche im Ausmaß von acht bis zehn Hektar noch einmal genau kontrolliert werden, hieß es von der Gemeinde. Auf … [+2006 chars]",,de,'Waldbrand'
https://orf.at/stories/3436436/,https://orf.at/stories/3436436/,0,orf.at,Waldbrand: Rauch aus Kanada vernebelt US-Städte,,https://orf.at/mojo/1_4_1/storyserver//news/common/images/og-fallback-news.png,2026-07-17T04:45:05Z,,Der Rauch starker Waldbrände in Kanada vernebelt nun auch US-Millionenstädte wie New York und Chicago. Die Skyline des New Yorker Stadtteils Manhattan war gestern von dichtem Dunst verhüllt. Chicago … [+1025 chars],,de,'Waldbrand Rauch'
https://www.faz.net/aktuell/sport/fussball/waldbraende-mls-spiel-von-thomas-mueller-und-robert-lewandowski-abgesagt-accg-201039258.html,https://www.faz.net/aktuell/sport/fussball/waldbraende-mls-spiel-von-thomas-mueller-und-robert-lewandowski-abgesagt-accg-201039258.html,0,www.faz.net,MLS-Spiel abgesagt: Waldbrände verhindern Lewandowski-Müller-Duell,Zum ersten Aufeinandertreffen in der nordamerikanischen Fußball-Liga zwischen den früheren Bayern-Profis Thomas Müller und Robert Lewandowski kommt es vorerst nicht. Rauchwolken ziehen bis nach New York.,https://media0.faz.net/image/w1200h627/c85a982e1e8f/w5472h2859x0y255o/202607/43601.0.2335302140/sollte-sein-debuet-fuer.webp,2026-07-17T06:49:19Z,,Ein Waldbrand hat die Begegnung von Thomas Müller und Robert Lewandowski in der nordamerikanischen Major League Soccer (MLS) verhindert. Wenige Stunden vor dem Anstoß wurde das Fußballspiel zwischen … [+2392 chars],,de,'Waldbrände'
https://www.zeit.de/wissenschaft/umwelt/2026-07/waldbrand-mueritz-nationalpark-mecklenburg-vorpommern-bundeswehr,https://www.zeit.de/wissenschaft/umwelt/2026-07/waldbrand-mueritz-nationalpark-mecklenburg-vorpommern-bundeswehr,0,www.zeit.de,Waldbrand im Müritz-Nationalpark: Weiter keine Entwarnung bei Waldbrand im Müritz-Nationalpark,Explodierende Altmunition erschwert die Löscharbeiten im Müritz-Nationalpark. Auch die Bundeswehr ist an der Eindämmung des Feuers beteiligt.,https://img.zeit.de/wissenschaft/umwelt/2026-07/waldbrand-mueritz-nationalpark-mecklenburg-vorpommern-bundeswehr-foto-1/wide__1300x731,2026-07-17T08:07:08Z,,"Beim Waldbrand im Müritz-Nationalpark in Mecklenburg-Vorpommern gibt es weiterhin keine Entwarnung. Aus der Luft sei zwar nur noch wenig offenes Feuer zu sehen, dafür aber viel Rauch und Glut, wie de… [+503 chars]",,de,'Waldbrand'
https://www.zeit.de/news/2026-07/17/groesster-waldbrand-des-jahres-in-spanien-hunderte-evakuiert,https://www.zeit.de/news/2026-07/17/groesster-waldbrand-des-jahres-in-spanien-hunderte-evakuiert,0,www.zeit.de,In Aragonien: Größter Waldbrand des Jahres in Spanien - Hunderte evakuiert,Hier finden Sie Informationen zu dem Thema „In Aragonien“. Lesen Sie jetzt „Größter Waldbrand des Jahres in Spanien - Hunderte evakuiert“.,https://img.zeit.de/news/2026-07/17/groesster-waldbrand-des-jahres-in-spanien-hunderte-evakuiert-image-group/wide__1300x731,2026-07-17T13:26:06Z,,Der in der nordostspanischen Region Aragonien wütende Waldbrand hat sich weiter ausgebreitet - und ist inzwischen der größte Flächenbrand des Jahres im beliebten Urlaubsland. Nach Angaben der Regiona… [+2036 chars],,de,'Waldbrand'
https://www.tagesspiegel.de/gesellschaft/panorama/in-aragonien-grosster-waldbrand-des-jahres-in-spanien-hunderte-evakuiert-15850987.html,https://www.tagesspiegel.de/gesellschaft/panorama/in-aragonien-grosster-waldbrand-des-jahres-in-spanien-hunderte-evakuiert-15850987.html,0,www.tagesspiegel.de,In Aragonien: Größter Waldbrand des Jahres in Spanien - Hunderte evakuiert,"Starke Winde und hohe Temperaturen erschweren den Kampf gegen die Flammen in Nordostspanien. Mehrere Orte wurden evakuiert. In Dörfern sind Häuser beschädigt, die Stromversorgung ist unterbrochen.",https://www.tagesspiegel.de/images/15850986/alternates/BASE_16_9_W1400/1784294836000/brande-in-spanien.jpeg,2026-07-17T13:27:16Z,,Der in der nordostspanischen Region Aragonien wütende Waldbrand hat sich weiter ausgebreitet - und ist inzwischen der größte Flächenbrand des Jahres im beliebten Urlaubsland. Nach Angaben der Regiona… [+2092 chars],,de,'Waldbrand Häuser'
https://www.focus.de/panorama/welt/smogwolke-ueber-new-york-waldbrand-rauch-huellt-stadt-ein_41e9a1d2-2c6c-4359-98b1-7ec772b1bf44.html,https://www.focus.de/panorama/welt/smogwolke-ueber-new-york-waldbrand-rauch-huellt-stadt-ein_41e9a1d2-2c6c-4359-98b1-7ec772b1bf44.html,0,www.focus.de,Smogwolke über New York: Waldbrand-Rauch hüllt Stadt ein,Nach den Waldbränden in Kanada hat dichter Rauch nun auch den Nordosten der USA erreicht. Kurz vor dem WM-Finale ist nun auch das MetLife Stadium in East Rutherford betroffen. Dort treffen am Sonntag Argentinien und Spanien aufeinander.,"https://quadro.burda-forward.de/ctf/75640603-c596-4fc6-956e-bd823e55e785.a4351c53-b00a-4a82-b7d7-979e864dc86d.png?im=RegionOfInterestCrop=(1200,630),regionOfInterest=(1291,644)&hash=6cde7364f3d4495e081c660c1df3876d09818b4efe230a87ab56fb22f87d8ba2",2026-07-17T14:02:00Z,,"In New York und im nahen New Jersey war der Himmel am Donnerstag stark eingetrübt. New Yorks Bürgermeister Zohran Mamdani warnte vor Luftwerten im ungesunden Bereich. Er sagte:
Bei ungesunden Werten… [+1488 chars]",,de,'Waldbrand Rauch'
https://steiermark.orf.at/stories/3363175/,https://steiermark.orf.at/stories/3363175/,0,steiermark.orf.at,Waldbrand in Ramsau am Dachstein,Am Freitag ist das Bundesheer zur Unterstützung bei der Bekämpfung eines Waldbrandes im Raum Rössing/Ramsau im Bezirk Liezen angefordert worden. Zwei Heeres-Hubschrauber und ein Tankkraftwagen sind im Assistenzeinsatz.,https://ibs.orf.at/stm?image=https%3A%2F%2Foekastatic.orf.at%2Fmims%2F2024%2F15%2F75%2Fcrops%2Fw%3D1200%2Ch%3D627%2Cq%3D75%2F2164534_master_819675_dddc2e29-4d89-4578-bf84-a0d5bf7d0e16.jpg%3Fs%3D3cf1caa5789671c53143c9511a59067764288610,2026-07-17T14:29:54Z,,Bei dem Waldbrand im Bereich der Grafenbergalm sind mehrere Feuerwehren seit Freitagfrüh im Einsatz. Der Brand wird aus der Luft mit zwei Hubschraubern des Innenministeriums und zwei Hubschraubern de… [+534 chars],,de,'Waldbrand'
https://www.faz.net/aktuell/gesellschaft/ungluecke/in-aragonien-wuetet-der-groesste-waldbrand-des-jahres-201041299.html,https://www.faz.net/aktuell/gesellschaft/ungluecke/in-aragonien-wuetet-der-groesste-waldbrand-des-jahres-201041299.html,0,www.faz.net,12.000 Hektar zerstört: In Nordostspanien wütet der größte Waldbrand des Jahres,"In Aragonien haben die Flammen eine Fläche zerstört, die größer ist als die Insel Sylt. Mehrere Orte wurden evakuiert.",https://media0.faz.net/image/w1200h627/e92da10b6595/w3024h1580x0y218o/202607/43601.0.2345238560/der-rauch-ueber-der-spanischen.webp,2026-07-17T15:23:18Z,,Der in der nordostspanischen Region Aragonien wütende Waldbrand hat sich weiter ausgebreitet und ist inzwischen der größte Flächenbrand des Jahres im beliebten Urlaubsland. Nach Angaben der Regionalr… [+1988 chars],,de,'Waldbrand Hektar'
https://www.n-tv.de/panorama/Landesweit-groesster-Waldbrand-des-Jahres-in-Spanien-ausgebrochen-id31098636.html,https://www.n-tv.de/panorama/Landesweit-groesster-Waldbrand-des-Jahres-in-Spanien-ausgebrochen-id31098636.html,0,www.n-tv.de,Feuer weiterhin außer Kontrolle: Waldbrand in Spanien entwickelt sich zum größten des Jahres,Seit Anfang Juli wüten im Süden Spaniens Waldbrände. Nun brennt es auch im Norden des Landes. Das Feuer in Aragonien ist bereits das landesweit größte in diesem Jahr. Tausend Menschen werden in Sicherheit gebracht.,https://www.n-tv.de/img/31098602/1784306157/Img_16_9/1200/Ein-Hubschrauber-unterstuetzt-am-16-Juli-2026-die-Loescharbeiten-in-dem-Gebiet-Aragonien-In-Spanien-hat-ein-Brand-in-Aragonien-im-Nordosten-des-Landes-nach-Behoerdenangaben-bereits-rund-4-500-Hektar-Wald-Buschland-und-landwirtschaftliche-Flaechen-zerstoert.jpg,2026-07-17T15:45:55Z,,"Feuer weiterhin außer KontrolleWaldbrand in Spanien entwickelt sich zum größten des Jahres
Die Feuerwehr versucht mit allen Kräften, den Bränden Einhalt zu gebieten, das Feuer breitet sich jedoch du… [+2526 chars]",,de,'Waldbrände'
https://www.tagesspiegel.de/sport/waldbrand-rauch-uber-new-york-meteorologen-erwarten-regen-und-verbesserung-der-luftqualitat-15852028.html,https://www.tagesspiegel.de/sport/waldbrand-rauch-uber-new-york-meteorologen-erwarten-regen-und-verbesserung-der-luftqualitat-15852028.html,0,www.tagesspiegel.de,Waldbrand-Rauch über New York: Meteorologen erwarten Regen und Verbesserung der Luftqualität,Tagelang hüllte Rauch kanadischer Waldbrände New York in dichte Schwaden. Nun machen Meteorologen Hoffnung – eine Kaltfront könnte rechtzeitig zum WM-Finale für Entspannung sorgen.,https://www.tagesspiegel.de/images/15852027/alternates/BASE_16_9_W1400/1784309558000/waldbrande-in-kanada-new-york-city.jpeg,2026-07-17T17:11:15Z,,Gute Nachrichten vor dem WM-Finale in East Rutherford: Nach Tagen mit schlechter Luftqualität durch den Rauch kanadischer Waldbrände rechnen Meteorologen bis Sonntag mit einer deutlichen Entspannung.… [+2259 chars],,de,'Waldbrand'
https://www.welt.de/videos/video6a5a6cabe2d50c13b9a7aa99/waldbraende-munition-im-boden-erschwert-loescharbeiten-im-mueritz-nationalpark.html,https://www.welt.de/videos/video6a5a6cabe2d50c13b9a7aa99/waldbraende-munition-im-boden-erschwert-loescharbeiten-im-mueritz-nationalpark.html,0,www.welt.de,Munition im Boden erschwert Löscharbeiten im Müritz-Nationalpark,Seit Tagen schon kämpfen Hunderte Einsatzkräfte gegen den Waldbrand im Müritz-Nationalpark. Das Feuer hat inzwischen eine Fläche von mehr als 300 Hektar erfasst. Wegen der Munition im Boden bleibt der Einsatz allerdings besonders gefährlich.,https://images.welt.de/6a5a6cabe2d50c13b9a7aa99/5de5f631eb6d84ae78e29073924a6cfd/ci16x9-w1200/dpa-com-260716-936-42076-jpg,2026-07-17T18:01:07Z,,Die WELT als ePaper: Die vollständige Ausgabe steht Ihnen bereits am Vorabend zur Verfügung so sind Sie immer hochaktuell informiert. Weitere Informationen https://epaper.welt.de,,de,'Waldbrand'
https://www.zeit.de/news/2026-07/18/trump-kanada-soll-fuer-luftverschmutzung-durch-braende-zahlen,https://www.zeit.de/news/2026-07/18/trump-kanada-soll-fuer-luftverschmutzung-durch-braende-zahlen,0,www.zeit.de,Waldbrände: Trump: Kanada soll für Luftverschmutzung durch Brände zahlen,Hier finden Sie Informationen zu dem Thema „Waldbrände“. Lesen Sie jetzt „Trump: Kanada soll für Luftverschmutzung durch Brände zahlen“.,https://img.zeit.de/news/2026-07/18/trump-kanada-soll-fuer-luftverschmutzung-durch-braende-zahlen-image-group/wide__1300x731,2026-07-17T23:43:44Z,,US-Präsident Donald Trump hat Kanada für die durch Waldbrände verursachte Luftverschmutzung verantwortlich gemacht und mit Konsequenzen gedroht. Die den USA entstehenden Kosten müssten «zwangsläufig»… [+1293 chars],,de,'Waldbrände'
https://www.welt.de/politik/ausland/article6a5ab606c722326276499f0f/luftverschmutzung-vorsaetzliche-fahrlaessigkeit-trump-droht-kanada-wegen-waldbrandrauch-mit-zoellen.html,https://www.welt.de/politik/ausland/article6a5ab606c722326276499f0f/luftverschmutzung-vorsaetzliche-fahrlaessigkeit-trump-droht-kanada-wegen-waldbrandrauch-mit-zoellen.html,0,www.welt.de,„Vorsätzliche Fahrlässigkeit“ – Trump droht Kanada wegen Waldbrandrauch mit Zöllen,"Auswirkungen waren in großen Teilen des Nordostens der USA zu spüren. Der Rauch von Bränden im Nachbarland wird inzwischen „zu einem jährlichen Ereignis“, beklagt Trump. Meteorologen warnen, dass sich der Rauch bis zum WM-Finale in New Jersey verdichten könnt…",https://images.welt.de/6a5ab606c722326276499f0f/1d028e865b6078b503f48335b95eac71-master/ci16x9-w1200/apdpa-f6bbb806eb9c47dc9b7b4727f5b81e77-jpg,2026-07-18T03:20:05Z,,"Auswirkungen waren in großen Teilen des Nordostens der USA zu spüren. Der Rauch von Bränden im Nachbarland wird inzwischen zu einem jährlichen Ereignis, beklagt Trump. Meteorologen warnen, dass sich … [+4851 chars]",,de,'Waldbrand'
https://wien.orf.at/stories/3363198/,https://wien.orf.at/stories/3363198/,0,wien.orf.at,Hohe Waldbrandgefahr in Wien,Wegen der Trockenperiode im Frühjahr und geringer Niederschläge in den vergangenen Tagen sind die Böden in Wien zurzeit sehr trocken. Jetzt herrscht deswegen akute Waldbrandgefahr.  Die Niederschläge der vergangenen Tage waren zu schnell und kurz.,https://ibs.orf.at/wie?image=https%3A%2F%2Foekastatic.orf.at%2Fmims%2F2023%2F15%2F49%2Fcrops%2Fw%3D1200%2Ch%3D627%2Cq%3D75%2F1746824_master_647549_b22b8f1d-9117-4572-a74b-9bb567b547a9.jpg%3Fs%3Db0a1cab0818ebdd35df4a981291c0af94bd40931,2026-07-18T04:52:30Z,,"Die Waldbrandgefahr sei in manchen Gebieten wirklich dramatisch und vor allem Nadelwälder seien einer besonderen Gefahr ausgesetzt, erklärte Günther Annerl von der Magistratsabteilung Forst- und Land… [+3538 chars]",,de,'Waldbrand'
https://www.zeit.de/politik/ausland/2026-07/donald-trump-kanada-waldbraende-rauch-zoelle-mark-carney,https://www.zeit.de/politik/ausland/2026-07/donald-trump-kanada-waldbraende-rauch-zoelle-mark-carney,0,www.zeit.de,Donald Trump: Trump droht Kanada wegen Luftverschmutzung durch Waldbrände mit Zöllen,Wegen der Waldbrände in Kanada und im Norden der USA ziehen Rauchschwaden über die USA. Donald Trump macht Kanada verantwortlich und will das Land dafür zahlen lassen.,https://img.zeit.de/politik/ausland/2026-07/donald-trump-kanada-waldbraende-rauch-zoelle-mark-carney-foto-1/wide__1300x731,2026-07-18T05:48:29Z,,"US-Präsident Donald Trump hat Kanada wegen des über die USA ziehenden Rauchs mit neuen Zöllen gedroht. Die Lage sei »absolut inakzeptabel«, schrieb Trump bei seinem Online-Netzwerk. Rauch von Waldbrä… [+1561 chars]",,de,'Waldbrände'
https://www.diepresse.com/38252277/wien-hohe-waldbrandgefahr-wegen-akuter-trockenheit,https://www.diepresse.com/38252277/wien-hohe-waldbrandgefahr-wegen-akuter-trockenheit,0,www.diepresse.com,Wien: Hohe Waldbrandgefahr wegen akuter Trockenheit,Die Waldbrandgefahr sei in manchen Gebieten „dramatisch“. Vor allem Nadelwälder sind gefährdet. Die Feuerwehr ist vorbereitet.,https://img.diepresse.com/public/incoming/5sfxyq-kein-titel/alternates/WEBP_WIDE_1200/kein%20Titel,2026-07-18T06:33:31Z,,"Die Presse auf Google als bevorzugte Nachrichtenquelle hinzufügen.
 Wegen der Trockenperiode im Frühjahr und geringer Niederschläge in den vergangenen Tagen sind die Böden in Wien zurzeit sehr trock… [+3648 chars]",,de,'Waldbrand'
https://www.tagesschau.de/ausland/amerika/usa-kanada-waldbrand-trump-zoelle-100.html,https://www.tagesschau.de/ausland/amerika/usa-kanada-waldbrand-trump-zoelle-100.html,0,www.tagesschau.de,Waldbrände in Kanada: Trump droht mit Zöllen wegen Luftverschmutzung,"Waldbrände überziehen Teile Kanadas und den Norden der USA - und verschmutzen die Luft. Nun fordert US-Präsident Trump vom Nachbarland, für die Kosten der Verschmutzung zu zahlen. Spielt das WM-Finale am Sonntag in New Jersey eine Rolle?",https://images.tagesschau.de/image/e7722221-d8d3-446a-b826-f17c810394f1/AAABn3QxPbE/AAABnSSvrFg/16x9-big/washington-lincoln-memorial-smog-100.jpg?width=1280,2026-07-18T07:46:52Z,,"Stand: 18.07.2026 09:46 Uhr
Waldbrände überziehen Teile Kanadas und den Norden der USA - und verschmutzen die Luft. Nun fordert US-Präsident Trump vom Nachbarland, für die Kosten der Verschmutzung z… [+2232 chars]",,de,'Waldbrände'
https://www.welt.de/videos/video6a5b2fa461b8a80211aaa599/flaechenbrand-in-spanien-12-000-hektar-land-wurden-zerstoert.html,https://www.welt.de/videos/video6a5b2fa461b8a80211aaa599/flaechenbrand-in-spanien-12-000-hektar-land-wurden-zerstoert.html,0,www.welt.de,12.000 Hektar Land wurden zerstört,"Der Waldbrand in Aragonien hat sich zum größten Flächenbrand Spaniens in diesem Jahr entwickelt. Rund 12.000 Hektar Land wurden zerstört, mehr als 1100 Menschen evakuiert. Hunderte Einsatzkräfte kämpfen weiterhin gegen die Flammen.",https://images.welt.de/6a5b2fa461b8a80211aaa599/ee43f0df82ddad5e126bf5989af889e8/ci16x9-w1200/urn-newsml-dpa-com-20090101-250819-99-773495,2026-07-18T09:01:42Z,,"Der Waldbrand in Aragonien hat sich zum größten Flächenbrand Spaniens in diesem Jahr entwickelt. Rund 12.000 Hektar Land wurden zerstört, mehr als 1100 Menschen evakuiert. Hunderte Einsatzkräfte kämp… [+91 chars]",,de,'Waldbrand'
https://www.dw.com/de/kanada-usa-waldbrand-rauch-donald-trump-zoelle-wm-finale/a-78017766,https://www.dw.com/de/kanada-usa-waldbrand-rauch-donald-trump-zoelle-wm-finale/a-78017766,0,www.dw.com,Trump droht Kanada wegen Waldbränden mit zusätzlichen Zöllen,Rauch aus Hunderten Waldbränden belastet weite Teile der USA und Kanadas. US-Präsident Donald Trump wirft Ottawa Versäumnisse bei der Waldpflege vor und will die angeblichen Kosten über neue Zölle eintreiben.,https://static.dw.com/image/78017995_6.jpg,2026-07-18T09:33:00Z,,"US-Präsident Donald Trump hat Kanada wegen der durch Waldbrände verursachten Luftverschmutzung mit neuen Strafzöllen gedroht. Die durch die Rauchbelastung entstehenden Kosten müssten ""zwangsläufig"" z… [+5104 chars]",,de,'Waldbrände'
https://www.n-tv.de/politik/Trump-Kanada-soll-fuer-Luftverschmutzung-zahlen-id31099969.html,https://www.n-tv.de/politik/Trump-Kanada-soll-fuer-Luftverschmutzung-zahlen-id31099969.html,0,www.n-tv.de,"""Unnötig, ungesunde Luft"": Trump: Kanada soll für Luftverschmutzung zahlen","In der kanadischen Provinz Ontario toben mehrere Waldbrände. Weil die Rauchschwaden über die Grenze ziehen und die Sicht auf die New Yorker Skyline einschränken, verlangt Trump Zölle. Gleichzeitig schließt seine Regierung etliche, auf Waldbrände spezialisiert…",https://www.n-tv.de/img/31099972/1784370115/Img_16_9/1200/Photo-by-NDZ-STAR-MAX-IPx-2026-7-16-26-A-view-of-the-Manhattan-skyline-as-wildfire-smoke-from-Canada-cause-hazy-conditions-on-July-16-2026-in-New-York.jpg,2026-07-18T09:33:28Z,,"""Unnötig, ungesunde Luft""Trump: Kanada soll für Luftverschmutzung zahlen 
Eines der berühmten New Yorker Wahrzeichen, das Empire State Building, ist durch den Rauch kaum sichtbar. (Foto: picture all… [+2492 chars]",,de,'Waldbrände'
https://www.morgenpost.de/politik/article412612141/waldbrand-rauch-aus-kanada-belastet-us-staedte-trump-droht-mit-neuen-strafzoellen.html,https://www.morgenpost.de/politik/article412612141/waldbrand-rauch-aus-kanada-belastet-us-staedte-trump-droht-mit-neuen-strafzoellen.html,0,www.morgenpost.de,Waldbrand-Rauch aus Kanada belastet US-Städte – Trump droht mit neuen Strafzöllen,"New York, Chicago und Washington leiden unter dem Waldbrand-Rauch aus Kanada. Trump droht deswegen die Zölle zu erhöhen.",https://img.sparknews.funkemedien.de/412612147/412612147_1784368116_v16_9_1600.jpeg,2026-07-18T09:47:14Z,,"Wegen der durch Waldbrände verursachten Luftverschmutzung hat US-Präsident Donald Trump Kanada mit neuen Strafzöllen gedroht. Auf seinem Onlinedienst Truth Social schrieb Trump am Freitag (Ortszeit),… [+1798 chars]",,de,'Waldbrand Rauch'
https://www.tagesspiegel.de/gesellschaft/panorama/waldbrand-im-muritz-nationalpark-das-feuer-konnte-eingekesselt-werden-15853157.html,https://www.tagesspiegel.de/gesellschaft/panorama/waldbrand-im-muritz-nationalpark-das-feuer-konnte-eingekesselt-werden-15853157.html,0,www.tagesspiegel.de,Waldbrand im Müritz-Nationalpark: Behörden können das Feuer einkesseln,Das Feuer im Müritz-Nationalpark breitet sich laut Landkreis Mecklenburgische Seenplatte nicht mehr weiter aus. Die Gefahr ist allerdings noch nicht gebannt – auch wegen eines nahen Truppenübungsplatzes.,https://www.tagesspiegel.de/images/15853172/alternates/BASE_16_9_W1400/1784367616000/waldbrand-im-muritz-nationalpark.jpeg,2026-07-18T09:48:41Z,,"Das Feuer im Müritz-Nationalpark ist laut Landkreis Mecklenburgische Seenplatte eingekesselt worden. Es wurden sogenannte Wasserriegel aufgestellt, teilte der Landkreis mit. Diese bewässern den Boden… [+2900 chars]",,de,'Waldbrand'
https://www.tagesspiegel.de/gesellschaft/panorama/feuer-erstreckt-sich-auf-rund-388-hektar-waldbrand-im-muritz-nationalpark-breitet-sich-aus-15853157.html,https://www.tagesspiegel.de/gesellschaft/panorama/feuer-erstreckt-sich-auf-rund-388-hektar-waldbrand-im-muritz-nationalpark-breitet-sich-aus-15853157.html,0,www.tagesspiegel.de,Feuer erstreckt sich auf rund 388 Hektar: Waldbrand im Müritz-Nationalpark breitet sich aus,"Die angekündigten Gewitter mit erhofftem Niederschlag waren am Freitag an dem Gebiet vorbeigezogen. Bundeswehrhubschrauber versuchen, das Feuer in den Griff zu bekommen.",https://www.tagesspiegel.de/images/15853172/alternates/BASE_16_9_W1400/1784367616000/waldbrand-im-muritz-nationalpark.jpeg,2026-07-18T09:48:41Z,,Der Waldbrand im Müritz-Nationalpark in Mecklenburg-Vorpommern breitet sich nach Behördenangaben immer noch aus und wird weiter aktiv bekämpft. Die Ausdehnung des Brands erstrecke sich mittlerweile a… [+1879 chars],,de,'Waldbrand Hektar'
https://www.diepresse.com/38257555/trump-wirft-kanada-wegen-waldbraenden-fahrlaessigkeit-vor-und-droht-mit,https://www.diepresse.com/38257555/trump-wirft-kanada-wegen-waldbraenden-fahrlaessigkeit-vor-und-droht-mit,0,www.diepresse.com,Trump wirft Kanada wegen Waldbränden „Fahrlässigkeit“ vor und droht mit neuen Zöllen,"Kanadas Waldbrände kostete den USA Milliarden, sagt der US-Präsident. Das Finale der Fußball-WM muss aufgrund der Luftverschmutzung eventuell verschoben oder verlegt werden.",https://img.diepresse.com/public/incoming/rzo6cp-imago-images-0861971521/alternates/WEBP_WIDE_1200/imago%20images%200861971521,2026-07-18T09:56:01Z,,"Die Presse auf Google als bevorzugte Nachrichtenquelle hinzufügen.
 US-Präsident Donald Trump hat Kanada wegen der durch Waldbrände verursachten Luftverschmutzung mit neuen Strafzöllen gedroht. Die … [+1851 chars]",,de,'Waldbrände'
https://www.tagesspiegel.de/internationales/us-prasident-wirft-nachbarn-grobe-fahrlassigkeit-vor-trump-droht-kanada-wegen-waldbranden-mit-konsequenzen-15853638.html,https://www.tagesspiegel.de/internationales/us-prasident-wirft-nachbarn-grobe-fahrlassigkeit-vor-trump-droht-kanada-wegen-waldbranden-mit-konsequenzen-15853638.html,0,www.tagesspiegel.de,US-Präsident wirft Nachbarn „grobe Fahrlässigkeit“ vor: Trump droht Kanada wegen Waldbränden mit Konsequenzen,Die giftige Luft aus dem Norden belastet auch US-Großstädte. Fachleute sehen als Ursache der Naturkatastrophe ebenfalls politische Versäumnisse – wenn auch auf einer anderen Ebene als Trump.,https://www.tagesspiegel.de/images/15853625/alternates/BASE_16_9_W1400/1784382064000/smoke-from-canadian-wildfires-fills-the-skies-of-chicago.jpeg,2026-07-18T14:42:05Z,,Mit dem giftigen Rauch kamen die Schuldzuweisungen. Donald Trump und mehrere republikanische Politiker haben Kanada wegen der dort außer Kontrolle geratenen Waldbrände schwere Vorwürfe gemacht. Der U… [+7986 chars],,de,'Waldbrände'
https://www.zeit.de/wissenschaft/umwelt/2026-07/feuer-mueritz-nationalpark-waldbrand-mecklenburgische-seenplatte,https://www.zeit.de/wissenschaft/umwelt/2026-07/feuer-mueritz-nationalpark-waldbrand-mecklenburgische-seenplatte,0,www.zeit.de,Waldbrand: Landkreis meldet Fortschritte bei Löscharbeiten in Müritz-Nationalpark,"Das Feuer im Müritz-Nationalpark breitet sich nicht weiter aus, weiterhin brennen aber Hunderte Hektar Fläche. Der Landkreis forderte eine Spezialeinheit an.",https://img.zeit.de/wissenschaft/umwelt/2026-07/feuer-mueritz-nationalpark-waldbrand-mecklenburgische-seenplatte-foto-1/wide__1300x731,2026-07-18T15:12:08Z,,"Der Brand im Müritz-Nationalpark ist nach Angaben des Landkreises Mecklenburgische Seenplatte eingekesselt worden. Es seien sogenannte Wasserriegel aufgestellt worden, teilte der Landkreis mit. Diese… [+743 chars]",,de,'Waldbrand'
https://www.bild.de/news/ausland/drohnenaufnahmen-zeigen-das-ausmass-waldbrand-frisst-sich-durch-spanien-6a5bbbd7340ecb5e694f6015,https://www.bild.de/news/ausland/drohnenaufnahmen-zeigen-das-ausmass-waldbrand-frisst-sich-durch-spanien-6a5bbbd7340ecb5e694f6015,0,www.bild.de,Drohnenaufnahmen zeigen das Ausmaß - Waldbrand frisst sich durch Spanien,"Gewaltige Waldbrände verwüsten die spanische Provinz Saragossa. Mehr als 15.000 Hektar sind bereits zerstört, mehrere Orte mussten evakuiert werden. Droh...","https://images.bild.de/6a5bbbd7340ecb5e694f6015/0401ca6cfe0613b9b886605f1fd7bbba,af6f6e37?w=1280",2026-07-18T18:09:23Z,,"Mehr zum Video anzeigen 
Gewaltige Waldbrände verwüsten die spanische Provinz Saragossa. Mehr als 15.000 Hektar sind bereits zerstört, mehrere Orte mussten evakuiert werden. Drohnen zeigen das ganze… [+52 chars]",,de,'Waldbrand'
https://kaernten.orf.at/stories/3363298/,https://kaernten.orf.at/stories/3363298/,0,kaernten.orf.at,Blitz löste Waldbrand in Maria Elend aus,Ein Blitzschlag hat am Samstagabend einen kleinen Waldbrand im Bereich Kapellenberg in Maria Elend (Bezirk Villach-Land) ausgelöst. Verletzt wurde niemand. Der Brand konnte rasch gelöscht werden.,https://ibs.orf.at/ktn?image=https%3A%2F%2Foekastatic.orf.at%2Fmojo%2F1_4_1%2Fstoryserver%2Foeka%2Fcommon%2Fimages%2Fog-fallback-ktn.png%3Fs%3Dd1ef40bef2ffd65644b4df37900c0e4d80e97249,2026-07-19T05:52:43Z,,"Der beginnende Waldbrand wurde gegen 18.30 Uhr entdeckt. Nach Angaben der Polizei hatte ein Blitz während eines Gewitters einen Baum auf rund 1.200 Metern Seehöhe entzündet.
Aufgrund des steilen und… [+477 chars]",,de,'Waldbrand'
https://www.zeit.de/news/2026-07/19/waldbrandgefahr-in-brandenburg-geht-stark-zurueck,https://www.zeit.de/news/2026-07/19/waldbrandgefahr-in-brandenburg-geht-stark-zurueck,0,www.zeit.de,Gefahrenindex: Waldbrandgefahr in Brandenburg geht stark zurück,Hier finden Sie Informationen zu dem Thema „Gefahrenindex“. Lesen Sie jetzt „Waldbrandgefahr in Brandenburg geht stark zurück“.,https://img.zeit.de/news/2026-07/19/waldbrandgefahr-in-brandenburg-geht-stark-zurueck-image-group/wide__1300x731,2026-07-19T08:34:05Z,,Die Gefahr für Waldbrände in Brandenburg geht laut Vorhersage des Waldbrandgefahrenindexes des Deutschen Wetterdienstes (DWD) ab Montag stark zurück. Am Sonntag gilt noch für zehn Wetterstationen Gef… [+533 chars],,de,'Waldbrände'
https://orf.at/stories/3436633/,https://orf.at/stories/3436633/,0,orf.at,Waldbrand in Spanien zerstört Fläche von 13.000 Hektar,,https://orf.at/mojo/1_4_1/storyserver//news/common/images/og-fallback-news.png,2026-07-19T11:21:47Z,,"Ein Waldbrand rund hundert Kilometer nördlich von Spaniens Hauptstadt Madrid hat mehr als 13.000 Hektar Fläche zerstört. Mehr als 700 Menschen mussten in Sicherheit gebracht werden, wie die Behörden … [+1007 chars]",,de,'Waldbrand Hektar'
https://www.zeit.de/wissenschaft/umwelt/2026-07/waldbrand-feuer-spanien-madrid-klima,https://www.zeit.de/wissenschaft/umwelt/2026-07/waldbrand-feuer-spanien-madrid-klima,0,www.zeit.de,Spanien: Waldbrand nördlich von Madrid zerstört mehr als 13.000 Hektar,In Spanien hat ein Waldbrand mehr als 13.000 Hektar Fläche zerstört. Mehr als 700 Menschen mussten in Sicherheit gebracht werden.,https://img.zeit.de/wissenschaft/umwelt/2026-07/waldbrand-feuer-spanian-madrid-klima-bild/wide__1300x731,2026-07-19T11:59:06Z,,Ein Waldbrand rund hundert Kilometer nördlich von Madrid hat mehr als 13.000 Hektar Fläche zerstört. Mehr als 700 Menschen mussten nach Angaben der Behörden der Region Kastilien-La Mancha in Sicherhe… [+1301 chars],,de,'Waldbrand Hektar'
https://www.zeit.de/news/2026-07/19/grosser-waldbrand-bei-madrid-ausser-kontrolle,https://www.zeit.de/news/2026-07/19/grosser-waldbrand-bei-madrid-ausser-kontrolle,0,www.zeit.de,Kampf gegen Flammen: Großer Waldbrand bei Madrid außer Kontrolle,Hier finden Sie Informationen zu dem Thema „Kampf gegen Flammen“. Lesen Sie jetzt „Großer Waldbrand bei Madrid außer Kontrolle“.,https://img.zeit.de/news/2026-07/19/grosser-waldbrand-bei-madrid-ausser-kontrolle-image-group/wide__1300x731,2026-07-19T12:08:26Z,,Nordöstlich der spanischen Hauptstadt Madrid sind nach Angaben der Behörden bei einem Waldbrand bereits rund 13.000 Hektar verbrannt. Das entspricht mehr als 18.000 Fußballfeldern. Bisher seien die F… [+2431 chars],,de,'Waldbrand'
https://www.tagesspiegel.de/gesellschaft/panorama/kampf-gegen-flammen-grosser-waldbrand-bei-madrid-ausser-kontrolle-15855503.html,https://www.tagesspiegel.de/gesellschaft/panorama/kampf-gegen-flammen-grosser-waldbrand-bei-madrid-ausser-kontrolle-15855503.html,0,www.tagesspiegel.de,Kampf gegen Flammen: Großer Waldbrand bei Madrid außer Kontrolle,Nordöstlich von Madrid hat ein Waldbrand bei Guadalajara bereits Tausende Hektar verbrannt. Allein in einer Nacht fraßen sich die Flammen 14 Kilometer voran. Woanders gab es hingegen gute Nachrichten.,https://www.tagesspiegel.de/images/15855502/alternates/BASE_16_9_W1400/1784462987000/waldbrande-in-spanien.jpeg,2026-07-19T12:09:47Z,,Nordöstlich der spanischen Hauptstadt Madrid sind nach Angaben der Behörden bei einem Waldbrand bereits rund 13.000 Hektar verbrannt. Das entspricht mehr als 18.000 Fußballfeldern. Bisher seien die F… [+2391 chars],,de,'Waldbrand Hitze'
https://www.tagesspiegel.de/gesellschaft/panorama/serie-an-waldbranden-in-spanien-neues-feuer-vernichtet-flache-von-mehr-als-13000-hektar-15855476.html,https://www.tagesspiegel.de/gesellschaft/panorama/serie-an-waldbranden-in-spanien-neues-feuer-vernichtet-flache-von-mehr-als-13000-hektar-15855476.html,0,www.tagesspiegel.de,Serie an Waldbränden in Spanien: Neues Feuer vernichtet Fläche von mehr als 13.000 Hektar,Seit Donnerstag macht Spanien nördlich von Madrid ein weiterer Waldbrand zu schaffen. Die Zwischenbilanz fällt verheerend aus. Auch der Nationalpark Sierra Norte ist betroffen.,https://www.tagesspiegel.de/images/15855492/alternates/BASE_16_9_W1400/1784462824000/waldbrande-in-spanien.jpeg,2026-07-19T12:17:47Z,,"Ein Waldbrand rund hundert Kilometer nördlich von Spaniens Hauptstadt Madrid hat mehr als 13.000 Hektar Fläche zerstört. Mehr als 700 Menschen mussten in Sicherheit gebracht werden, wie die Behörden … [+2145 chars]",,de,'Waldbrände'
https://www.faz.net/aktuell/gesellschaft/ungluecke/waldbraende-in-spanien-13-000-hektar-bei-guadalajara-verbrannt-accg-201044688.html,https://www.faz.net/aktuell/gesellschaft/ungluecke/waldbraende-in-spanien-13-000-hektar-bei-guadalajara-verbrannt-accg-201044688.html,0,www.faz.net,Über 13.000 Hektar verbrannt: Eine Serie von Waldbränden wütet in Spanien,Nordöstlich von Madrid hat ein Waldbrand bei Guadalajara bereits Tausende Hektar verbrannt. Allein in einer Nacht fraßen sich die Flammen 14 Kilometer voran. Es gibt aber auch gute Nachrichten.,https://media0.faz.net/image/w1200h627/fd1bd0eee764/w6048h3160x0y751o/202607/43601.0.2349906374/vom-brand-zerstoerte.webp,2026-07-19T12:34:05Z,,Nordöstlich der spanischen Hauptstadt Madrid sind nach Angaben der Behörden bei einem Waldbrand bereits rund 13.000 Hektar verbrannt. Das entspricht mehr als 18.000 Fußballfeldern. Bisher seien die F… [+2300 chars],,de,'Waldbrand'
https://www.sueddeutsche.de/panorama/spanien-waldbrand-braende-madrid-li.3518333,https://www.sueddeutsche.de/panorama/spanien-waldbrand-braende-madrid-li.3518333,0,www.sueddeutsche.de,Spanien: Riesiger Waldbrand bei Madrid breitet sich rasend schnell aus,Nordöstlich der spanischen Hauptstadt sind bereits Tausende Hektar verbrannt. Menschen in 20 Gemeinden werden vorsorglich in Sicherheit gebracht.  Entwarnung gibt es in der Region Aragonien.,https://www.sueddeutsche.de/2026/07/19/e84aa036-7208-4ab7-b577-c2a6dccd08e9.jpg?q=60&fm=webp&width=1200&rect=0%2C209%2C4000%2C2250,2026-07-19T13:32:42Z,,"Mehr als 500 Einsatzkräfte seien am Boden damit beschäftigt, Brandschneisen anzulegen und die Flammen so einzudämmen. Bisher sei es so gelungen, das Feuer von Ortschaften fernzuhalten, sagte die regi… [+1914 chars]",,de,'Waldbrand'
https://www.tagesschau.de/ausland/europa/spanien-waldbrand-madrid-100.html,https://www.tagesschau.de/ausland/europa/spanien-waldbrand-madrid-100.html,0,www.tagesschau.de,Spanien: Großer Waldbrand bei Madrid außer Kontrolle,"Nordöstlich von Madrid versuchen mehr als 500 Einsatzkräfte am Boden und in der Luft, einen großen Waldbrand einzudämmen. Doch das Feuer breitet sich immer weiter aus. Mehrere Orte mussten bereits evakuiert werden.",https://images.tagesschau.de/image/30d9dfad-bd73-46e5-9018-c9a3be4380e8/AAABn3puBQ4/AAABnSSvrFg/16x9-big/brandflaeche-100.jpg?width=1280,2026-07-19T14:26:55Z,,"Stand: 19.07.2026 16:26 Uhr
Nordöstlich von Madrid versuchen mehr als 500 Einsatzkräfte am Boden und in der Luft, einen großen Waldbrand einzudämmen. Doch das Feuer breitet sich immer weiter aus. Me… [+1303 chars]",,de,'Waldbrand'
https://www.diepresse.com/38332276/waldbrand-in-spanien-zerstoert-flaeche-von-mehr-als-13000-hektar,https://www.diepresse.com/38332276/waldbrand-in-spanien-zerstoert-flaeche-von-mehr-als-13000-hektar,0,www.diepresse.com,Waldbrand in Spanien zerstört Fläche von mehr als 13.000 Hektar,Mehr als 700 Menschen mussten nördlich von Spaniens Hauptstadt Madrid in Sicherheit gebracht werden.,https://img.diepresse.com/public/incoming/4ld5cw-spain-forest-fire-emergency/alternates/WEBP_WIDE_1200/SPAIN-FOREST%20FIRE-EMERGENCY,2026-07-19T14:40:16Z,,"Die Presse auf Google als bevorzugte Nachrichtenquelle hinzufügen.
 Ein Waldbrand rund hundert Kilometer nördlich von Spaniens Hauptstadt Madrid hat mehr als 13.000 Hektar Fläche zerstört. Mehr als … [+1329 chars]",,de,'Waldbrand Hektar'
https://www.nzz.ch/panorama/der-rauch-von-waldbraenden-in-kanada-zieht-ueber-die-usa-hinweg-und-sorgt-fuer-dicke-luft-zwischen-den-beiden-laendern-ld.10016113,https://www.nzz.ch/panorama/der-rauch-von-waldbraenden-in-kanada-zieht-ueber-die-usa-hinweg-und-sorgt-fuer-dicke-luft-zwischen-den-beiden-laendern-ld.10016113,0,www.nzz.ch,Der Rauch von Waldbränden in Kanada zieht über die USA hinweg – und sorgt für dicke Luft zwischen den beiden Ländern,"Selbst der Final der Fussball-WM war wegen schlechter Luftwerte zeitweise in Gefahr. Donald Trump wirft Kanada vor, zu wenig gegen die Brände zu tun, und droht mit Zöllen. Der kanadische Premierminister sagt, dass beide Länder gegen den Klimawandel vorgehen m…","https://img-msp-prod.nzz.ch/2026/07/19/e5fce92f-c71f-4f82-a009-4af0d939b3d8.jpg?width=1200&height=674&fit=bounds&quality=75&auto=webp&crop=7033,3956,x0,y735&wmark=nzz",2026-07-19T15:47:23Z,,"Selbst der Final der Fussball-WM war wegen schlechter Luftwerte zeitweise in Gefahr. Donald Trump wirft Kanada vor, zu wenig gegen die Brände zu tun, und droht mit Zöllen. Der kanadische Premierminis… [+5828 chars]",,de,'Waldbrände Klimawandel'
https://orf.at/stories/3436647/,https://orf.at/stories/3436647/,0,orf.at,Waldbrand bei Madrid breitet sich stark aus,Die starke Trockenheit und extreme Hitze sorgt auf der iberischen Halbinsel weiterhin für große Waldbrandgefahr. Nordöstlich der spanischen Hauptstadt Madrid sind nach Angaben der Behörden bei einem Waldbrand bereits rund 13.000 Hektar verbrannt. Bisher seien…,https://ibs.orf.at/news?image=https%3A%2F%2Fassets.orf.at%2Fmims%2F2026%2F30%2F30%2Fcrops%2Fw%3D1200%2Ch%3D630%2Cq%3D75%2F3119697_master_1208730_klima_waldbrand_spanien_guadalajara_afp.jpg%3Fs%3Da7bde84ac207a1ac76217835ac2893106f15b248,2026-07-19T16:00:17Z,,"Mehr als 500 Einsatzkräfte seien damit beschäftigt, Brandschneisen anzulegen und die Flammen so einzudämmen. Bisher sei es gelungen, das Feuer nahe der Stadt Guadalajara von Ortschaften fernzuhalten,… [+3909 chars]",,de,'Waldbrand'
https://www.faz.net/aktuell/gesellschaft/ungluecke/zahlreiche-waldbraende-wueten-an-algeriens-mittelmeerkueste-201045272.html,https://www.faz.net/aktuell/gesellschaft/ungluecke/zahlreiche-waldbraende-wueten-an-algeriens-mittelmeerkueste-201045272.html,0,www.faz.net,An der Mittelmeerküste: Zahlreiche Waldbrände wüten in Algerien,Nach tagelangen Waldbränden in Algerien sind dort ganze Landstriche verkohlt. Feuerwehrleute treiben die Löscharbeiten bei bis zu 49 Grad Hitze und starken Winden voran.,https://media0.faz.net/image/w1200h627/808d48c4054b/w4099h2141x0y295o/202607/43601.0.2350636516/algerien-hammam-melouane-nach.webp,2026-07-19T16:53:36Z,,"In Algerien haben Einsatzkräfte in den vergangenen Tagen rund 70 Waldbrände gezählt angefeuert von hoher Hitze in dem nordafrikanischen Land. Mehr als 40 davon seien inzwischen unter Kontrolle, teilt… [+743 chars]",,de,'Waldbrände'
https://www.zeit.de/gesellschaft/2026-07/waldbraende-suedfrankreich-korsika-hitze-taradeau,https://www.zeit.de/gesellschaft/2026-07/waldbraende-suedfrankreich-korsika-hitze-taradeau,0,www.zeit.de,Frankreich: Weitere Waldbrände in Südfrankreich ausgebrochen,An mehreren Orten in Südfrankreich kämpfen Feuerwehrleute gegen Feuer. Auf Korsika sind auch Löschflugzeuge und Hubschrauber im Einsatz.,https://img.zeit.de/gesellschaft/2026-07/wildfire-in-france-bild/wide__1300x731,2026-07-20T01:28:29Z,,Aufgrund von Hitze und Trockenheit sind in Südfrankreich mehrere Waldbrände ausgebrochen. Im Gebiet von Taradeau sind laut Behördenangaben mehr als 600 Feuerwehrleute im Einsatz. Dort wüte das heftig… [+1003 chars],,de,'Waldbrände'
https://www.zeit.de/news/2026-07/20/ministerium-waldbrand-im-mueritz-nationalpark-ist-geloescht,https://www.zeit.de/news/2026-07/20/ministerium-waldbrand-im-mueritz-nationalpark-ist-geloescht,0,www.zeit.de,Brände: Ministerium: Waldbrand im Müritz-Nationalpark ist gelöscht,Hier finden Sie Informationen zu dem Thema „Brände“. Lesen Sie jetzt „Ministerium: Waldbrand im Müritz-Nationalpark ist gelöscht“.,https://img.zeit.de/news/2026-07/20/ministerium-waldbrand-im-mueritz-nationalpark-ist-geloescht-image-group/wide__1300x731,2026-07-20T06:40:30Z,,Der Großbrand im Müritz-Nationalpark ist gelöscht. Das teilte das Schweriner Umweltministerium am Morgen mit. «Eine dauerhafte Entwarnung kann aufgrund der besonderen Bedingungen im munitionsbelastet… [+937 chars],,de,'Waldbrand Hektar'
https://www.tagesspiegel.de/gesellschaft/panorama/brande-ministerium-waldbrand-im-muritz-nationalpark-ist-geloscht-15856788.html,https://www.tagesspiegel.de/gesellschaft/panorama/brande-ministerium-waldbrand-im-muritz-nationalpark-ist-geloscht-15856788.html,0,www.tagesspiegel.de,Brände: Ministerium: Waldbrand im Müritz-Nationalpark ist gelöscht,"Eine Woche nach der ersten Meldung gilt der Waldbrand im Müritz-Nationalpark als gelöscht. Das bedeutet aber nicht, dass der Einsatz vor Ort sofort beendet werden kann.",https://www.tagesspiegel.de/images/15856787/alternates/BASE_16_9_W1400/1784529693000/weitere-entwicklung-beim-waldbrand-im-muritz-nationalpark.jpeg,2026-07-20T06:41:33Z,,Der Großbrand im Müritz-Nationalpark ist gelöscht. Das teilte das Schweriner Umweltministerium am Morgen mit. Eine dauerhafte Entwarnung kann aufgrund der besonderen Bedingungen im munitionsbelastete… [+991 chars],,de,'Waldbrand Hektar'
https://www.faz.net/aktuell/gesellschaft/ungluecke/waldbrand-im-mueritz-nationalpark-ist-geloescht-accg-201046174.html,https://www.faz.net/aktuell/gesellschaft/ungluecke/waldbrand-im-mueritz-nationalpark-ist-geloescht-accg-201046174.html,0,www.faz.net,Munitionsbelastetes Gelände: Waldbrand im Müritz-Nationalpark ist gelöscht,"Eine Woche nach der ersten Meldung gilt der Waldbrand im Müritz-Nationalpark als gelöscht. Das bedeutet aber nicht, dass der Einsatz vor Ort sofort beendet werden kann.",https://media0.faz.net/image/w1200h627/54bdfe8c1956/w1553h811x0y112o/202607/43601.0.2351132820/ein-wasserwerfer-der.webp,2026-07-20T06:46:59Z,,Der Großbrand im Müritz-Nationalpark ist gelöscht. Das teilte das Schweriner Umweltministerium am Morgen mit. Eine dauerhafte Entwarnung kann aufgrund der besonderen Bedingungen im munitionsbelastete… [+895 chars],,de,'Waldbrand Häuser'
https://www.dw.com/de/burnham-london-feuer-waldbrand-madrid-spanien-fu%C3%9Fball-wm-ukraine-russland-mali-iran-trump/a-78031259,https://www.dw.com/de/burnham-london-feuer-waldbrand-madrid-spanien-fu%C3%9Fball-wm-ukraine-russland-mali-iran-trump/a-78031259,0,www.dw.com,News kompakt: Großer Waldbrand nahe Madrid außer Kontrolle,In der spanischen Provinz Guadalajara kämpfen Feuerwehrleute gegen einen gewaltigen Waldbrand. Die Ukraine meldet einen russischen Lenkbombenangriff auf Saporischschja. Der DW-Nachrichtenüberblick.,https://static.dw.com/image/78031258_6.jpg,2026-07-20T07:00:00Z,,Nordöstlich der spanischen Hauptstadt Madrid sind bei einem Waldbrand nach Behördenangaben bereits rund 13.000 Hektar zerstört worden. Die Fläche entspricht mehr als 18.000 Fußballfeldern. Das Feuer … [+5191 chars],,de,'Waldbrand'
https://www.tagesspiegel.de/gesellschaft/panorama/waldbrand-im-muritz-nationalpark-ministerium-meldet-erfolgreiche-loschung-15856809.html,https://www.tagesspiegel.de/gesellschaft/panorama/waldbrand-im-muritz-nationalpark-ministerium-meldet-erfolgreiche-loschung-15856809.html,0,www.tagesspiegel.de,Waldbrand im Müritz-Nationalpark: Ministerium meldet erfolgreiche Löschung,"Eine Woche nach der ersten Meldung gilt das Feuer als gelöscht. Das bedeutet aber nicht, dass der Einsatz vor Ort sofort beendet werden kann.",https://www.tagesspiegel.de/images/15856813/alternates/BASE_16_9_W1400/1784531005000/weitere-entwicklung-beim-waldbrand-im-muritz-nationalpark.jpeg,2026-07-20T07:11:35Z,,Der Großbrand im Müritz-Nationalpark ist gelöscht. Das teilte das Schweriner Umweltministerium am Morgen mit. Eine dauerhafte Entwarnung kann aufgrund der besonderen Bedingungen im munitionsbelastete… [+1166 chars],,de,'Waldbrand'
https://www.sueddeutsche.de/reise/waldbrand-europa-urlaub-stornieren-geld-zurueck-li.3516035,https://www.sueddeutsche.de/reise/waldbrand-europa-urlaub-stornieren-geld-zurueck-li.3516035,0,www.sueddeutsche.de,Hitze in Europa: Waldbrände: Kann man den Urlaub stornieren?,"In Südeuropa wüten verheerende Feuer. Was tun, wenn es dorthin in den Urlaub gehen sollte? Die wichtigsten Fragen und Antworten.",https://www.sueddeutsche.de/2026/07/16/e145140a-e136-4eff-873c-3e3f8e815783.jpg?q=60&fm=webp&width=1200&rect=0%2C348%2C2500%2C1406,2026-07-20T07:35:29Z,,"Wo findet man Informationen über die Situation an seinem Urlaubsort?
Der Kartendienst Google Maps erleichtert nicht nur unterwegs die Orientierung, sondern hilft auch hier weiter: Behördlich gemelde… [+5924 chars]",,de,'Waldbrand Rauch'
https://www.n-tv.de/panorama/Waldbrand-im-Mueritz-Nationalpark-ist-geloescht-id31104240.html,https://www.n-tv.de/panorama/Waldbrand-im-Mueritz-Nationalpark-ist-geloescht-id31104240.html,0,www.n-tv.de,Keine dauerhafte Entwarnung: Waldbrand im Müritz-Nationalpark ist gelöscht,"Eine Woche nach der ersten Meldung gilt der Waldbrand im Müritz-Nationalpark als gelöscht. Das bedeutet aber nicht, dass der Einsatz vor Ort sofort beendet werden kann. Das Problem ist weiterhin die Munition auf dem Gelände. Über die nächsten Schritte informi…",https://www.n-tv.de/img/31104199/1784539292/Img_16_9/1200/19-07-2026-Mecklenburg-Vorpommern-Kratzeburg-Ein-Wasserwerfer-der-Landespolizei-Niedersachsen-aus-Celle-unterstuetzt-die-Einsatzkraefte-bei-der-Bekaempfung-des-Waldbrandes-im-Mueritz-Nationalpark.jpg,2026-07-20T08:16:06Z,,"Ein Wasserwerfer der Landespolizei Niedersachsen unterstützt die Einsatzkräfte im Nachbarbundesland. (Foto: dpa)
Eine Woche nach der ersten Meldung gilt der Waldbrand im Müritz-Nationalpark als gelö… [+1770 chars]",,de,'Waldbrand'
https://www.tagesschau.de/ausland/europa/frankreich-waldbraende-100.html,https://www.tagesschau.de/ausland/europa/frankreich-waldbraende-100.html,0,www.tagesschau.de,Neue Waldbrände in Südfrankreich ausgebrochen,"In Südfrankreich sind mehrere Waldbrände ausgebrochen - Hunderte Feuerwehrleute sind im Einsatz, viele Menschen wurden in Sicherheit gebracht. Auf Korsika halten zwei Brände die Einsatzkräfte bereits seit einer Woche in Atem.",https://images.tagesschau.de/image/b900f73b-be80-40ac-a9bd-4f244413029f/AAABn375YXQ/AAABnSSvrFg/16x9-big/waldbrand-taradeau-frankreich-100.jpg?width=1280,2026-07-20T10:01:40Z,,"Stand: 20.07.2026 12:01 Uhr
In Südfrankreich sind mehrere Waldbrände ausgebrochen - Hunderte Feuerwehrleute sind im Einsatz, viele Menschen wurden in Sicherheit gebracht. Auf Korsika halten zwei Brä… [+1556 chars]",,de,'Waldbrände'
https://www.zeit.de/news/2026-07/20/waldbrand-bei-madrid-wird-immer-groesser,https://www.zeit.de/news/2026-07/20/waldbrand-bei-madrid-wird-immer-groesser,0,www.zeit.de,Kampf gegen Flammen: Waldbrand bei Madrid wird immer größer,Hier finden Sie Informationen zu dem Thema „Kampf gegen Flammen“. Lesen Sie jetzt „Waldbrand bei Madrid wird immer größer“.,https://img.zeit.de/news/2026-07/20/waldbrand-bei-madrid-wird-immer-groesser-image-group/wide__1300x731,2026-07-20T11:20:59Z,,"Der seit Donnerstag nordöstlich der spanischen Hauptstadt Madrid wütende Waldbrand hat sich weiter sehr schnell ausgebreitet. Inzwischen seien 26.000 Hektar verbrannt, teilte der regionale Regierungs… [+2794 chars]",,de,'Waldbrand'
https://www.tagesspiegel.de/gesellschaft/panorama/eine-flache-gross-wie-36000-fussballfelder-ist-verbrannt-feuerwalze-nahe-madrid-bedroht-30-dorfer-15858052.html,https://www.tagesspiegel.de/gesellschaft/panorama/eine-flache-gross-wie-36000-fussballfelder-ist-verbrannt-feuerwalze-nahe-madrid-bedroht-30-dorfer-15858052.html,0,www.tagesspiegel.de,Eine Fläche groß wie 36.000 Fußballfelder ist verbrannt: Feuerwalze nahe Madrid bedroht 30 Dörfer,"Nördlich von Madrid wütet ein verheerender Waldbrand, mehr als 26.000 Hektar sind schon zerstört. Hunderte kämpfen gegen Wind und Gluthitze – und die nächste Hitzewelle steht bevor.",https://www.tagesspiegel.de/images/15858450/alternates/BASE_16_9_W1400/1784549280000/waldbrande-in-spanien.jpeg,2026-07-20T11:22:34Z,,"Der seit Donnerstag nordöstlich der spanischen Hauptstadt Madrid wütende Waldbrand hat sich weiter sehr schnell ausgebreitet. Inzwischen seien 26.000 Hektar verbrannt, teilte der regionale Regierungs… [+3013 chars]",,de,'Waldbrand'
https://www.tagesspiegel.de/gesellschaft/panorama/kampf-gegen-flammen-waldbrand-bei-madrid-wird-immer-grosser-15858052.html,https://www.tagesspiegel.de/gesellschaft/panorama/kampf-gegen-flammen-waldbrand-bei-madrid-wird-immer-grosser-15858052.html,0,www.tagesspiegel.de,Kampf gegen Flammen: Waldbrand bei Madrid wird immer größer,"Feuerwalze nahe Madrid bedroht 30 Dörfer, mehr als 26.000 Hektar sind schon zerstört. Hunderte kämpfen gegen Wind und Gluthitze – und die nächste Hitzewelle steht bevor.",https://www.tagesspiegel.de/images/15858051/alternates/BASE_16_9_W1400/1784546554000/waldbrande-in-spanien.jpeg,2026-07-20T11:22:34Z,,"Der seit Donnerstag nordöstlich der spanischen Hauptstadt Madrid wütende Waldbrand hat sich weiter sehr schnell ausgebreitet. Inzwischen seien 26.000 Hektar verbrannt, teilte der regionale Regierungs… [+2752 chars]",,de,'Waldbrand'
https://www.zeit.de/news/2026-07/20/waldbrand-im-nationalpark-ermittlungen-zur-ursache-laufen,https://www.zeit.de/news/2026-07/20/waldbrand-im-nationalpark-ermittlungen-zur-ursache-laufen,0,www.zeit.de,Brände: Waldbrand im Nationalpark - Ermittlungen zur Ursache laufen,Hier finden Sie Informationen zu dem Thema „Brände“. Lesen Sie jetzt „Waldbrand im Nationalpark - Ermittlungen zur Ursache laufen“.,https://img.zeit.de/news/2026-07/20/waldbrand-im-nationalpark-ermittlungen-zur-ursache-laufen-image-group/wide__1300x731,2026-07-20T12:38:38Z,,"Die Ursache für den inzwischen unter Kontrolle gebrachten Großbrand im Müritz-Nationalpark ist noch ungeklärt. «Was auffällt, ist diese Häufung: innerhalb von drei Wochen zwei Großbrände», sagte der … [+2145 chars]",,de,'Waldbrand'
https://www.faz.net/aktuell/gesellschaft/ungluecke/26-000-hektar-verbrannt-waldbrand-in-spanien-breitet-sich-aus-201048246.html,https://www.faz.net/aktuell/gesellschaft/ungluecke/26-000-hektar-verbrannt-waldbrand-in-spanien-breitet-sich-aus-201048246.html,0,www.faz.net,Waldbrände in Spanien: Nordöstlich von Madrid frisst sich die Feuerwand voran,Es ist der schlimmste Waldbrand in der Geschichte der Region: Inzwischen sind nach Angaben der regionalen Regierung 26.000 Hektar verbrannt. Auch in Frankreich kämpfen Einsatzkräfte gegen die Flammen.,https://media0.faz.net/image/w1200h627/28ad69ad562f/w3934h2055x20y79o/202607/43601.0.2354379999/eine-von-den-behoerden.webp,2026-07-20T14:52:25Z,,In einem Waldbrandgebiet in Spanien spitzt sich die Lage weiter zu. Das seit Donnerstag nordöstlich der Hauptstadt Madrid wütende Feuer breitet sich sehr schnell aus. Inzwischen seien 26.000 Hektar v… [+3032 chars],,de,'Waldbrand Hektar'
https://www.zeit.de/news/2026-07/21/mehr-kameras-gegen-waldbraende-am-niederrhein,https://www.zeit.de/news/2026-07/21/mehr-kameras-gegen-waldbraende-am-niederrhein,0,www.zeit.de,Früherkennung: Mehr Kameras gegen Waldbrände am Niederrhein,Hier finden Sie Informationen zu dem Thema „Früherkennung“. Lesen Sie jetzt „Mehr Kameras gegen Waldbrände am Niederrhein“.,https://img.zeit.de/news/2026-07/21/mehr-kameras-gegen-waldbraende-am-niederrhein-image-group/wide__1300x731,2026-07-21T02:00:50Z,,Das frühe Erkennen von Waldbränden mit Hilfe von Kameras und Künstlicher Intelligenz (KI) wird am Niederrhein grenzüberschreitend ausgebaut. In der Provinz Limburg in den Niederlanden sollen drei Kam… [+1533 chars],,de,'Waldbrände'
https://www.zeit.de/news/2026-07/21/drohen-in-nrw-verheerende-waldbraende-wie-in-spanien,https://www.zeit.de/news/2026-07/21/drohen-in-nrw-verheerende-waldbraende-wie-in-spanien,0,www.zeit.de,Größeres Risiko für Feuer: Drohen in NRW verheerende Waldbrände wie in Spanien?,Hier finden Sie Informationen zu dem Thema „Größeres Risiko für Feuer“. Lesen Sie jetzt „Drohen in NRW verheerende Waldbrände wie in Spanien?“.,https://img.zeit.de/news/2026-07/21/drohen-in-nrw-verheerende-waldbraende-wie-in-spanien-image-group/wide__1300x731,2026-07-21T02:30:26Z,,Mit dem Geräusch knackender Äste bahnen sich 10.000 Liter Löschwasser den Weg durch das Unterholz. Huckepack getragen von einer Holzerntemaschine mit Spezialaufsatz. Der «Fire Fighter» soll Waldbränd… [+5469 chars],,de,'Waldbrand Hektar'
https://www.zeit.de/wissenschaft/2026-07/waldbraende-amazonasgebiet-brasilien-mapbiomas-lula-da-silva,https://www.zeit.de/wissenschaft/2026-07/waldbraende-amazonasgebiet-brasilien-mapbiomas-lula-da-silva,0,www.zeit.de,Brasilien: Waldbrände im Amazonasgebiet 2025 auf tiefstem Stand seit Jahrzehnten,Die Waldbrände im brasilianischen Amazonasgebiet sind auf ein historisches Tief zurückgegangen. Seit Beginn der Aufzeichnungen brannte die bislang kleinste Fläche ab.,https://img.zeit.de/wissenschaft/2026-07/waldbraende-amazonasgebiet-brasilien-mapbiomas-lula-da-silva-foto-1/wide__1300x731,2026-07-21T08:40:20Z,,"Schließen
Artikelzusammenfassung
Der Amazonas atmet auf. Laut MapBiomas sind seit Beginn der Aufzeichnungen 1983 nur gut drei Millionen Hektar im brasilianischen Regenwald abgebrannt ein drastische… [+1014 chars]",,de,'Waldbrände'
https://steiermark.orf.at/stories/3363561/,https://steiermark.orf.at/stories/3363561/,0,steiermark.orf.at,Blitzschlag verursacht Waldbrand in Rottenmann,In Rottenmann im Bezirk Liezen ist am Montag ein Waldbrand ausgebrochen. Vier Feuerwehren sind im Einsatz. Auch zwei Hubschrauber unterstützen die Brandbekämpfung. Der Brand dürfte durch einen Blitzschlag in eine Baumgruppe ausgebrochen sein.,https://ibs.orf.at/stm?image=https%3A%2F%2Foekastatic.orf.at%2Fmojo%2F1_4_1%2Fstoryserver%2Foeka%2Fcommon%2Fimages%2Fog-fallback-stm.png%3Fs%3D34639efb5eb3bfd56044a89259a23cc721f4f603,2026-07-21T09:04:12Z,,Der Brand brach auf einem schwer zugänglichen Kamm aus und betrifft ungefähr 200 Quadratmeter. Der Feuerwehr gelang es den Brand oberflächlich zu löschen. Nach Flügen mit einer Feuerwehrdrohne wurden… [+686 chars],,de,'Waldbrand'
https://www.faz.net/aktuell/gesellschaft/ungluecke/ausser-kontrolle-brand-bei-madrid-verwuestet-29-000-hektar-accg-201050412.html,https://www.faz.net/aktuell/gesellschaft/ungluecke/ausser-kontrolle-brand-bei-madrid-verwuestet-29-000-hektar-accg-201050412.html,0,www.faz.net,Waldbrände in Spanien: Flammen verwüsten 29.000 Hektar nordöstlich von Madrid,Eine neue Hitzewelle erschwert in Spanien den Kampf gegen die Waldbrände. Schon mehr als 80.000 Hektar wurden verbrannt. Die Behörden sprechen von einem „extremen Risiko“.,https://media0.faz.net/image/w1200h627/d24e063fba76/w6048h3160x0y390o/202607/43601.0.2349810683/vom-brand-zerstoert-das-feuer.webp,2026-07-21T10:12:21Z,,Das Feuer nordöstlich von Madrid wütet unkontrolliert weiter. Es ist der größte Waldbrand in der Geschichte der spanischen Region Kastilien-La Mancha. Den Flammen im Norden der Provinz Guadalajara si… [+2343 chars],,de,'Waldbrände'
https://www.tagesschau.de/ausland/amerika/weniger-waldbraende-amazonas-100.html,https://www.tagesschau.de/ausland/amerika/weniger-waldbraende-amazonas-100.html,0,www.tagesschau.de,Waldbrände im Amazonas 2025 auf tiefstem Stand seit Jahrzehnten,Es ist ein Hoffnungsschimmer in Zeiten des Klimawandels: Im vergangenen Jahr ist so wenig Amazon-Regenwald abgebrannt wie seit Jahrzehnten nicht. Doch nun wächst die Sorge vor einem Super-El Niño.,https://images.tagesschau.de/image/016c63da-0d41-4c1f-a1f1-786df217771f/AAABn4P3BfA/AAABnSSvrFg/16x9-big/amazonas-150.jpg?width=1280,2026-07-21T10:39:09Z,,"Stand: 21.07.2026 12:39 Uhr
Es ist ein Hoffnungsschimmer in Zeiten des Klimawandels: Im vergangenen Jahr ist so wenig Amazon-Regenwald abgebrannt wie seit Jahrzehnten nicht. Doch nun wächst die Sorg… [+1153 chars]",,de,'Waldbrände Klimawandel'
https://www.tagesschau.de/inland/innenpolitik/bekaempfung-waldbraende-bund-100.html,https://www.tagesschau.de/inland/innenpolitik/bekaempfung-waldbraende-bund-100.html,0,www.tagesschau.de,Kampf gegen Waldbrände: Was tut der Bund?,"Dieses Jahr könnte wieder ein Rekordjahr für Wald- und Flächenbrände werden. Zuständig für die Bekämpfung sind Länder und Kommunen - aber manche überfordert das. Was tut der Bund, um zu unterstützen? Und reicht das? Von Katrin Aue.",https://images.tagesschau.de/image/a811b5dd-57bd-47bc-ad9a-0cf1109251fc/AAABn2_vIoE/AAABnSSvrFg/16x9-big/waldbrand-nationalparkmueritz-100.jpg?width=1280,2026-07-21T10:41:26Z,,"Stand: 21.07.2026 12:41 Uhr
Dieses Jahr könnte wieder ein Rekordjahr für Wald- und Flächenbrände werden. Zuständig für die Bekämpfung sind Länder und Kommunen - aber manche überfordert das. Was tut … [+4253 chars]",,de,'Waldbrände'
https://www.n-tv.de/panorama/Waldbrandexperte-kritisiert-Loeschkonzept-fuer-Mueritz-Nationalpark-id31109096.html,https://www.n-tv.de/panorama/Waldbrandexperte-kritisiert-Loeschkonzept-fuer-Mueritz-Nationalpark-id31109096.html,0,www.n-tv.de,Kreisregner seien untauglich: Waldbrandexperte kritisiert Löschkonzept für Müritz-Nationalpark,"Die große Trockenheit lässt das Feuer im Müritz-Nationalpark rasant wachsen. Die Weltkriegsmunition in dem Gebiet schränkt die Löscharbeiten zudem ein. Der Weg, den das Land am Ende beschreitet, sei aber ""fachlich schwer nachvollziehbar"", kritisiert ein Exper…",https://www.n-tv.de/img/31109100/1784639140/Img_16_9/1200/Ein-Wasserwerfer-der-Landespolizei-Niedersachsen-aus-Celle-unterstuetzt-die-Einsatzkraefte-bei-der-Bekaempfung-des-Waldbrandes-im-Mueritz-Nationalpark.jpg,2026-07-21T11:42:37Z,,"Der Experte hält von der Löschung mit Kreisregnern im Falle des Müritz-Nationalparks nicht viel. (Foto: picture alliance/dpa)
Die große Trockenheit lässt das Feuer im Müritz-Nationalpark rasant wach… [+2131 chars]",,de,'Waldbrand'
https://www.zeit.de/news/2026-07/21/erfolge-im-kampf-gegen-grossen-waldbrand-bei-madrid,https://www.zeit.de/news/2026-07/21/erfolge-im-kampf-gegen-grossen-waldbrand-bei-madrid,0,www.zeit.de,29.000 Hektar zerstört: Erfolge im Kampf gegen großen Waldbrand bei Madrid,Hier finden Sie Informationen zu dem Thema „29.000 Hektar zerstört“. Lesen Sie jetzt „Erfolge im Kampf gegen großen Waldbrand bei Madrid“.,https://img.zeit.de/news/2026-07/21/erfolge-im-kampf-gegen-grossen-waldbrand-bei-madrid-image-group/wide__1300x731,2026-07-21T13:25:34Z,,"Bei der Bekämpfung eines großen Waldbrandes unweit der spanischen Hauptstadt Madrid gibt es nach fünf Tagen erstmals gute Nachrichten. Man sehe bereits «das Licht am Ende des Tunnels», sagte der Präs… [+2747 chars]",,de,'Waldbrand Hektar'
https://www.tagesspiegel.de/gesellschaft/panorama/29000-hektar-zerstort-erfolge-im-kampf-gegen-grossen-waldbrand-bei-madrid-15862428.html,https://www.tagesspiegel.de/gesellschaft/panorama/29000-hektar-zerstort-erfolge-im-kampf-gegen-grossen-waldbrand-bei-madrid-15862428.html,0,www.tagesspiegel.de,29.000 Hektar zerstört: Erfolge im Kampf gegen großen Waldbrand bei Madrid,Nach fünf Tagen gibt es Hoffnung: Einsatzkräfte stoppen weitgehend die Ausbreitung des Waldbrands unweit der spanischen Hauptstadt. Wie die Wetterlage die Löscharbeiten erschwert.,https://www.tagesspiegel.de/images/15862427/alternates/BASE_16_9_W1400/1784640415000/waldbrande-in-spanien.jpeg,2026-07-21T13:26:55Z,,"Bei der Bekämpfung eines großen Waldbrandes unweit der spanischen Hauptstadt Madrid gibt es nach fünf Tagen erstmals gute Nachrichten. Man sehe bereits das Licht am Ende des Tunnels, sagte der Präsid… [+2801 chars]",,de,'Waldbrand Hektar'
https://www.faz.net/aktuell/feuilleton/debatten/donald-trump-aergert-sich-ueber-die-waldbraende-in-kanada-201050757.html,https://www.faz.net/aktuell/feuilleton/debatten/donald-trump-aergert-sich-ueber-die-waldbraende-in-kanada-201050757.html,0,www.faz.net,Rauchschwaden aus Kanada: Trumps Nachbarschaftsstreit,"Maschendrahtzaun, Kettensäge, Waldbrand: Streitigkeiten unter Nachbarn können grotesk sein. Donald Trump treibt den Konflikt mit Kanada auf die Spitze. Erwartet er, dass sich der Rauch an Staatsgrenzen hält?",https://media0.faz.net/image/w1200h627/fc45626f9a5a/w6758h3531x0y546o/202607/43601.0.2343444044/nichts-fuer-schwache-lungen.webp,2026-07-21T13:29:55Z,,"Der Feind wohnt manchmal nebenan. Viele dürften sich an den kuriosen Nachbarschaftsstreit des Jahres 1999 erinnern, bei dem der Stein beziehungsweise Knallerbsenstrauch des Anstoßes angeblich den Mas… [+2179 chars]",,de,'Waldbrand'
https://www.zeit.de/news/2026-07/21/amazonas-so-wenig-waldbraende-wie-seit-40-jahren-nicht,https://www.zeit.de/news/2026-07/21/amazonas-so-wenig-waldbraende-wie-seit-40-jahren-nicht,0,www.zeit.de,Umwelt: Amazonas: So wenig Waldbrände wie seit 40 Jahren nicht,Hier finden Sie Informationen zu dem Thema „Umwelt“. Lesen Sie jetzt „Amazonas: So wenig Waldbrände wie seit 40 Jahren nicht“.,https://img.zeit.de/news/2026-07/21/amazonas-so-wenig-waldbraende-wie-seit-40-jahren-nicht-image-group/wide__1300x731,2026-07-21T17:59:36Z,,"Im Amazonasgebiet sind im Jahr 2025 so wenig Waldflächen abgebrannt wie seit Beginn der Aufzeichnungen vor 40 Jahren nicht mehr. Rund 3,1 Millionen Hektar waren im vergangenen Jahr von Bränden betrof… [+2097 chars]",,de,'Waldbrände Klimawandel'
https://www.tagesschau.de/ausland/europa/frankreich-waldbraende-weinbauern-100.html,https://www.tagesschau.de/ausland/europa/frankreich-waldbraende-weinbauern-100.html,0,www.tagesschau.de,Frankreich: Die Not der Weinbauern nach den Waldbränden,"Seit Wochen wüten in Südfrankreich massive Waldbrände. Eine Region, die es hart getroffen hat, sind die Pyrénées-Orientales - dort fielen den Flammen auch zahlreiche Weinhänge zum Opfer. Die Winzer stehen vor dem Nichts. Von Julia Borutta, ARD Paris",https://images.tagesschau.de/image/8125b3b4-281a-47eb-b370-8ed77ec2a668/AAABn4bBSl8/AAABnSSvrFg/16x9-big/waldbrand-frankreich-140.jpg?width=1280,2026-07-21T22:38:36Z,,"Stand: 22.07.2026 00:38 Uhr
Seit Wochen wüten in Südfrankreich massive Waldbrände. Eine Region, die es hart getroffen hat, sind die Pyrénées-Orientales - dort fielen den Flammen auch zahlreiche Wein… [+3827 chars]",,de,'Waldbrände'
https://orf.at/stories/3436905/,https://orf.at/stories/3436905/,0,orf.at,Neuer Waldbrand in Südfrankreich ausgebrochen,,https://orf.at/mojo/1_4_1/storyserver//news/common/images/og-fallback-news.png,2026-07-22T05:31:56Z,,"Ein sich rasend schnell ausbreitender Waldbrand hat im Süden Frankreichs hunderte Menschen zur Flucht aus ihren Häusern gezwungen. Wie die Behörden im Departement Var gestern Abend mitteilten, waren … [+935 chars]",,de,'Waldbrand'
https://www.zeit.de/news/2026-07/22/waldbraende-auf-sizilien-weiten-sich-aus,https://www.zeit.de/news/2026-07/22/waldbraende-auf-sizilien-weiten-sich-aus,0,www.zeit.de,Hitze: Waldbrände auf Sizilien weiten sich aus,Hier finden Sie Informationen zu dem Thema „Hitze“. Lesen Sie jetzt „Waldbrände auf Sizilien weiten sich aus“.,https://img.zeit.de/news/2026-07/22/waldbraende-auf-sizilien-weiten-sich-aus-image-group/wide__1300x731,2026-07-22T08:04:56Z,,"Auf Sizilien breiten sich immer mehr Waldbrände aus. Die Feuer werden nach Angaben der Rettungsdienste durch den heißen Wüstenwind Scirocco angefacht, der aus dem nahegelegenen Afrika übers Mittelmee… [+1022 chars]",,de,'Waldbrände'
https://www.zeit.de/news/2026-07/22/waldbrand-in-suedfrankreich-hunderte-menschen-fliehen,https://www.zeit.de/news/2026-07/22/waldbrand-in-suedfrankreich-hunderte-menschen-fliehen,0,www.zeit.de,Feuerwehr im Dauereinsatz: Waldbrand in Südfrankreich: Hunderte Menschen fliehen,Hier finden Sie Informationen zu dem Thema „Feuerwehr im Dauereinsatz“. Lesen Sie jetzt „Waldbrand in Südfrankreich: Hunderte Menschen fliehen“.,https://img.zeit.de/news/2026-07/22/waldbrand-in-suedfrankreich-hunderte-menschen-fliehen-image-group/wide__1300x731,2026-07-22T08:11:07Z,,"In Südfrankreich kämpfen 1.100 Feuerwehrleute gegen einen Waldbrand, der sich im bergigen Hinterland nordöstlich von Marseille bereits durch 2.500 Hektar Fläche ausgebreitet hat. Die Feuerwehr ist mi… [+1117 chars]",,de,'Waldbrand'
https://www.tagesspiegel.de/gesellschaft/panorama/feuerwehr-im-dauereinsatz-waldbrand-in-sudfrankreich-hunderte-menschen-fliehen-15864677.html,https://www.tagesspiegel.de/gesellschaft/panorama/feuerwehr-im-dauereinsatz-waldbrand-in-sudfrankreich-hunderte-menschen-fliehen-15864677.html,0,www.tagesspiegel.de,Feuerwehr im Dauereinsatz: Waldbrand in Südfrankreich: Hunderte Menschen fliehen,"Löschflugzeuge, Hubschrauber und 1.100 Feuerwehrleute kämpfen gegen einen sich rasch ausbreitenden Brand. Dutzende Häuser werden beschädigt, Verletzte gibt es bislang nicht.",https://www.tagesspiegel.de/images/15864675/alternates/BASE_16_9_W1400/1784707933000/brande-in-franreich.jpeg,2026-07-22T08:12:14Z,,"In Südfrankreich kämpfen 1.100 Feuerwehrleute gegen einen Waldbrand, der sich im bergigen Hinterland nordöstlich von Marseille bereits durch 2.500 Hektar Fläche ausgebreitet hat. Die Feuerwehr ist mi… [+1169 chars]",,de,'Waldbrand Häuser'
https://www.tagesspiegel.de/gesellschaft/panorama/trockenheit-hitze-und-wind-klimawandel-heizt-waldbrande-in-sudwesteuropa-weiter-an-15864677.html,https://www.tagesspiegel.de/gesellschaft/panorama/trockenheit-hitze-und-wind-klimawandel-heizt-waldbrande-in-sudwesteuropa-weiter-an-15864677.html,0,www.tagesspiegel.de,"Trockenheit, Hitze und Wind: Klimawandel heizt Waldbrände in Südwesteuropa weiter an","Hitzewellen und ausgetrocknete Vegetation bieten Flammen in Spanien, Frankreich und weiteren Ländern reichlich Nahrung. Was Experten zur Entwicklung und den Ursachen der Brände sagen.",https://www.tagesspiegel.de/images/15864850/alternates/BASE_16_9_W1400/1784711496000/flachenbrand-in-griechenland.jpeg,2026-07-22T08:12:14Z,,"In Spanien und Frankreich ist die Feuerwehr gegen immer neue Waldbrände im Dauereinsatz. Die Flammen breiten sich auf riesigen Flächen aus. Wetterlagen mit anhaltender Trockenheit und Hitze, die wege… [+6886 chars]",,de,'Waldbrände'
https://www.n-tv.de/panorama/Waldbrand-bei-Marseille-breitet-sich-rasant-aus-id31112532.html,https://www.n-tv.de/panorama/Waldbrand-bei-Marseille-breitet-sich-rasant-aus-id31112532.html,0,www.n-tv.de,1100 Feuerwehrleute im Einsatz: Waldbrand bei Marseille breitet sich rasant aus,"Im Nordosten Marseilles fressen sich Flammen durch das bergige Hinterland. Die Feuerwehr muss schwere Geschütze auffahren, um den riesigen Waldbrand zu kontrollieren. Auf Sizilien facht derweil heißer Wind aus Afrika mehrere Feuer an. Hunderte Haushalte sind …",https://www.n-tv.de/img/31112561/1784718653/Img_16_9/1200/Im-Suedosten-Frankreichs-wird-ein-Haus-von-einem-Feuer-zerstoert-Ein-Waldbrand-breitet-sich-mit-ueberraschender-Geschwindigkeit-in-Suedfrankreich-aus.jpg,2026-07-22T09:52:22Z,,"Über 2500 Hektar Fläche fielen dem Brand innerhalb eines Tages zum Opfer. (Foto: picture alliance/dpa/AFP)
Im Nordosten Marseilles fressen sich Flammen durch das bergige Hinterland. Die Feuerwehr mu… [+2557 chars]",,de,'Waldbrand'
https://www.tagesschau.de/ausland/europa/waldbraende-frankreich-sizilien-spanien-100.html,https://www.tagesschau.de/ausland/europa/waldbraende-frankreich-sizilien-spanien-100.html,0,www.tagesschau.de,"Wälder in Frankreich, Spanien und Italien brennen","An vielen Orten in Europa zeigt sich der Klimawandel in extremer Form: Waldbrände auf Sizilien breiten sich bei Temperaturen um 45 Grad aus. In Frankreich sterben zwei Feuerwehrleute, Hunderte Menschen müssen fliehen.",https://images.tagesschau.de/image/5bab1521-1577-4875-9461-2eff7d1b6b28/AAABn4knuw4/AAABnSSvrFg/16x9-big/feuerwehr-waldbrand-spanien-100.jpg?width=1280,2026-07-22T09:57:28Z,,"Stand: 22.07.2026 11:57 Uhr
An vielen Orten in Europa zeigt sich der Klimawandel in extremer Form: Waldbrände auf Sizilien breiten sich bei Temperaturen um 45 Grad aus. In Frankreich sterben zwei Fe… [+3954 chars]",,de,'Waldbrände'
https://www.bild.de/news/ausland/urlauber-loeschen-waldbrand-mit-muelleimern-und-poolwasser-6a606ef2ee78a955fac7b129,https://www.bild.de/news/ausland/urlauber-loeschen-waldbrand-mit-muelleimern-und-poolwasser-6a606ef2ee78a955fac7b129,0,www.bild.de,"Italien, Frankreich, Spanien ... - Urlauber löschen Waldbrand mit Poolwasser","Extreme Waldbrände bedrohen Südeuropa, Urlauber müssen teils selbst Feuer löschen.","https://images.bild.de/6a606ef2ee78a955fac7b129/2f6318cc8257c395a9cf044d660c16fc,a2c5be0a?w=1280",2026-07-22T11:05:45Z,,"TTS-Player überspringenArtikel weiterlesenDürre, Hitze, heftige Winde: Feuerwalzen rollen durch Europa! Deutschlands Nachbarn kämpfen derzeit mit verheerenden, zum Teil schlimmsten Waldbränden ihrer … [+5258 chars]",,de,'Waldbrände'
https://www.zeit.de/news/2026-07/22/zweitgroesster-waldbrand-spaniens-s-nchez-fordert-klimapakt,https://www.zeit.de/news/2026-07/22/zweitgroesster-waldbrand-spaniens-s-nchez-fordert-klimapakt,0,www.zeit.de,Feuer unweit von Madrid: Zweitgrößter Waldbrand Spaniens - Sánchez fordert Klimapakt,Hier finden Sie Informationen zu dem Thema „Feuer unweit von Madrid“. Lesen Sie jetzt „Zweitgrößter Waldbrand Spaniens - Sánchez fordert Klimapakt“.,https://img.zeit.de/news/2026-07/22/zweitgroesster-waldbrand-spaniens-s-nchez-fordert-klimapakt-image-group/wide__1300x731,2026-07-22T13:01:13Z,,Der verheerende Waldbrand in der Provinz Guadalajara hat nach Behördenangaben inzwischen rund 32.000 Hektar Land zerstört und zählt damit zu den größten Bränden der jüngeren Geschichte Spaniens. Bei … [+2777 chars],,de,'Waldbrand'
https://www.tagesspiegel.de/gesellschaft/panorama/feuer-unweit-von-madrid-zweitgrosster-waldbrand-spaniens-sanchez-fordert-klimapakt-15866366.html,https://www.tagesspiegel.de/gesellschaft/panorama/feuer-unweit-von-madrid-zweitgrosster-waldbrand-spaniens-sanchez-fordert-klimapakt-15866366.html,0,www.tagesspiegel.de,Feuer unweit von Madrid: Zweitgrößter Waldbrand Spaniens - Sánchez fordert Klimapakt,Der Waldbrand nordöstlich von Madrid ist bereits der zweitgrößte der jüngeren Geschichte Spaniens. Die zerstörte Fläche wird von Tag zu Tag größer. Doch die Behörden sind inzwischen optimistisch.,https://www.tagesspiegel.de/images/15866365/alternates/BASE_16_9_W1400/1784725343000/waldbrande-in-spanien.jpeg,2026-07-22T13:02:23Z,,Der verheerende Waldbrand in der Provinz Guadalajara hat nach Behördenangaben inzwischen rund 32.000 Hektar Land zerstört und zählt damit zu den größten Bränden der jüngeren Geschichte Spaniens. Bei … [+2831 chars],,de,'Waldbrand'
https://www.tagesschau.de/ausland/europa/spanien-waldbrandsaison-100.html,https://www.tagesschau.de/ausland/europa/spanien-waldbrandsaison-100.html,0,www.tagesschau.de,Waldbrände in Südeuropa: Der komplexe Kampf gegen das Feuer,"Wochenlange Hitze und Trockenheit sorgen in Spanien und Portugal weiter für Waldbrände. Einige erreichen Ausmaße, die selbst erfahrene Feuerwehrleute an ihre Grenzen bringen. Wissenschaftler sehen dafür mehrere Gründe. Von Anna Mundt.",https://images.tagesschau.de/image/93619ccf-f22e-4880-951d-4b155722f831/AAABn4sngZU/AAABnSSvrFg/16x9-big/feuerwehrleute-spanien-100.jpg?width=1280,2026-07-22T18:47:30Z,,"Stand: 22.07.2026 20:47 Uhr
Wochenlange Hitze und Trockenheit sorgen in Spanien und Portugal weiter für Waldbrände. Einige erreichen Ausmaße, die selbst erfahrene Feuerwehrleute an ihre Grenzen brin… [+4377 chars]",,de,'Waldbrände'
https://orf.at/stories/3437002/,https://orf.at/stories/3437002/,0,orf.at,Umfangreiche Evakuierungen bei Waldbrand in Südfrankreich,,https://orf.at/mojo/1_4_1/storyserver//news/common/images/og-fallback-news.png,2026-07-22T21:15:10Z,,An Frankreichs Atlantikküste bei Bordeaux sind Tausende Touristinnen und Touristen wegen eines Waldbrandes vorsorglich in Sicherheit gebracht worden. Wie die Präfektur in Bordeaux heute Abend mitteil… [+1636 chars],,de,'Waldbrand'
https://www.focus.de/panorama/welt/waldbrand-evakuierung-mehrerer-gemeinden-nahe-madrid_441eddf4-9cf2-471d-b4e2-ff860232dbf7.html,https://www.focus.de/panorama/welt/waldbrand-evakuierung-mehrerer-gemeinden-nahe-madrid_441eddf4-9cf2-471d-b4e2-ff860232dbf7.html,0,www.focus.de,Waldbrand: Evakuierung mehrerer Gemeinden nahe Madrid,Wegen eines Waldbrands im Südwesten von Madrid sind am Mittwoch mehrere Gemeinden in der spanischen Hauptstadtregion evakuiert worden. Der spanischen Guardia Civil zufolge wurden mehrere Verkehrsachsen gesperrt.,"https://quadro.burda-forward.de/ctf/b3890673-5783-45e9-9c68-c4c7f2e187a7.9fd3363c-83e1-427d-ad56-f37ed38cd128.jpeg?im=RegionOfInterestCrop=(1200,630),regionOfInterest=(1013,597)&hash=877901a7620a86871d6177cd99a224ff5e018bf9874bc8d6b6ebf29dd861d851",2026-07-22T21:59:00Z,,Wegen eines Waldbrands im Südwesten von Madrid sind am Mittwoch mehrere Gemeinden in der spanischen Hauptstadtregion evakuiert worden. Wegen des Brandes in der Gemeinde Almorox seien die Gemeinden En… [+1580 chars],,de,'Waldbrand Evakuierung'
https://www.zeit.de/gesellschaft/zeitgeschehen/2026-07/waldbraende-spanien-frankreich-madrid-bordeaux-urlauber-evakuiert,https://www.zeit.de/gesellschaft/zeitgeschehen/2026-07/waldbraende-spanien-frankreich-madrid-bordeaux-urlauber-evakuiert,0,www.zeit.de,Hitzewelle: Waldbrände in Spanien und Frankreich dehnen sich aus,Tausende von Touristen an der französischen Atlantikküste müssen Campingplätze räumen. In Spanien ist ein neues Feuer in den Wäldern vor Madrid ausgebrochen.,https://img.zeit.de/gesellschaft/zeitgeschehen/2026-07/waldbraende-spanien-frankreich-madrid-bordeaux-urlauber-evakuiert-foto-1/wide__1300x731,2026-07-23T00:31:50Z,,"In Frankreich und
Spanien weiten sich die Waldbrände aus. Sie bedrohen inzwischen auch beliebte Touristenregionen.
An der französischen Atlantikküste bei Bordeaux wiesen die Behörden Tausende Touri… [+2929 chars]",,de,'Waldbrand Rauch'
https://www.n-tv.de/panorama/Waldbrand-zwingt-Spaniens-Behoerden-zu-Evakuierung-id31115245.html,https://www.n-tv.de/panorama/Waldbrand-zwingt-Spaniens-Behoerden-zu-Evakuierung-id31115245.html,0,www.n-tv.de,Gemeinden bei Madrid geräumt: Waldbrand zwingt Spaniens Behörden zu Evakuierung,Um Madrid herum toben mehrere Waldbrände. Am Abend müssen die Bewohner mehrerer Dörfer in der Nähe der spanischen Hauptstadt ihre Häuser verlassen. Und eine neue Hitzewelle beginnt gerade erst.,https://www.n-tv.de/img/31115229/1784782895/Img_16_9/1200/22-07-2026-Spanien-Condemios-de-Arriba-Ein-Loeschhubschrauber-ist-waehrend-eines-Waldbrandes-in-der-Naehe-von-Condemios-de-Arriba-in-der-Provinz-Guadalajara-im-Einsatz-Der-Brand-zaehlt-zu-den-groessten-Braenden-der-juengeren-Geschichte-Spaniens.jpg,2026-07-23T03:05:06Z,,"Seit dem 1. Januar sind in Spanien 125.000 Hektar Wald verbrannt. (Foto: dpa)
Um Madrid herum toben mehrere Waldbrände. Am Abend müssen die Bewohner mehrerer Dörfer in der Nähe der spanischen Haupts… [+1807 chars]",,de,'Waldbrände'
https://www.diepresse.com/39072991/waldbrand-nahe-bordeaux-tausende-touristen-in-sicherheit-gebracht,https://www.diepresse.com/39072991/waldbrand-nahe-bordeaux-tausende-touristen-in-sicherheit-gebracht,0,www.diepresse.com,Waldbrand nahe Bordeaux: Tausende Touristen in Sicherheit gebracht,Ein Großaufgebot der Feuerwehr kämpft bei extrem ungünstigem Wetter gegen die Flammen.,https://img.diepresse.com/public/incoming/gvasj3-afpc2v42ekjpg/alternates/WEBP_WIDE_1200/AFP_C2V42EK.jpg,2026-07-23T05:21:08Z,,"Die Presse auf Google als bevorzugte Nachrichtenquelle hinzufügen.
 An Frankreichs Atlantikküste bei Bordeaux sind Tausende Touristen wegen eines Waldbrandes vorsorglich evakuiert worden. Wie die Pr… [+1269 chars]",,de,'Waldbrand'
https://www.tagesspiegel.de/gesellschaft/panorama/waldbrande-in-spanien-und-frankreich-zehntausende-menschen-aus-gemeinden-evakuiert-15868880.html,https://www.tagesspiegel.de/gesellschaft/panorama/waldbrande-in-spanien-und-frankreich-zehntausende-menschen-aus-gemeinden-evakuiert-15868880.html,0,www.tagesspiegel.de,Waldbrände in Spanien und Frankreich: Zehntausende Menschen aus Gemeinden evakuiert,Beide Mittelmeerländer kämpfen noch immer mit zahlreichen Feuern. Frankreich meldet einen traurigen Rekord an verbrannter Fläche.,https://www.tagesspiegel.de/images/15868906/alternates/BASE_16_9_W1400/1784785802000/waldbrande-in-spanien.jpeg,2026-07-23T05:55:14Z,,Wegen eines Waldbrands im Südwesten von Madrid sind am Mittwoch mehrere Gemeinden in der spanischen Hauptstadtregion evakuiert worden. Aufgrund des Brandes in der Gemeinde Almorox seien die Gemeinden… [+2919 chars],,de,'Waldbrände'
https://www.faz.net/aktuell/gesellschaft/ungluecke/waldbrand-bei-madrid-evakuierungen-in-mehreren-gemeinden-accg-201056984.html,https://www.faz.net/aktuell/gesellschaft/ungluecke/waldbrand-bei-madrid-evakuierungen-in-mehreren-gemeinden-accg-201056984.html,0,www.faz.net,Waldbrände in Spanien: Mehrere Gemeinden nahe Madrid evakuiert,Ein Waldbrand südwestlich von Madrid zwingt mehrere Orte zur Evakuierung. Behörden verhängen eine Ausgangssperre und sperren Straßen. In den vergangenen Tagen kam es immer wieder zu großen Bränden in Spanien.,https://media0.faz.net/image/w1200h627/d1c1c681fba0/w5521h2884x0y318o/202607/43601.0.2362100290/rauchsaeulen-sind-waehrend.webp,2026-07-23T06:36:27Z,,Wegen eines Waldbrands im Südwesten von Madrid sind am Mittwoch mehrere Gemeinden in der spanischen Hauptstadtregion evakuiert worden. Wegen des Brandes in der Gemeinde Almorox seien die Gemeinden En… [+1567 chars],,de,'Waldbrand Todesopfer'
https://www.tagesschau.de/ausland/europa/frankreich-spanien-waldbrand-evakuierungen-100.html,https://www.tagesschau.de/ausland/europa/frankreich-spanien-waldbrand-evakuierungen-100.html,0,www.tagesschau.de,Waldbrände in Frankreich und Spanien: Tausende in Sicherheit gebracht,Im Südwesten Frankreichs sind mehrere Campingplätze und Ortsteile aufgrund von Waldbränden evakuiert worden. Auch in Spanien und Italien mussten Hunderte Menschen vor Bränden in Sicherheit gebracht werden.,https://images.tagesschau.de/image/d8a56d63-5069-4c2b-b193-52b2452d5372/AAABn42G-yY/AAABnSSvrFg/16x9-big/waldbrand-frankreich-144.jpg?width=1280,2026-07-23T06:41:36Z,,"Stand: 23.07.2026 08:41 Uhr
Im Südwesten Frankreichs sind mehrere Campingplätze und Ortsteile aufgrund von Waldbränden evakuiert worden. Auch in Spanien und Italien mussten Hunderte Menschen vor Brä… [+2820 chars]",,de,'Waldbrand Hektar'
https://www.faz.net/aktuell/gesellschaft/ungluecke/waldbrand-bei-bordeaux-12-000-touristen-evakuiert-accg-201057030.html,https://www.faz.net/aktuell/gesellschaft/ungluecke/waldbrand-bei-bordeaux-12-000-touristen-evakuiert-accg-201057030.html,0,www.faz.net,2000 Hektar verbrannt: 12.000 Menschen wegen Waldbrand bei Bordeaux evakuiert,Ein Waldbrand nahe Bordeaux zwingt Behörden zum Eingreifen: 12.000 Touristen mussten evakuiert werden. Der Brand war am Mittwoch in der Nähe des Beckens von Arcachon ausgebrochen.,https://media0.faz.net/image/w1200h627/e7a43cab10ab/w5493h2870x0y682o/202607/43601.0.2362439743/feuerwehrleute-versuchen-das.webp,2026-07-23T06:49:34Z,,Wegen eines Waldbrands in der Nähe von Bordeaux sind 12.000 Touristen und Einheimische evakuiert worden. Es seien in den frühen Morgenstunden sechs Campingplätze und eine FKK-Anlage im Norden von Cap… [+592 chars],,de,'Waldbrand'
https://www.sueddeutsche.de/reise/waldbrand-frankreich-spanien-urlaub-stornieren-geld-zurueck-li.3516035,https://www.sueddeutsche.de/reise/waldbrand-frankreich-spanien-urlaub-stornieren-geld-zurueck-li.3516035,0,www.sueddeutsche.de,Südeuropa: Waldbrände: Kann man den Urlaub stornieren?,"In Südeuropa wüten verheerende Feuer. Was tun, wenn es dorthin in den Urlaub gehen sollte? Die wichtigsten Fragen und Antworten.",https://www.sueddeutsche.de/2026/07/23/a2bf6f0d-d12d-4369-af6f-2d9418e0eba2.jpg?q=60&fm=webp&width=1200&rect=0%2C271%2C4000%2C2250,2026-07-23T07:37:33Z,,"Wo findet man Informationen über die Situation an seinem Urlaubsort?
Der Kartendienst Google Maps erleichtert nicht nur unterwegs die Orientierung, sondern hilft auch hier weiter: Behördlich gemelde… [+6128 chars]",,de,'Waldbrände'
https://www.diepresse.com/39088108/madrid-sizilien-bordeaux-waldbraende-in-europa-fuehren-zu-zerstoerung,https://www.diepresse.com/39088108/madrid-sizilien-bordeaux-waldbraende-in-europa-fuehren-zu-zerstoerung,0,www.diepresse.com,"Madrid, Sizilien, Bordeaux: Waldbrände in Europa führen zu Zerstörung und Evakuierungen",In Sizilien kommt ein Feuerwehrmann bei Löscharbeiten ums Leben. In der spanischen Region Guadalajara verbrennen 32.000 Hektar Wald. Bourdeaux evakuiert vorsichtshalber Touristen.,https://img.diepresse.com/public/incoming/64s83g-2026-07-22t215017z1402905662rc29jma69hm7rtrmadp3europe-weather-france-wildfirejpg/alternates/WEBP_WIDE_1200/2026-07-22T215017Z_1402905662_RC29JMA69HM7_RTRMADP_3_EUROPE-WEATHER-FRANCE-WILDFIRE.JPG,2026-07-23T08:02:41Z,,"Die Presse auf Google als bevorzugte Nachrichtenquelle hinzufügen.
 Hitze und Waldbrände sorgen in mehreren Teilen Europas für Ausnahmesituationen. Italien wird von einer Hitzewelle mit Temperaturen… [+4136 chars]",,de,'Waldbrände'
https://orf.at/stories/3437032/,https://orf.at/stories/3437032/,0,orf.at,Waldbrand am Atlantik fordert Feuerwehr,"Aufgrund der anhaltenden Trockenheit und der besonders in Frankreich, Italien und Spanien anhaltenden Hitze breiten sich Waldbrände auf großen Flächen weiter aus. Besonders betroffen ist derzeit neben Spanien und Italien die Region um Bordeaux im Westen Frank…",https://ibs.orf.at/news?image=https%3A%2F%2Fassets.orf.at%2Fmims%2F2026%2F30%2F15%2Fcrops%2Fw%3D1200%2Ch%3D630%2Cq%3D75%2F3124170_master_1210615_abb_20260723_abb0624.hr.jpg%3Fs%3D300f5531b15c5e8e65934e5c0e5b901497eaabbd,2026-07-23T10:54:00Z,,Am Mittwoch brach ein Feuer nahe der Ortschaft Saumos in der Nähe der Atlantikküste und etwa 40 Kilometer von Bordeaux entfernt aus. Geräumt wurden einige Stadtteile der nahe gelegenen Gemeinde Le Po… [+4677 chars],,de,'Waldbrände'
https://www.faz.net/aktuell/gesellschaft/temperaturrekord-in-algerien-und-tunesien-fast-50-grad-gemessen-accg-201058543.html,https://www.faz.net/aktuell/gesellschaft/temperaturrekord-in-algerien-und-tunesien-fast-50-grad-gemessen-accg-201058543.html,0,www.faz.net,Hitzerekorde in Nordafrika: Temperaturen in Algerien und Tunesien erreichen fast 50 Grad,"Über dem Maghreb liegt eine Hitzeglocke, die für extreme Temperaturen sorgt. Viele Menschen klagen über Stromausfälle – und Einsatzkräfte kämpfen gegen Waldbrände.",https://media0.faz.net/image/w1200h627/c4f2ea0c3194/w4099h2141x0y436o/202607/43601.0.2350636516/in-melouane-in-algerien-sind.webp,2026-07-23T13:03:08Z,,"Die große Hitzewelle, die seit Tagen Nordafrika heimsucht, ist noch heftiger als die in Spanien und Frankreich. In Tunesien und Algerien erreichen die Temperaturen fast 50 Grad. Im tunesischen Kairou… [+2763 chars]",,de,'Waldbrände'
https://www.tagesschau.de/ausland/europa/frankreich-spanien-waldbrand-evakuierungen-102.html,https://www.tagesschau.de/ausland/europa/frankreich-spanien-waldbrand-evakuierungen-102.html,0,www.tagesschau.de,Frankreich und Spanien: Feuer wüten weiter - Campingplätze geräumt,Für viele Urlauber an der französischen Atlantikküste bei Arcachon heißt es gerade: nichts wie weg. Die Waldbrände breiten sich dort rasant aus. In Spanien scheint sich die Lage hingegen zu entspannen.,https://images.tagesschau.de/image/0bd18831-1473-45b8-b9fb-7cb83049a008/AAABn49IJhM/AAABnSSvrFg/16x9-big/camper-waldbrand-frankreich-100.jpg?width=1280,2026-07-23T15:17:09Z,,"Stand: 23.07.2026 17:17 Uhr
Für viele Urlauber an der französischen Atlantikküste bei Arcachon heißt es gerade: nichts wie weg. Die Waldbrände breiten sich dort rasant aus. In Spanien scheint sich d… [+3420 chars]",,de,'Waldbrand Hektar'
https://www.zeit.de/news/2026-07/23/waldbrand-im-kreis-st-wendel-ausgebrochen,https://www.zeit.de/news/2026-07/23/waldbrand-im-kreis-st-wendel-ausgebrochen,0,www.zeit.de,Feuer: Waldbrand im Kreis St. Wendel ausgebrochen,Hier finden Sie Informationen zu dem Thema „Feuer“. Lesen Sie jetzt „Waldbrand im Kreis St. Wendel ausgebrochen“.,https://img.zeit.de/news/2026-07/23/waldbrand-im-kreis-st-wendel-ausgebrochen-image-group/wide__1300x731,2026-07-23T17:44:06Z,,"Im Saarland brennt zwischen Primstal und Kastel (Kreis St. Wendel) ein Waldstück. «Es fing mit einer Größe von zwei Fußballfeldern an und hat sich jetzt deutlich vergrößert», sagte eine Polizeisprech… [+542 chars]",,de,'Waldbrand'
https://www.morgenpost.de/panorama/article412661138/waldbrand-in-spanien-ausser-kontrolle-tausende-menschen-nahe-madrid-evakuiert.html,https://www.morgenpost.de/panorama/article412661138/waldbrand-in-spanien-ausser-kontrolle-tausende-menschen-nahe-madrid-evakuiert.html,0,www.morgenpost.de,Waldbrand in Spanien außer Kontrolle: Tausende Menschen nahe Madrid evakuiert,Wegen eines außer Kontrolle geratenen Waldbrandes westlich von Madrid haben die Behörden für 3500 Menschen eine Evakuierung angeordnet.,https://img.sparknews.funkemedien.de/412660585/412660585_1784832389_v16_9_1600.jpeg,2026-07-23T20:43:22Z,,Wegen eines außer Kontrolle geratenen Waldbrandes westlich von Madrid haben die Behörden für 3500 Menschen eine Evakuierung angeordnet. Wie die Rettungskräfte am Donnerstag im Onlinedienst X mitteilt… [+1550 chars],,de,'Waldbrand Häuser'
https://orf.at/stories/3437113/,https://orf.at/stories/3437113/,0,orf.at,Waldbrand: 3.500 Menschen nahe Madrid in Sicherheit gebracht,,https://orf.at/mojo/1_4_1/storyserver//news/common/images/og-fallback-news.png,2026-07-23T20:48:29Z,,"Wegen eines außer Kontrolle geratenen Waldbrandes westlich von Madrid haben die Behörden 3.500 Menschen dazu aufgerufen, sich in Sicherheit zu bringen.
Wie die Rettungskräfte heute im Onlinedienst X… [+1249 chars]",,de,'Waldbrand Häuser'
https://www.welt.de/vermischtes/article6a62993eefccf0c0d55374cf/waldbraende-feuer-im-saarland-ausser-kontrolle-spanien-ruft-notstand-fuer-zwei-regionen-aus.html,https://www.welt.de/vermischtes/article6a62993eefccf0c0d55374cf/waldbraende-feuer-im-saarland-ausser-kontrolle-spanien-ruft-notstand-fuer-zwei-regionen-aus.html,0,www.welt.de,Feuer im Saarland außer Kontrolle – Spanien ruft Notstand für zwei Regionen aus,Waldbrände halten die Feuerwehren quer durch Europa in Atem. Im Saarland breitet sich ein Feuer deutlich aus. In Frankreich und Spanien werden zusammengenommen Zehntausende Menschen in Sicherheit gebracht.,https://images.welt.de/6a62993eefccf0c0d55374cf/d7514403acaf20eec0ad7659a0058d61/ci16x9-w1200/dpa-com-260723-911-030060-jpg,2026-07-23T23:28:33Z,,Waldbrände halten die Feuerwehren quer durch Europa in Atem. Im Saarland breitet sich ein Feuer deutlich aus. In Frankreich und Spanien werden zusammengenommen Zehntausende Menschen in Sicherheit geb… [+3868 chars],,de,'Waldbrände'
https://www.welt.de/vermischtes/article6a62993eefccf0c0d55374cf/waldbraende-spanien-ruft-notstand-fuer-zwei-regionen-aus-frankreich-ruestet-militaerflugzeug-zum-loeschen-um.html,https://www.welt.de/vermischtes/article6a62993eefccf0c0d55374cf/waldbraende-spanien-ruft-notstand-fuer-zwei-regionen-aus-frankreich-ruestet-militaerflugzeug-zum-loeschen-um.html,0,www.welt.de,Spanien ruft Notstand für zwei Regionen aus – Frankreich rüstet Militärflugzeug zum Löschen um,Waldbrände halten die Feuerwehren quer durch Europa in Atem. In Spanien wird ein „Notstand nationaler Tragweite“ ausgerufen. Frankreich bittet andere EU-Länder um Hilfe. Auch im Saarland sind Einsatzkräfte beschäftigt.,https://images.welt.de/6a62993eefccf0c0d55374cf/ce512e29c8e93937baff6b9f391fefcb/ci16x9-w1200/dpa-com-260723-99-142721-jpg,2026-07-23T23:28:33Z,,Waldbrände halten die Feuerwehren quer durch Europa in Atem. In Spanien wird ein Notstand nationaler Tragweite ausgerufen. Frankreich bittet andere EU-Länder um Hilfe. Auch im Saarland sind Einsatzkr… [+6124 chars],,de,'Waldbrände'
https://www.bild.de/news/ausland/spanien-ruft-nationalen-notstand-aus-waldbraende-in-europa-voellig-ausser-kontrolle-6a62a8feefccf0c0d5537505,https://www.bild.de/news/ausland/spanien-ruft-nationalen-notstand-aus-waldbraende-in-europa-voellig-ausser-kontrolle-6a62a8feefccf0c0d5537505,0,www.bild.de,Spanien ruft „nationalen Notstand“ aus - Waldbrände in Europa völlig außer Kontrolle,Madrid (Spanien)/Bordeaux (Frankreich) – Die Waldbrände in Europa geraten immer mehr außer Kontrolle.,"https://images.bild.de/6a62a8feefccf0c0d5537505/4f1bdc3af0a074c0c0d25c61018e9adf,aa4dbc80?w=1280",2026-07-24T00:21:50Z,,TTS-Player überspringenArtikel weiterlesenMadrid (Spanien)/Bordeaux (Frankreich) Die Waldbrände in Europa geraten immer mehr außer Kontrolle. Wegen der verheerenden Feuer in Spanien hat die Regierung… [+2163 chars],,de,'Waldbrände'
https://www.zeit.de/news/2026-07/24/kampf-gegen-waldbraende-in-frankreich-dauert-an,https://www.zeit.de/news/2026-07/24/kampf-gegen-waldbraende-in-frankreich-dauert-an,0,www.zeit.de,Über 25.000 Menschen evakuiert: Kampf gegen Waldbrände in Frankreich dauert an,Hier finden Sie Informationen zu dem Thema „Über 25.000 Menschen evakuiert“. Lesen Sie jetzt „Kampf gegen Waldbrände in Frankreich dauert an“.,https://img.zeit.de/news/2026-07/24/kampf-gegen-waldbraende-in-frankreich-dauert-an-image-group/wide__1300x731,2026-07-24T01:15:04Z,,In Frankreich kämpft die Feuerwehr weiterhin mit einem Großaufgebot gegen mehrere große Waldbrände an der Atlantikküste und im Süden des Landes. Bedrohlich blieb die Lage an der bei deutschen Tourist… [+3628 chars],,de,'Waldbrände'
https://www.tagesspiegel.de/gesellschaft/panorama/uber-25000-menschen-evakuiert-kampf-gegen-waldbrande-in-frankreich-dauert-an-15874067.html,https://www.tagesspiegel.de/gesellschaft/panorama/uber-25000-menschen-evakuiert-kampf-gegen-waldbrande-in-frankreich-dauert-an-15874067.html,0,www.tagesspiegel.de,Über 25.000 Menschen evakuiert: Kampf gegen Waldbrände in Frankreich dauert an,"Feuerwehrkräfte, Soldaten, Löschflugzeuge und hunderte Fahrzeuge sind im Kampf gegen die Flammen mobilisiert. An der Atlantikküste und im Süden Frankreichs sind die Brände noch nicht unter Kontrolle.",https://www.tagesspiegel.deundefined,2026-07-24T01:16:27Z,,In Frankreich kämpft die Feuerwehr weiterhin mit einem Großaufgebot gegen mehrere große Waldbrände an der Atlantikküste und im Süden des Landes. Bedrohlich blieb die Lage an der bei deutschen Tourist… [+3684 chars],,de,'Waldbrand Schaden'
https://www.tagesspiegel.de/gesellschaft/panorama/frankreich-kampft-gegen-waldbrande-mehr-als-25000-menschen-evakuiert--macron-bittet-eu-um-hilfe-15874067.html,https://www.tagesspiegel.de/gesellschaft/panorama/frankreich-kampft-gegen-waldbrande-mehr-als-25000-menschen-evakuiert--macron-bittet-eu-um-hilfe-15874067.html,0,www.tagesspiegel.de,Frankreich kämpft gegen Waldbrände: Mehr als 25.000 Menschen evakuiert – Macron bittet EU um Hilfe,An der Atlantikküste und im Süden des Landes wüten die Feuer weiter. Auch Urlauber mussten in Sicherheit gebracht werden. Hunderte Einsatzkräfte sind beteiligt. In Spanien bleibt die Lage ebenfalls dramatisch.,https://www.tagesspiegel.de/images/15874149/alternates/BASE_16_9_W1400/1784868964000/france-wildfire-environment.jpeg,2026-07-24T01:16:27Z,,Keine Entspannung in Frankreich: An der Atlantikküste und im Süden des Landes kämpft die Feuerwehr weiterhin mit einem Großaufgebot gegen mehrere große Waldbrände. Bedrohlich blieb die Lage an der be… [+5998 chars],,de,'Waldbrände'
https://www.sueddeutsche.de/panorama/frankreich-waldbraende-atlantikkueste-suedfrankreich-li.3520756,https://www.sueddeutsche.de/panorama/frankreich-waldbraende-atlantikkueste-suedfrankreich-li.3520756,0,www.sueddeutsche.de,Evakuierungen: Kampf gegen Waldbrände in Frankreich dauert an,Hunderte Einsatzkräfte konnten die verheerenden Feuer an der Atlantikküste und im Süden Frankreichs bislang nicht unter Kontrolle bringen. Tausende Menschen mussten evakuiert und in Notunterkünfte gebracht werden.,https://www.sueddeutsche.de/2026/07/24/b2af9c7d-f5cf-4545-9a8b-0783a90cef05.jpg?q=60&fm=webp&width=1200&rect=0%2C124%2C2048%2C1152,2026-07-24T01:42:57Z,,Vorläufig kamen die Betroffenen in Notunterkünften und Ausweichquartieren in angrenzenden Urlaubsorten unter. In Bordeaux wurde auch eine Messehalle zur Einquartierung evakuierter Touristen geöffnet.… [+3622 chars],,de,'Waldbrand Schaden'
https://www.zeit.de/wissenschaft/umwelt/2026-07/waldbraende-frankreich-eu-hilfe-emmanuel-macron,https://www.zeit.de/wissenschaft/umwelt/2026-07/waldbraende-frankreich-eu-hilfe-emmanuel-macron,0,www.zeit.de,Waldbrände in Südeuropa: Frankreich bittet EU-Staaten um Unterstützung bei Brandbekämpfung,Frankreichs Staatspräsident Macron hofft auf rasche Hilfe beim Löschen aus der Luft. In zwei spanischen Regionen wurde angesichts der Waldbrände der Notstand ausgerufen.,https://img.zeit.de/gesellschaft/zeitgeschehen/2026-07/waldbraende-frankreich-eu-hilfe-emmanuel-macron-bild/wide__1300x731,2026-07-24T02:23:14Z,,"Frankreich hat angesichts der schweren Waldbrände im Süden des Landes andere EU-Staaten um Hilfe gebeten. Die Regierung habe den Zivilschutzmechanismus der Europäischen Union angefordert, sagte Präsi… [+2549 chars]",,de,'Waldbrände'
https://www.tagesschau.de/ausland/europa/waldbraende-suedeuropa-124.html,https://www.tagesschau.de/ausland/europa/waldbraende-suedeuropa-124.html,0,www.tagesschau.de,Waldbrände: Feuer in Spanien und Frankreich breiten sich weiter aus,"Unzählige Feuerwehrkräfte, Soldaten und Löschflugzeuge im Kampf gegen die Waldbrände im Süden Europas im Einsatz. Während Spanien regionale Notstände ausgerufen hat, bittet Frankreich in der EU um Unterstützung.",https://images.tagesschau.de/image/d1192674-1c8c-40ba-b62d-505f8cd1c1f3/AAABn5ICKCY/AAABnSSvrFg/16x9-big/waldbrand-frankreich-164.jpg?width=1280,2026-07-24T03:07:09Z,,"Stand: 24.07.2026 05:07 Uhr
Unzählige Feuerwehrkräfte, Soldaten und Löschflugzeuge im Kampf gegen die Waldbrände im Süden Europas im Einsatz. Während Spanien regionale Notstände ausgerufen hat, bitt… [+1334 chars]",,de,'Waldbrände'
https://www.zeit.de/politik/2026-07/waldbraende-europa-frankreich-nachrichtenpodcast,https://www.zeit.de/politik/2026-07/waldbraende-europa-frankreich-nachrichtenpodcast,0,www.zeit.de,Waldbrände in Europa: Brandgefährliche Hitze: Wie Frankreich gegen die Waldbrände ankämpft,Waldbrände in Frankreich breiten sich zunehmend aus. Wie geht das Land damit um? Und: Wieso sich die EU nur schwer auf Sanktionen gegen Russland einigen konnte,https://img.zeit.de/gesellschaft/2026-07/waldbraende-europa-frankreich-nachrichtenpodcast-bild/wide__1300x731,2026-07-24T04:00:08Z,,"In zahlreichen europäischen Ländern breiten
sich Waldbrände weiter aus. Zur Sicherheit haben Behörden in Frankreich und
Spanien Ortschaften und Campingplätze evakuiert sowie Straßen geschlossen. Se… [+1883 chars]",,de,'Waldbrände'
https://www.diepresse.com/39400482/spanien-ruft-notstand-nationaler-tragweite-aus,https://www.diepresse.com/39400482/spanien-ruft-notstand-nationaler-tragweite-aus,0,www.diepresse.com,Spanien ruft „Notstand nationaler Tragweite“ aus,Schon 10.000 Menschen mussten wegen der heftigen Waldbrände ihre Häuser und Wohnungen verlassen. Durch die Ausrufung des Notstandes geht die Einsatzleitung nun direkt in die Hände militärischer Kriseneinheiten.,https://img.diepresse.com/public/incoming/wd9fwz-afpc3299cqjpg/alternates/WEBP_WIDE_1200/AFP_C3299CQ.jpg,2026-07-24T04:03:28Z,,"Die Presse auf Google als bevorzugte Nachrichtenquelle hinzufügen.
 Wegen der verheerenden Waldbrände in Spanien hat die Regierung für zwei Regionen den Notstand nationaler Tragweite ausgerufen. Die… [+920 chars]",,de,'Waldbrand Häuser'
https://www.n-tv.de/panorama/Feuer-in-Frankreich-wueten-weiter-fast-63-000-Menschen-evakuiert-id31119886.html,https://www.n-tv.de/panorama/Feuer-in-Frankreich-wueten-weiter-fast-63-000-Menschen-evakuiert-id31119886.html,0,www.n-tv.de,Paris bittet EU um Hilfe: Feuer in Frankreich wüten weiter - fast 63.000 Menschen evakuiert,"Häuser brennen nieder, Dörfer werden geräumt: In Frankreich dauert der Kampf gegen Waldbrände an. Die Flammen bedrohen auch Orte, die sonst Tausende Touristen anlocken. Nun soll die Feuerwehr Unterstützung aus anderen Ländern bekommen.",https://www.n-tv.de/img/31120025/1784877937/Img_16_9/1200/Feuerwehrleute-versuchen-in-der-Naehe-von-Le-Porge-im-Suedwesten-Frankreichs-mit-einem-Waldbrandloeschfahrzeug-die-brennenden-Baeume-zu-loeschen.jpg,2026-07-24T05:30:43Z,,"Häuser brennen nieder, Dörfer werden geräumt: In Frankreich dauert der Kampf gegen Waldbrände an. Die Flammen bedrohen auch Orte, die sonst Tausende Touristen anlocken. Nun soll die Feuerwehr Unterst… [+2696 chars]",,de,'Waldbrände'
https://www.zeit.de/news/2026-07/24/waldbrand-bei-meschede-landwirte-helfen-mit-guellefaessern,https://www.zeit.de/news/2026-07/24/waldbrand-bei-meschede-landwirte-helfen-mit-guellefaessern,0,www.zeit.de,Großeinsatz: Waldbrand bei Meschede: Landwirte helfen mit Güllefässern,Hier finden Sie Informationen zu dem Thema „Großeinsatz“. Lesen Sie jetzt „Waldbrand bei Meschede: Landwirte helfen mit Güllefässern“.,https://img.zeit.de/news/2026-07/24/waldbrand-bei-meschede-landwirte-helfen-mit-guellefaessern-image-group/wide__1300x731,2026-07-24T05:40:20Z,,"Ein 500 Quadratmeter großes Waldstück ist in Freienohl bei Meschede (Hochsauerlandkreis) in Brand geraten. Rund 80 Einsatzkräfte der umliegenden Feuerwehren und des Roten Kreuzes waren im Einsatz.
D… [+629 chars]",,de,'Waldbrand Rauch'
https://www.sueddeutsche.de/panorama/frankreich-waldbraende-atlantikkueste-suedfrankreich-spanien-notstand-li.3520756,https://www.sueddeutsche.de/panorama/frankreich-waldbraende-atlantikkueste-suedfrankreich-spanien-notstand-li.3520756,0,www.sueddeutsche.de,Evakuierungen: Kampf gegen Waldbrände in Frankreich dauert an - Spanien ruft Notstand aus,Hunderte Einsatzkräfte konnten die verheerenden Feuer an der Atlantikküste und im Süden Frankreichs bislang nicht unter Kontrolle bringen. Auch in Spanien spitzt sich die Lage zu.,https://www.sueddeutsche.de/2026/07/24/b2af9c7d-f5cf-4545-9a8b-0783a90cef05.jpg?q=60&fm=webp&width=1200&rect=0%2C124%2C2048%2C1152,2026-07-24T06:32:40Z,,"Auch Spanien kämpft gegen verheerende Waldbrände am Rande der Hauptstadt Madrid. Die Regierung rief den nationalen Notstand aus. Wie das Innenministerium mitteilte, gilt der Notstand für Brände in de… [+3903 chars]",,de,'Waldbrände'
https://orf.at/stories/3437139/,https://orf.at/stories/3437139/,0,orf.at,Waldbrände: Spanien ruft „Notstand nationaler Tragweite“ aus,,https://orf.at/mojo/1_4_1/storyserver//news/common/images/og-fallback-news.png,2026-07-24T06:53:38Z,,Wegen der verheerenden Waldbrände in Spanien hat die Regierung für zwei Regionen den Notstand nationaler Tragweite ausgerufen. Dieser gilt ab sofort für die Hauptstadtregion Madrid und in der nahe ge… [+873 chars],,de,'Waldbrand Häuser'
https://www.dw.com/de/trump-zoelle-eu-frankreich-spanien-notstand-waldbrand-iran-krieg-burnham-steuern-israel/a-78093349,https://www.dw.com/de/trump-zoelle-eu-frankreich-spanien-notstand-waldbrand-iran-krieg-burnham-steuern-israel/a-78093349,0,www.dw.com,News kompakt: USA verhängen neue Zölle gegen Handelspartner,"Da die Grundlage für die bisherigen Zölle ausgelaufen ist, musste der US-Präsident einen Grund für neue Aufschläge finden. Frankreich bittet wegen großflächiger Waldbrände die EU um Hilfe. Der DW-Nachrichtenüberblick.",https://static.dw.com/image/78092224_6.jpg,2026-07-24T07:05:00Z,,"Die US-Regierung hat neue Zölle auf Importe aus rund 60 Ländern und Wirtschaftsräumen angekündigt, darunter auch die EU. Das Weiße Haus begründete den Schritt mit einem unzureichenden Vorgehen der Ha… [+4916 chars]",,de,'Waldbrand Gebäude'
https://www.zeit.de/wissenschaft/umwelt/2026-07/waldbraende-frankreich-hitzewellen-europa-klimawandel,https://www.zeit.de/wissenschaft/umwelt/2026-07/waldbraende-frankreich-hitzewellen-europa-klimawandel,0,www.zeit.de,Waldbrände in Frankreich: Feuertornado in der Urlaubsregion,Ausgerechnet in dicht besiedelten Teilen Frankreichs brennt es. Zehntausende müssen in Nachbarstädte fliehen. Es fehlen Löschflugzeuge – und Geld für den Zivilschutz.,https://img.zeit.de/wissenschaft/umwelt/2026-07/waldbraende-frankreich-hitzewellen-europa-klimawandel-bild/wide__1300x731,2026-07-24T07:54:28Z,,"Schließen
Artikelzusammenfassung
Frankreich ringt mit einer neuen Eskalationsstufe der Waldbrände. Zuerst schockierte bei Saumos ein sogenannter Feuertornado, ein infernalischer Spin-off aus Hitze,… [+1450 chars]",,de,'Waldbrände'
https://www.zeit.de/news/2026-07/24/spanien-ruft-fuer-zwei-regionen-notstand-aus,https://www.zeit.de/news/2026-07/24/spanien-ruft-fuer-zwei-regionen-notstand-aus,0,www.zeit.de,Waldbrände: Spanien ruft für zwei Regionen Notstand aus,Hier finden Sie Informationen zu dem Thema „Waldbrände“. Lesen Sie jetzt „Spanien ruft für zwei Regionen Notstand aus“.,https://img.zeit.de/news/2026-07/24/spanien-ruft-fuer-zwei-regionen-notstand-aus-image-group/wide__1300x731,2026-07-24T07:59:11Z,,Wegen der schweren Waldbrände hat Spanien für die Umgebung der Hauptstadt Madrid und eine weitere Region den Notstand ausgerufen. Das Innenministerium kündigte in der Nacht die Entsendung weiterer Kr… [+1333 chars],,de,'Waldbrände'
https://www.dw.com/de/braende-in-frankreich-und-spanien-breiten-sich-aus/a-78095319,https://www.dw.com/de/braende-in-frankreich-und-spanien-breiten-sich-aus/a-78095319,0,www.dw.com,Kampf gegen Waldbrände in Südeuropa dauert an,Die spanische Regierung hat für zwei Regionen den Notstand ausgerufen. In Frankreich wird die Halbinsel Cap Ferret evakuiert. Präsident Emmanuel Macron bittet die Europäische Union um Hilfe. Die Waldbrand-Situation in Frankreich wird immer dramatischer: An de…,https://static.dw.com/image/78092624_6.jpg,2026-07-24T08:36:00Z,,"Die Waldbrand-Situation in Frankreich wird immer dramatischer: An der Atlantikküste, wo sich derzeit sehr viele Touristen aufhalten, loderten in der Nacht zum Freitag zwei heftige Flächenbrände weite… [+3408 chars]",,de,'Waldbrand'
https://www.diepresse.com/39418764/waldbraende-in-spanien-italien-frankreich-wie-sollen-sich-reisende-wenn,https://www.diepresse.com/39418764/waldbraende-in-spanien-italien-frankreich-wie-sollen-sich-reisende-wenn,0,www.diepresse.com,"Waldbrände in Spanien, Italien, Frankreich: Wie sollen sich Reisende verhalten, wenn es im Urlaub brennt? [premium]","Vom Strand den Waldbrand beobachten? Das sei nicht ratsam, sagt ein Experte. Worauf Urlauber sonst noch achten müssen, wenn sie sich in Waldbrandgebieten aufhalten.",https://img.diepresse.com/public/incoming/5rf8t5-afpc3277tfjpg/alternates/WEBP_WIDE_1200/AFP_C3277TF.jpg,2026-07-24T09:05:39Z,,"Es ist wohl nicht untertrieben, die Lage als dramatisch zu bezeichnen: Verheerende Waldbrände an der französischen Atlantikküste und rund um die spanische Hauptstadt Madrid haben bereits Tausende Hek… [+2777 chars]",,de,'Waldbrand Rauch'
https://www.morgenpost.de/panorama/article412661138/waldbrand-spanien-tausende-menschen-nahe-madrid-evakuiert-notstand.html,https://www.morgenpost.de/panorama/article412661138/waldbrand-spanien-tausende-menschen-nahe-madrid-evakuiert-notstand.html,0,www.morgenpost.de,Schwere Waldbrände nahe Madrid: Sánchez fordert EU-Löschflugzeuge an,Heftige Waldbrände zwingen mehr als 11.500 Menschen nahe Madrid zur Flucht. Die Regierung ruft den Notstand nationaler Tragweite aus.,https://img.sparknews.funkemedien.de/412662442/412662442_1784878724_v16_9_1600.jpeg,2026-07-24T09:53:01Z,,Im Kampf gegen die schweren Waldbrände hat Spaniens Regierung für die Region Madrid und die nahegelegene Provinz Ávila mit sofortiger Wirkung den Notstand nationaler Tragweite erklärt. Dies teilte da… [+3976 chars],,de,'Waldbrände'
https://www.zeit.de/gesellschaft/2026-07/waldbraende-frankreich-atlantikkueste-cap-ferret-touristen-evakuierung-gxe,https://www.zeit.de/gesellschaft/2026-07/waldbraende-frankreich-atlantikkueste-cap-ferret-touristen-evakuierung-gxe,0,www.zeit.de,Französische Atlantikküste: 63.000 Menschen sollen sich vor Waldbränden in Sicherheit bringen,"An der französischen Atlantikküste sind wegen der Brände 63.000 Menschen aufgerufen, ihre Häuser zu verlassen. In Spanien gilt für zwei Regionen der Notstand.",https://img.zeit.de/gesellschaft/zeitgeschehen/2026-07/waldbraende-frankreich-atlantikkueste-cap-ferret-touristen-evakuierung-bild-2/wide__1300x731,2026-07-24T10:23:33Z,,An der französischen Atlantikküste müssen insgesamt 63.000 Menschen wegen der Flächenbrände in Sicherheit gebracht werden. In der Region Nouvelle-Aquitaine kommt es derzeit zu zwei heftigen Flächenbr… [+3176 chars],,de,'Waldbrand Schaden'
https://www.spektrum.de/news/brandmanagement-feuer-rettete-tausende-mammutbaeume/2336041,https://www.spektrum.de/news/brandmanagement-feuer-rettete-tausende-mammutbaeume/2336041,0,www.spektrum.de,Brandmanagement: Feuer rettete Tausende Mammutbäume,"In Teilen des Sequoia-Nationalparks in Kalifornien werden regelmäßig kontrollierte Feuer gelegt, um den Schaden von Waldbränden zu minimieren. Das hat spürbare Konsequenzen.",https://static.spektrum.de/fm/912/f1920x1080/GettyImages-506839673.jpg,2026-07-24T12:56:17Z,,Gezielt gelegte Feuer retteten im kalifornischen Nationalpark Sequoia-Kings-Canyon wohl Tausende uralter Sequoia-Bäume vor den extremen Waldbränden in den Jahren 2020 und 2021. Zu diesem Schluss komm… [+1876 chars],,de,'Waldbrände'
https://www.faz.net/aktuell/reisewarnung-spanien-aktuelle-lage-und-was-urlauber-wissen-muessen-201062822.html,https://www.faz.net/aktuell/reisewarnung-spanien-aktuelle-lage-und-was-urlauber-wissen-muessen-201062822.html,0,www.faz.net,Reisehinweis wegen Waldbrand: Was Urlauber in Spanien beachten sollten,In Spanien breiten sich mehrere Waldbrände aus. Tausende mussten ihre Häuser verlassen. Auch Urlauber müssen mit Einschränkungen rechnen. Und bald steht eine Sonnenfinsternis an.,https://media0.faz.net/image/w1200h627/cfc5c956c63f/w5184h2708x0y1076o/202606/43601.0.2279090485/ein-wald-brennt-in-carcastillo.webp,2026-07-24T14:00:40Z,,In mehreren Regionen Spaniens sind Waldbrände ausgebrochen. Anhaltende Trockenheit und hohe Temperaturen begünstigen die Ausbreitung der Feuer. Für die Regionen Madrid und Ávila haben die Behörden de… [+2911 chars],,de,'Waldbrände'
https://www.sueddeutsche.de/panorama/frankreich-waldbraende-atlantikkueste-suedfrankreich-spanien-notstand-feuer-ausser-kontrolle-li.3520756,https://www.sueddeutsche.de/panorama/frankreich-waldbraende-atlantikkueste-suedfrankreich-spanien-notstand-feuer-ausser-kontrolle-li.3520756,0,www.sueddeutsche.de,Waldbrände: Berichte: Feuer bei Madrid nicht mehr zu löschen,"Das Feuer übersteige die „Löschkapazitäten“ der Feuerwehr, sagt ein örtlicher Vertreter. Frankreich bringt  110 000 Menschen in Sicherheit. Bundeskanzler Merz bietet Frankreich Hilfe an.",https://www.sueddeutsche.de/2026/07/24/9d4fc1fb-a179-4af9-85aa-bf1d2edef278.jpg?q=60&fm=webp&width=1200&rect=0%2C132%2C4000%2C2250,2026-07-24T19:56:00Z,,"In Spanien spitzt sich die Lage durch die sich weiter ausbreitenden Feuer zu. Die spanische Tageszeitung El País berichtet, der Waldbrand nahe Madrid sei laut Carlos Novillo, dem regionalen Minister … [+3322 chars]",,de,'Waldbrände'
https://www.faz.net/aktuell/gesellschaft/ungluecke/waldbraende-in-frankreich-und-spanien-wueten-weiter-accg-201064215.html,https://www.faz.net/aktuell/gesellschaft/ungluecke/waldbraende-in-frankreich-und-spanien-wueten-weiter-accg-201064215.html,0,www.faz.net,Frankreich und Spanien: Waldbrände zwingen Zehntausende zur Flucht,"Die Lage in Frankreich und Spanien bleibt dramatisch: Mehr als 160.000 Menschen wurden bisher evakuiert. Der französische Innenminister spricht von Bränden, wie sie das Land noch nie erlebt hat.",https://media0.faz.net/image/w1200h627/27444ab7ac57/w5423h2833x0y148o/202607/43601.0.2368138288/eine-dichte-rauchsaeule-in-der.webp,2026-07-25T05:29:59Z,,Beispiellose Waldbrände in Frankreich und Spanien haben am Freitag mehr als 160.000 Menschen zur Flucht gezwungen. Behördenangaben zufolge wurden im Südwesten Frankreichs bislang rund 141.000 Mensche… [+5682 chars],,de,'Waldbrände'
https://www.diepresse.com/39679430/bereits-mehr-als-160000-menschen-bei-waldbraenden-in-suedeuropa,https://www.diepresse.com/39679430/bereits-mehr-als-160000-menschen-bei-waldbraenden-in-suedeuropa,0,www.diepresse.com,Bereits mehr als 160.000 Menschen bei Waldbränden in Südeuropa evakuiert,"Im Südwesten Frankreichs bewegen sich die Feuer auf Bordeaux zu, das Feuer rund um Madrid war am Freitag laut Behörden „nicht zu löschen“.",https://img.diepresse.com/public/incoming/xczf4d-imagost0724103700010862570277jpg/alternates/WEBP_WIDE_1200/imago_st_0724_10370001_0862570277.jpg,2026-07-25T06:31:08Z,,"Die Presse auf Google als bevorzugte Nachrichtenquelle hinzufügen.
 Beispiellose Waldbrände in Frankreich und Spanien haben am Freitag mehr als 160.000 Menschen zur Flucht gezwungen. Behördenangaben… [+5746 chars]",,de,'Waldbrände'
https://orf.at/stories/3437230/,https://orf.at/stories/3437230/,0,orf.at,Über 200.000 Menschen fliehen vor Bränden,Schwere Waldbrände in Frankreich und Spanien haben bis Samstagfrüh bereits mehr als 200.000 Menschen zur Flucht gezwungen. Nach Angaben des französischen Innenministeriums mussten rund 141.000 Menschen in den Departements Gironde und Landes ihre Häuser verlas…,https://ibs.orf.at/news?image=https%3A%2F%2Fassets.orf.at%2Fmims%2F2026%2F30%2F58%2Fcrops%2Fw%3D1200%2Ch%3D630%2Cq%3D75%2F3126177_master_1211558_klima_waldbraende_frankreich_spanien_r.jpg%3Fs%3D539730ca2a5d95c054f83e974793057ee6963f52,2026-07-25T07:30:14Z,,"Der französische Innenminister Laurent Nunez erklärte indes, dass sich der große Waldbrand in Richtung der Stadt Bordeaux ausbreitet. Die dortigen Behörden ordneten die Evakuierung von Orten in der N… [+3772 chars]",,de,'Waldbrand Häuser'
https://www.bild.de/news/ausland/waldbrand-polizisten-treten-haustueren-ein-um-menschen-zu-retten-6a645d78166bc12eb54f57cf,https://www.bild.de/news/ausland/waldbrand-polizisten-treten-haustueren-ein-um-menschen-zu-retten-6a645d78166bc12eb54f57cf,0,www.bild.de,"Flammen fressen sich durch Europa - Polizisten treten Haustüren ein, um Menschen zu retten","Spanien, Italien und Frankreich kämpfen gegen gewaltige Waldbrände. Rund um Madrid mussten Zehntausende Menschen ihre Häuser verlassen.","https://images.bild.de/6a645d78166bc12eb54f57cf/0443842b671f338939b2bfee37d0c57e,d27775c5?w=1280",2026-07-25T08:05:03Z,,"TTS-Player überspringenArtikel weiterlesenMadrid (Spanien) Die Flammen scheinen unaufhaltsam. Während Tausende Feuerwehrleute in Spanien, Frankreich und Italien gegen die verheerenden Waldbrände kämp… [+2662 chars]",,de,'Waldbrand Unterstützung'
https://www.tagesspiegel.de/gesellschaft/panorama/waldbrande-ausser-kontrolle-flammen-nur-noch-30-kilometer-vor-bordeaux--hunderttausende-auf-der-flucht-15879056.html,https://www.tagesspiegel.de/gesellschaft/panorama/waldbrande-ausser-kontrolle-flammen-nur-noch-30-kilometer-vor-bordeaux--hunderttausende-auf-der-flucht-15879056.html,0,www.tagesspiegel.de,Waldbrände außer Kontrolle: Flammen nur noch 30 Kilometer vor Bordeaux – Hunderttausende auf der Flucht,Das Feuer im Südwesten Frankreichs bewegt sich weiter auf die Hafenstadt zu. Erste Vororte werden evakuiert. Auch beim Großbrand rund um Madrid gibt es vorerst keine Entwarnung.,https://www.tagesspiegel.de/images/15879060/alternates/BASE_16_9_W1400/1784967086000/incendie-en-gironde-porge-sur-la-commune-de-lege.jpeg,2026-07-25T08:06:14Z,,Rund 270.000 Menschen sind in Frankreich und Spanien vor Waldbränden in Sicherheit gebracht worden. Im Südwesten Frankreichs haben die anhaltenden Brände eine der größten Evakuierungsaktionen in der … [+7773 chars],,de,'Waldbrand Rauch'
https://www.tagesspiegel.de/gesellschaft/panorama/flammen-ausser-kontrolle-waldbrande-bei-bordeaux-zwingen-140000-menschen-zur-flucht-15879056.html,https://www.tagesspiegel.de/gesellschaft/panorama/flammen-ausser-kontrolle-waldbrande-bei-bordeaux-zwingen-140000-menschen-zur-flucht-15879056.html,0,www.tagesspiegel.de,Flammen außer Kontrolle: Waldbrände bei Bordeaux zwingen 140.000 Menschen zur Flucht,Das Feuer im Südwesten Frankreichs bewegt sich weiter auf die Hafenstadt zu. Erste Vororte werden evakuiert. Auch beim Großbrand rund um Madrid gibt es vorerst keine Entwarnung.,https://www.tagesspiegel.de/images/15879060/alternates/BASE_16_9_W1400/1784967086000/incendie-en-gironde-porge-sur-la-commune-de-lege.jpeg,2026-07-25T08:06:14Z,,Die Waldbrände im Südwesten Frankreichs haben eine der größten Evakuierungsaktionen in der Geschichte des Landes ausgelöst. Besonders betroffen ist das südwestfranzösische Département Gironde rund um… [+5642 chars],,de,'Waldbrand Gebäude'
https://www.tagesspiegel.de/gesellschaft/panorama/flammen-ausser-kontrolle-waldbrande-bei-bordeaux-zwingen-mehr-als-110000-menschen-zur-flucht-15879056.html,https://www.tagesspiegel.de/gesellschaft/panorama/flammen-ausser-kontrolle-waldbrande-bei-bordeaux-zwingen-mehr-als-110000-menschen-zur-flucht-15879056.html,0,www.tagesspiegel.de,Flammen außer Kontrolle: Waldbrände bei Bordeaux zwingen mehr als 110.000 Menschen zur Flucht,"Die Flammen im Südwesten Frankreichs treiben eine der größten Evakuierungsaktionen des Landes an: Zehntausende Menschen mussten ihre Häuser verlassen, das Militär verstärkt die Einsatzkräfte.",https://www.tagesspiegel.de/images/15879060/alternates/BASE_16_9_W1400/1784967086000/incendie-en-gironde-porge-sur-la-commune-de-lege.jpeg,2026-07-25T08:06:14Z,,Die Waldbrände im Südwesten Frankreichs haben eine der größten Evakuierungsaktionen in der Geschichte des Landes ausgelöst. Besonders betroffen ist das südwestfranzösische Département Gironde rund um… [+5587 chars],,de,'Waldbrand Gebäude'
https://www.zeit.de/gesellschaft/zeitgeschehen/2026-07/waldbraende-bordeaux-frankreich-gironde-evakuierung,https://www.zeit.de/gesellschaft/zeitgeschehen/2026-07/waldbraende-bordeaux-frankreich-gironde-evakuierung,0,www.zeit.de,Waldbrände in Frankreich: Tausende Menschen müssen wegen Waldbränden Vororte von Bordeaux räumen,"Der Waldbrand in Gironde breitet sich in Richtung Bordeaux aus. 110.000 Menschen wurden dort bislang in Sicherheit gebracht, auch Vororte von Bordeaux werden nun geräumt.",https://img.zeit.de/gesellschaft/zeitgeschehen/2026-07/waldbraende-bordeaux-frankreich-gironde-evakuierung-foto-1/wide__1300x731,2026-07-25T08:39:08Z,,"Wegen der heranrückenden Waldbrände müssen tausende Menschen die Vororte von Bordeaux verlassen. Die Gebiete Le Haillan, Eysines und Merignac würden geräumt teilte
die Leiterin der Lokalverwaltung v… [+1160 chars]",,de,'Waldbrände'
https://www.zeit.de/news/2026-07/25/waldbrand-im-kreis-st-wendel-weitgehend-geloescht,https://www.zeit.de/news/2026-07/25/waldbrand-im-kreis-st-wendel-weitgehend-geloescht,0,www.zeit.de,Nur noch einzelne Glutnester: Waldbrand im Kreis St. Wendel weitgehend gelöscht,Hier finden Sie Informationen zu dem Thema „Nur noch einzelne Glutnester“. Lesen Sie jetzt „Waldbrand im Kreis St. Wendel weitgehend gelöscht“.,https://img.zeit.de/news/2026-07/25/waldbrand-im-kreis-st-wendel-weitgehend-geloescht-image-group/wide__1300x731,2026-07-25T09:36:44Z,,Nach einem größeren Waldbrand im Kreis St. Wendel sind die Flammen laut Feuerwehr weitgehend gelöscht. Die rund 30 als Brandwache eingesetzten Feuerwehrleute hätten noch in der Nacht zwischen Primsta… [+1368 chars],,de,'Waldbrand Hektar'
https://www.zeit.de/news/2026-07/25/waldbrandgefahr-in-sachsen-steigt-wieder-an,https://www.zeit.de/news/2026-07/25/waldbrandgefahr-in-sachsen-steigt-wieder-an,0,www.zeit.de,Waldbrände: Waldbrandgefahr in Sachsen steigt wieder an,Hier finden Sie Informationen zu dem Thema „Waldbrände“. Lesen Sie jetzt „Waldbrandgefahr in Sachsen steigt wieder an“.,https://img.zeit.de/news/2026-07/25/waldbrandgefahr-in-sachsen-steigt-wieder-an-image-group/wide__1300x731,2026-07-25T10:56:58Z,,Die Waldbrandgefahr in Sachsen nimmt wieder zu. Am Sonntag wird in Teilen Nordsachsens die zweithöchste Gefahrenstufe 4 erreicht. Das geht aus Berechnungen des Deutschen Wetterdienstes (DWD) hervor. … [+601 chars],,de,'Waldbrand'
https://www.zeit.de/news/2026-07/25/hohe-gefahr-fuer-waldbraende-im-harz-und-jerichower-land,https://www.zeit.de/news/2026-07/25/hohe-gefahr-fuer-waldbraende-im-harz-und-jerichower-land,0,www.zeit.de,Wetter: Hohe Gefahr für Waldbrände im Harz und Jerichower Land,Hier finden Sie Informationen zu dem Thema „Wetter“. Lesen Sie jetzt „Hohe Gefahr für Waldbrände im Harz und Jerichower Land“.,https://img.zeit.de/news/2026-07/25/hohe-gefahr-fuer-waldbraende-im-harz-und-jerichower-land-image-group/wide__1300x731,2026-07-25T11:38:00Z,,"Die Gefahr für Waldbrände ist in Sachsen-Anhalt derzeit im Harz und im Jerichower Land am höchsten. Nach Angaben des Landeszentrums Wald gilt dort die Warnstufe 4, es herrscht also hohe Gefahr. Insge… [+552 chars]",,de,'Waldbrände'
https://www.n-tv.de/politik/Gruenen-Chefin-zu-Waldbraenden-in-Suedeuropa-Wir-duerfen-unsere-Nachbarn-nicht-alleine-lassen-id31124619.html,https://www.n-tv.de/politik/Gruenen-Chefin-zu-Waldbraenden-in-Suedeuropa-Wir-duerfen-unsere-Nachbarn-nicht-alleine-lassen-id31124619.html,0,www.n-tv.de,"""Braucht rasche Umsetzung"": Verheerende Waldbrände: Grünen-Chefin fordert mehr Einsatz für Klimaschutz","Im Süden Europas fressen sich Waldbrände unermüdlich durchs Land, Zehntausende Menschen mussten bereits fliehen. Katastrophen dieser Art müssten in Zukunft verhindert werden, meint Grünen-Chefin Brantner. Sie will den Fokus auf den europäischen Klimaschutz er…",https://www.n-tv.de/img/31124589/1784985787/Img_16_9/1200/Wildfires-in-France-Alongside-Firefighters-A-firefighter-suffers-an-open-fracture-after-a-gas-cylinder-explodes-as-a-forest-fire-reaches-a-house-on-the-outskirts-of-Lege-Cap-Ferret-Gironde-Nouvelle-Aquitaine-France-on-July-23-2026-while-emergency-services-treat-the-injured-and-continue-efforts-to-contain-the-blaze-Photo-by-Stephane-Duprat-ABACAPRESS.jpg,2026-07-25T12:55:45Z,,"Südeuropa kämpft weiterhin gegen gigantische Großfeuer. ""Wir dürfen unsere Nachbarn nicht alleine lassen"", meint Grünen-Chefin Franziska Brantner. (Foto: IMAGO/ABACAPRESS)
Im Süden Europas fressen s… [+2706 chars]",,de,'Waldbrände'
https://www.faz.net/aktuell/technik-motor/waldbraende-airbus-a400m-loescht-erstmals-aus-der-luft-accg-201064915.html,https://www.faz.net/aktuell/technik-motor/waldbraende-airbus-a400m-loescht-erstmals-aus-der-luft-accg-201064915.html,0,www.faz.net,Waldbrände in Frankreich: Erstmals löscht ein Airbus,Die Feuerwehr bekommt Hilfe aus der Luft. Gegen die Waldbrände in Frankreich wird ein Militärtransporter A400M als Löschflugzeug eingesetzt. Das ist eine Premiere. Mit besonderen Hürden.,https://media0.faz.net/image/w1200h627/c76851a56605/w5080h2654x556y959o/202607/43601.0.2363112603/uebung-macht-den-feuerwehrmann.webp,2026-07-25T15:37:29Z,,"Die Schreckensmeldungen aus Europa überschlagen sich: In Spanien ruft die Regierung für mehrere Regionen den nationalen Notstand aus, in Frankreich brennt der Wald gleichzeitig am Mittelmeer, nahe de… [+3422 chars]",,de,'Waldbrände'
https://www.dw.com/de/waldbraende-frankreich-spanien-massenflucht-evakuierungen/a-78114572,https://www.dw.com/de/waldbraende-frankreich-spanien-massenflucht-evakuierungen/a-78114572,0,www.dw.com,Massenflucht: Brände in Frankreich und Spanien wüten weiter,Schwere Waldbrände halten Frankreich und Spanien nach wie vor in Atem. Die Feuer im Südwesten Frankreichs haben eine der größten Evakuierungsaktionen in der Geschichte des Landes ausgelöst.,https://static.dw.com/image/78113075_6.jpg,2026-07-25T16:06:00Z,,"In Südwestfrankreich brannte im Département Gironde bislang eine Fläche von der vierfachen Größe der Hauptstadt Paris ab, wie Innenminister Laurent Nuñez betonte. Nach seinen Worten mussten sich im D… [+2572 chars]",,de,'Waldbrände'
https://orf.at/stories/3437270/,https://orf.at/stories/3437270/,0,orf.at,Einsatz des Militärs deutlich ausgeweitet,"Rund 260.000 Menschen sind in Frankreich und Spanien bis Samstag vor Waldbränden in Sicherheit gebracht worden. Aus der spanischen Region Valencia wurde ein Toter gemeldet, in Frankreich löste allein der unkontrollierbare Brand westlich von Bordeaux eine der …",https://ibs.orf.at/news?image=https%3A%2F%2Fassets.orf.at%2Fmims%2F2026%2F30%2F29%2Fcrops%2Fw%3D1200%2Ch%3D630%2Cq%3D75%2F3126620_master_1211729_klima_waldbraende_frankreich_militaer_2_a.jpg%3Fs%3Dc98d17c3bcd39d215b3bab1a8752c5a7afa88d22,2026-07-25T16:26:57Z,,"Die Zahl der Militärangehörigen, die die Feuerwehr bei den Löscharbeiten gegen die Brände unterstützen, werde von 1.000 auf 1.500 erhöht, teilte das Verteidigungsministerium am Samstag nach einer Sit… [+6609 chars]",,de,'Waldbrände'
https://www.welt.de/vermischtes/article6a63ee46fe2765826e0fc924/waldbraende-in-frankreich-und-spanien-feuer-nur-noch-30-kilometer-von-bordeaux-entfernt-grausamer-verdacht-in-italien.html,https://www.welt.de/vermischtes/article6a63ee46fe2765826e0fc924/waldbraende-in-frankreich-und-spanien-feuer-nur-noch-30-kilometer-von-bordeaux-entfernt-grausamer-verdacht-in-italien.html,0,www.welt.de,Waldbrände nur noch 30 Kilometer von Bordeaux entfernt – grausamer Brandstifter-Verdacht in Italien,Die Lage in Südwesteuropa spitzt sich dramatisch zu. Rund 257.000 Menschen wurden in Frankreich und Spanien evakuiert. Auch in Italien wüten Brände. Der Zivilschutz in Kalabrien geht von Brandstiftung mit „unmenschlichen Methoden“ aus. Ein Überblick.,https://images.welt.de/6a63ee46fe2765826e0fc924/f26a281dc6fa5668f95c93a64248c864/ci16x9-w1200/1784903751867-afp-c3462g8-jpg,2026-07-25T16:27:00Z,,Die Lage in Südwesteuropa spitzt sich dramatisch zu. Rund 257.000 Menschen wurden in Frankreich und Spanien evakuiert. Auch in Italien wüten Brände. Der Zivilschutz in Kalabrien geht von Brandstiftun… [+6251 chars],,de,'Waldbrand Feuerwehr'
https://www.zeit.de/wissenschaft/umwelt/2026-07/wetter-waldbraende-loeschung-feuerwehr-frankreich-spanien,https://www.zeit.de/wissenschaft/umwelt/2026-07/wetter-waldbraende-loeschung-feuerwehr-frankreich-spanien,0,www.zeit.de,Wetter und Waldbrände: »Jetzt kann nur noch ein Wetterwechsel helfen«,"Viele Waldbrände in Frankreich und Spanien lassen sich von Menschen nicht mehr eindämmen, sagt der Experte Alexander Held. Und: Sie seien längst ein europäisches Problem.",https://img.zeit.de/politik/2026-07/schutz-waldbraende-frankreich-spanien-nachrichtenpodcast-bild/wide__1300x731,2026-07-25T16:59:35Z,,"Schließen
Artikelzusammenfassung
Europas Wälder stehen lichterloh, und der Experte Alexander Held beschreibt die aktuelle Feuerlage als Ausnahmezustand mit Ansage. Im Interview zeichnet der Forstwi… [+1470 chars]",,de,'Waldbrände'
https://www.zeit.de/news/2026-07/25/feuer-auf-frueherem-militaergelaende-in-jueterbog,https://www.zeit.de/news/2026-07/25/feuer-auf-frueherem-militaergelaende-in-jueterbog,0,www.zeit.de,Waldbrand: Feuer auf früherem Militärgelände in Jüterbog,Hier finden Sie Informationen zu dem Thema „Waldbrand“. Lesen Sie jetzt „Feuer auf früherem Militärgelände in Jüterbog“.,https://img.zeit.de/news/2026-07/25/feuer-auf-frueherem-militaergelaende-in-jueterbog-image-group/wide__1300x731,2026-07-25T17:38:05Z,,"Auf dem ehemaligen Truppenübungsplatz Jüterbog West in Brandenburg ist erneut ein Waldbrand ausgebrochen. Das Feuer habe sich bislang auf eine Fläche von rund sieben Hektar ausgebreitet, teilte die R… [+1061 chars]",,de,'Waldbrand'
https://www.zeit.de/news/2026-07/26/waldbraende-in-frankreich-baden-wuerttemberg-bietet-hilfe-an,https://www.zeit.de/news/2026-07/26/waldbraende-in-frankreich-baden-wuerttemberg-bietet-hilfe-an,0,www.zeit.de,Notfälle: Waldbrände in Frankreich - Baden-Württemberg bietet Hilfe an,Hier finden Sie Informationen zu dem Thema „Notfälle“. Lesen Sie jetzt „Waldbrände in Frankreich - Baden-Württemberg bietet Hilfe an“.,https://img.zeit.de/news/2026-07/26/waldbraende-in-frankreich-baden-wuerttemberg-bietet-hilfe-an-image-group/wide__1300x731,2026-07-25T23:22:04Z,,Baden-Württemberg hat Frankreich Hilfe bei der Bekämpfung der Waldbrände angeboten. Innenminister Manuel Hagel (CDU) schrieb einen entsprechenden Brief an den Präfekten der benachbarten Region Grand … [+1223 chars],,de,'Waldbrände'
https://www.diepresse.com/39728636/waldbraende-in-italien-seniorenheim-auf-sardinien-evakuiert,https://www.diepresse.com/39728636/waldbraende-in-italien-seniorenheim-auf-sardinien-evakuiert,0,www.diepresse.com,Waldbrände in Italien: Seniorenheim auf Sardinien evakuiert,Auch im Pollino-Nationalpark in Kalabrien wütet seit mehr als zwei Tagen ein Großbrand.,https://img.diepresse.com/public/incoming/yxxcx3-afpc2zy28njpg/alternates/WEBP_WIDE_1200/AFP_C2ZY28N.jpg,2026-07-26T07:25:13Z,,"Die Presse auf Google als bevorzugte Nachrichtenquelle hinzufügen.
 Mehrere Waldbrände halten die Einsatzkräfte in Süditalien in Atem: Auf Sardinien musste wegen eines sich rasch ausbreitenden Feuer… [+1546 chars]",,de,'Waldbrände'
https://orf.at/stories/3437299/,https://orf.at/stories/3437299/,0,orf.at,Über 300.000 Menschen flohen vor Bränden,Angesichts der beispiellosen Waldbrände nahe der französischen Stadt Bordeaux haben die Behörden des Departements Gironde Zehntausende weitere Menschen zur Flucht aufgefordert. Die Entscheidung sei „angesichts des Wiederaufflammens des Brandes“ getroffen word…,https://ibs.orf.at/news?image=https%3A%2F%2Fassets.orf.at%2Fmims%2F2026%2F31%2F68%2Fcrops%2Fw%3D1200%2Ch%3D630%2Cq%3D75%2F3126984_master_1211868_klima_waldbraende_frankreich_spanien_sofr_r.jpg%3Fs%3D6173681082e0b4a720734133b0e46df56a9266c7,2026-07-26T07:48:06Z,,"In Frankreich wurden am späten Samstag weitere 55.000 Menschen zur Evakuierung aufgefordert, womit sich die Gesamtzahl in den südwestlichen Regionen Gironde und Landes auf rund 250.000 Menschen erhöh… [+3460 chars]",,de,'Waldbrand Häuser'
https://www.tagesspiegel.de/gesellschaft/panorama/feuer-wuten-weiter-unberechenbares-feuer-kommt-metropolregion-bordeaux-naher-15881808.html,https://www.tagesspiegel.de/gesellschaft/panorama/feuer-wuten-weiter-unberechenbares-feuer-kommt-metropolregion-bordeaux-naher-15881808.html,0,www.tagesspiegel.de,Feuer wüten weiter: Unberechenbares Feuer kommt Metropolregion Bordeaux näher,"Mehrere Waldbrände halten Frankreich und Spanien in Atem. Besonders dramatisch ist die Lage um Bordeaux. Seit Mittwoch wurden mehr als 220.000 Menschen in Sicherheit gebracht, auch viele Urlauber.",https://www.tagesspiegel.de/images/15882958/alternates/BASE_16_9_W1400/1785067631000/brande-in-frankreich.jpeg,2026-07-26T09:09:27Z,,Der Waldbrand im Großraum Bordeaux im Südwesten Frankreichs spitzt sich zu. Das Feuer ist nach Angaben von Bürgermeister Thomas Cazenave inzwischen rund 15 Kilometer von der Metropole entfernt. Er sa… [+4893 chars],,de,'Waldbrand Gesundheit'
https://www.n-tv.de/panorama/Flammen-kommen-bis-15-Kilometer-an-Grossraum-Bordeaux-heran-id31126220.html,https://www.n-tv.de/panorama/Flammen-kommen-bis-15-Kilometer-an-Grossraum-Bordeaux-heran-id31126220.html,0,www.n-tv.de,Brände in Frankreich: Flammen kommen bis 15 Kilometer an Großraum Bordeaux heran,"Die Feuerwehr bekommt die schweren Waldbrände im Südwesten Frankreichs nicht unter Kontrolle. Die Flammen bewegen sich immer weiter auf Bordeaux zu. Die Stadt sei bereit, auf jede mögliche Entwicklung zu reagieren, betont der Bürgermeister.",https://www.n-tv.de/img/31126257/1785065971/Img_16_9/1200/Feuerwehrleute-spritzen-bei-einem-Waldbrand-in-der-Naehe-der-Stadt-Lege-Cap-Feret-im-Suedwesten-Frankreichs-Wasser-Am-25-Juli-2026-wueten-in-Frankreich-und-Spanien-Waldbraende-fast-260-000-Menschen-wurden-in-der-Naehe-der-franzoesischen-Grossstadt-Bordeaux-und-in-der-Region-Madrid-in-Sicherheit-gebracht-einer-Metropole-die-mit-dem-schlimmsten-Waldbrand-ihrer-Geschichte-konfrontiert-ist-Wissenschaftler-warnen-schon-seit-Langem-davor-dass-der-durch-den-Verbrauch-fossiler-Brennstoffe-verursachte-Klimawandel-Duerreperioden-intensiver-und-langanhaltender-machen-und-damit-ideale-Bedingungen-fuer-Waldbraende-schaffen-wird.jpg,2026-07-26T10:20:57Z,,"Menschen in Frankreich melden sich freiwillig, um die Feuerwehr zu unterstützen. (Foto: picture alliance/dpa/AFP)
Die Feuerwehr bekommt die schweren Waldbrände im Südwesten Frankreichs nicht unter K… [+2784 chars]",,de,'Waldbrände'
https://www.n-tv.de/panorama/Braende-toben-durch-Suedwest-Frankreich-und-bis-nach-Bordeaux-id31126220.html,https://www.n-tv.de/panorama/Braende-toben-durch-Suedwest-Frankreich-und-bis-nach-Bordeaux-id31126220.html,0,www.n-tv.de,Hunderttausende verlassen Häuser: Brände toben durch Südwest-Frankreich - und bis nach Bordeaux,"Die Feuerwehr bekommt die schweren Waldbrände im Südwesten Frankreichs nicht unter Kontrolle. Die Flammen bewegen sich immer weiter auf Bordeaux zu. Die Stadt sei bereit, auf jede mögliche Entwicklung zu reagieren, betont der Bürgermeister.",https://www.n-tv.de/img/31126257/1785065971/Img_16_9/1200/Feuerwehrleute-spritzen-bei-einem-Waldbrand-in-der-Naehe-der-Stadt-Lege-Cap-Feret-im-Suedwesten-Frankreichs-Wasser-Am-25-Juli-2026-wueten-in-Frankreich-und-Spanien-Waldbraende-fast-260-000-Menschen-wurden-in-der-Naehe-der-franzoesischen-Grossstadt-Bordeaux-und-in-der-Region-Madrid-in-Sicherheit-gebracht-einer-Metropole-die-mit-dem-schlimmsten-Waldbrand-ihrer-Geschichte-konfrontiert-ist-Wissenschaftler-warnen-schon-seit-Langem-davor-dass-der-durch-den-Verbrauch-fossiler-Brennstoffe-verursachte-Klimawandel-Duerreperioden-intensiver-und-langanhaltender-machen-und-damit-ideale-Bedingungen-fuer-Waldbraende-schaffen-wird.jpg,2026-07-26T10:20:57Z,,"Hunderttausende verlassen HäuserBrände toben durch Südwest-Frankreich - und bis nach Bordeaux
Menschen in Frankreich melden sich freiwillig, um die Feuerwehr zu unterstützen. (Foto: picture alliance… [+2421 chars]",,de,'Waldbrände'
https://www.zeit.de/news/2026-07/26/waldbrand-bei-oppenau-polizei-verdaechtigt-jugendliche,https://www.zeit.de/news/2026-07/26/waldbrand-bei-oppenau-polizei-verdaechtigt-jugendliche,0,www.zeit.de,Mit Feuerwerk?: Waldbrand bei Oppenau - Polizei verdächtigt Jugendliche,Hier finden Sie Informationen zu dem Thema „Mit Feuerwerk?“. Lesen Sie jetzt „Waldbrand bei Oppenau - Polizei verdächtigt Jugendliche“.,https://img.zeit.de/news/2026-07/26/waldbrand-bei-oppenau-polizei-verdaechtigt-jugendliche-image-group/wide__1300x731,2026-07-26T11:24:31Z,,"Drei Jugendliche sollen in Oppenau mit Feuerwerk einen Waldbrand verursacht haben. Man gehe davon aus, dass die Jugendlichen in diesem Gebiet Raketen abgeschossen haben, teilte die Polizei mit. Zeuge… [+1427 chars]",,de,'Waldbrand'
https://orf.at/stories/3437329/,https://orf.at/stories/3437329/,0,orf.at,Flammen nähern sich Großraum Bordeaux,In Frankreich und Spanien breiten sich die anhaltenden Waldbrände auch am Sonntag aus. Der spanische Regierungschef Pedro Sanchez stellte „schwierige Stunden“ in Aussicht. In Frankreich waren die Flammen zuletzt nur noch 15 Kilometer von den Grenzen des Großr…,https://ibs.orf.at/news?image=https%3A%2F%2Fassets.orf.at%2Fmims%2F2026%2F31%2F75%2Fcrops%2Fw%3D1200%2Ch%3D630%2Cq%3D75%2F3127370_master_1212075_klima_waldbraende_frankreich_spanien_sona_im.jpg%3Fs%3D515beec8a484ed7c896ac64cad16bbbdeeaf1c5f,2026-07-26T11:54:14Z,,"Eine Evakuierung des rund eine Million Einwohner und Einwohnerinnen zählenden Großraums kommt aber nicht infrage, weil sich das Feuer südlich befinde und nicht im Westen vorrücke, erklärte Bürgermeis… [+5138 chars]",,de,'Waldbrände'
https://www.dw.com/de/waldbraende-frankreich-spanien-bordeaux-evakuierung-laurent-nu%C3%B1ez-pedro-s%C3%A1nchez/a-78119921,https://www.dw.com/de/waldbraende-frankreich-spanien-bordeaux-evakuierung-laurent-nu%C3%B1ez-pedro-s%C3%A1nchez/a-78119921,0,www.dw.com,Waldbrände bedrohen Bordeaux,"Das Feuer habe wieder an Intensität zugenommen, und breite sich unkontrolliert in Richtung des Großraums Bordeaux aus, gab Frankreichs Innenminister Nuñez bekannt. Spanien kann eine positive Nachricht vermelden. In Frankreich ist der verheerende Waldbrand nah…",https://static.dw.com/image/78117423_6.jpg,2026-07-26T12:27:00Z,,In Frankreich ist der verheerende Waldbrand nahe Bordeaux bis auf 15 Kilometer an die Grenzen des Großraums der Stadt herangerückt. Eine Evakuierung des rund eine Million Einwohner zählenden Großraum… [+3266 chars],,de,'Waldbrände'
https://www.zeit.de/news/2026-07/26/waldbrand-in-mittelhessen-12-000-quadratmeter-betroffen,https://www.zeit.de/news/2026-07/26/waldbrand-in-mittelhessen-12-000-quadratmeter-betroffen,0,www.zeit.de,Feuerwehreinsatz: Waldbrand in Mittelhessen - 12.000 Quadratmeter betroffen,Hier finden Sie Informationen zu dem Thema „Feuerwehreinsatz“. Lesen Sie jetzt „Waldbrand in Mittelhessen - 12.000 Quadratmeter betroffen“.,https://img.zeit.de/news/2026-07/26/waldbrand-in-mittelhessen-12-000-quadratmeter-betroffen-image-group/wide__1300x731,2026-07-26T15:07:20Z,,"Rund 12.000 Quadratmeter Wald sind entlang der Autobahn 5 in Mittelhessen in Brand geraten. Etwa 200 Feuerwehrleute seien in dem Gebiet bei Grebenau im Vogelsbergkreis im Einsatz, um das Feuer zu bek… [+297 chars]",,de,'Waldbrand Feuerwehr'
https://www.nzz.ch/international/der-groesste-waldbrand-frankreichs-seit-dem-zweiten-weltkrieg-zwingt-mehr-als-220-000-menschen-zur-flucht-ld.10017064,https://www.nzz.ch/international/der-groesste-waldbrand-frankreichs-seit-dem-zweiten-weltkrieg-zwingt-mehr-als-220-000-menschen-zur-flucht-ld.10017064,0,www.nzz.ch,Der grösste Waldbrand Frankreichs seit dem Zweiten Weltkrieg zwingt mehr als 220 000 Menschen zur Flucht,"Die Feuersbrunst nähert sich Bordeaux. Ganze Gemeinden werden geräumt, Tausende schlafen in Notunterkünften. Die Schweiz schickt Feuerwehrleute zur Unterstützung.","https://img-msp-prod.nzz.ch/2026/07/26/0d1c5a29-42c6-429f-af09-b238286aec4f.jpg?width=1200&height=674&fit=bounds&quality=75&auto=webp&crop=6500,3656,x0,y676&wmark=nzz",2026-07-26T15:49:25Z,,"Die Feuersbrunst nähert sich Bordeaux. Ganze Gemeinden werden geräumt, Tausende schlafen in Notunterkünften. Die Schweiz schickt Feuerwehrleute zur Unterstützung.
Zusammenfassung
Eine Fläche von et… [+5059 chars]",,de,'Waldbrand Unterstützung'
https://www.faz.net/aktuell/gesellschaft/ungluecke/waldbraende-evakuierte-werfen-politik-versagen-vor-accg-201066086.html,https://www.faz.net/aktuell/gesellschaft/ungluecke/waldbraende-evakuierte-werfen-politik-versagen-vor-accg-201066086.html,0,www.faz.net,Waldbrände vor Madrid: „Die Politiker haben sich um nichts gekümmert“,"Tausende Einsatzkräfte kämpfen gegen die Feuer, die am Rand von Madrid wüten. Menschen, die ihre Dörfer verlassen mussten, werfen der Politik Versagen vor.",https://media0.faz.net/image/w1200h627/771a8d60d4d7/w5702h2979x0y411o/202607/43601.0.2372485844/das-volle-ausmass-ist-noch.webp,2026-07-26T17:09:06Z,,"Die Flammen ließen sich nicht beeindrucken. Der gesamte spanische Staat werde alle seine Ressourcen nutzen, um das Feuer zu stoppen, kündigte Pedro Sánchez unter braunen Rauchwolken an, kaum war der … [+9138 chars]",,de,'Waldbrand Unterstützung'
https://www.morgenpost.de/panorama/article412682256/italien-kaempft-gegen-waldbraende-mehrere-feuer-treffen-urlauber-hart.html,https://www.morgenpost.de/panorama/article412682256/italien-kaempft-gegen-waldbraende-mehrere-feuer-treffen-urlauber-hart.html,0,www.morgenpost.de,Italien kämpft gegen Waldbrände: Mehrere Feuer treffen Urlauber hart,"In Italien wüten heftige Waldbrände. Sie bedrohen Urlaubsregionen, bringen den Bahnverkehr zum Erliegen. Auch der Papst zeigt sich besorgt.",https://img.sparknews.funkemedien.de/412682304/412682304_1785089075_v16_9_1600.jpeg,2026-07-26T18:04:35Z,,Mehrere Waldbrände halten die Einsatzkräfte in Süditalien in Atem: Auf Sardinien musste wegen eines sich rasch ausbreitenden Feuers ein Seniorenheim evakuiert werden. Auch im Pollino-Nationalpark in … [+3287 chars],,de,'Waldbrände'
https://www.zeit.de/news/2026-07/27/schneider-waldbraende-mahnen-zu-vorfahrt-fuer-klimaschutz,https://www.zeit.de/news/2026-07/27/schneider-waldbraende-mahnen-zu-vorfahrt-fuer-klimaschutz,0,www.zeit.de,Inferno in Westeuropa: Schneider: Waldbrände mahnen zu «Vorfahrt» für Klimaschutz,Hier finden Sie Informationen zu dem Thema „Inferno in Westeuropa“. Lesen Sie jetzt „Schneider: Waldbrände mahnen zu «Vorfahrt» für Klimaschutz“.,https://img.zeit.de/news/2026-07/27/schneider-waldbraende-mahnen-zu-vorfahrt-fuer-klimaschutz-image-group/wide__1300x731,2026-07-27T02:30:28Z,,"Angesichts der Waldbrände in Westeuropa mahnt Bundesumweltminister Carsten Schneider dringend, den Klimaschutz voranzubringen. «Der Klimawandel ist bereits schmerzhafte Realität und er trifft unseren… [+1297 chars]",,de,'Waldbrände'
https://www.nzz.ch/mobilitaet/waldbraende-in-europa-neue-loeschflugzeuge-sind-kaum-verfuegbar-ld.10016896,https://www.nzz.ch/mobilitaet/waldbraende-in-europa-neue-loeschflugzeuge-sind-kaum-verfuegbar-ld.10016896,0,www.nzz.ch,Waldbrände in Europa: Neue Löschflugzeuge sind kaum verfügbar,"Während Wälder von Spanien bis Norddeutschland in Flammen stehen, existiert das neue Löschflugzeug DHC‑515 Canadair faktisch nur auf dem Papier. Die EU hat zwölf Maschinen bestellt, doch der Hersteller kann weder einen Liefertermin nennen noch die künftige Ja…","https://img-msp-prod.nzz.ch/2026/07/24/20688e45-09d1-4bd4-8406-aeff1afc3696.jpg?width=1200&height=675&fit=bounds&quality=75&auto=webp&crop=6000,3375,x0,y313&wmark=nzz",2026-07-27T03:30:00Z,,"Während Wälder von Spanien bis Norddeutschland in Flammen stehen, existiert das neue Löschflugzeug DHC515 Canadair faktisch nur auf dem Papier. Die EU hat zwölf Maschinen bestellt, doch der Herstelle… [+6701 chars]",,de,'Waldbrände'
https://www.zeit.de/gesellschaft/zeitgeschehen/2026-07/waldbraende-frankreich-spanien-bordeaux-gironde-madrid-evakuierung-gxe,https://www.zeit.de/gesellschaft/zeitgeschehen/2026-07/waldbraende-frankreich-spanien-bordeaux-gironde-madrid-evakuierung-gxe,0,www.zeit.de,Waldbrände in Frankreich und Spanien: Feuer in Südeuropa zwingen rund 300.000 Menschen zur Flucht,Flammen sind bis auf 15 Kilometer an Bordeaux vorgerückt. Der Bürgermeister lehnt eine Evakuierung bisher ab. Auch in Spanien sind weiterhin Waldbrände außer Kontrolle.,https://img.zeit.de/gesellschaft/zeitgeschehen/2026-07/waldbraende-frankreich-spanien-bordeaux-gironde-madrid-evakuierung-foto-1/wide__1300x731,2026-07-27T03:50:58Z,,Wegen der schweren Waldbrände in Spanien und an der südfranzösischen Atlantikküste sind in den beiden Ländern inzwischen mehr als 300.000 Menschen auf der Flucht. Die Flammen sind mittlerweile bis au… [+5761 chars],,de,'Waldbrände'
https://www.faz.net/aktuell/gesellschaft/ungluecke/mehr-als-200-000-menschen-vor-waldbraenden-bei-bordeaux-evakuiert-accg-201064886.html,https://www.faz.net/aktuell/gesellschaft/ungluecke/mehr-als-200-000-menschen-vor-waldbraenden-bei-bordeaux-evakuiert-accg-201064886.html,0,www.faz.net,Brände wüten weiter: Flammen kommen bis 15 Kilometer an Großraum Bordeaux heran,Die Waldbrände in Frankreich haben eine der größten Evakuierungsaktionen in der Geschichte des Landes ausgelöst. Auch Urlauber sind betroffen. Frankreich mobilisiert Soldaten.,https://media0.faz.net/image/w1200h627/a30cb5e89b4e/w5740h2999x0y414o/202607/43601.0.2372685226/ein-pariser-feuerwehrmann.webp,2026-07-27T04:43:23Z,,In Frankreich ist der verheerende Waldbrand nahe Bordeaux bis 15 Kilometer an die Grenzen des Großraums der Stadt herangerückt. Eine Evakuierung des rund eine Million Einwohner zählenden Großraums ko… [+4700 chars],,de,'Waldbrände'
https://orf.at/stories/3437372/,https://orf.at/stories/3437372/,0,orf.at,Anhaltende Hitze erschwert Löscharbeiten,Die Waldbrände in Westeuropa sind zu großem Teil weiter außer Kontrolle. Mehr als 300.000 Menschen sind inzwischen auf der Flucht. In Spanien wurden nahe Madrid und Valencia knapp 75.000 Menschen vorsorglich in Sicherheit gebracht. Im Südwesten Frankreichs rü…,https://ibs.orf.at/news?image=https%3A%2F%2Fassets.orf.at%2Fmims%2F2026%2F31%2F31%2Fcrops%2Fw%3D1200%2Ch%3D630%2Cq%3D75%2F3127961_master_1212331_klima_waldbraende_macron_mofr_afp.jpg%3Fs%3D403bc72a0fd236635e7a3d8f073241fb24a81312,2026-07-27T06:23:24Z,,"Frankreichs Innenminister Laurent Nunez sagte am Sonntag, die Lage vor den Toren von Bordeaux sei sehr ungünstig. Allein im Departement Gironde seien 42.000 Hektar Land verbrannt. 220.000 Menschen se… [+5507 chars]",,de,'Waldbrand Rauch'
https://www.faz.net/aktuell/gesellschaft/ungluecke/waldbrand-bei-peschici-400-menschen-per-schiff-evakuiert-accg-201067778.html,https://www.faz.net/aktuell/gesellschaft/ungluecke/waldbrand-bei-peschici-400-menschen-per-schiff-evakuiert-accg-201067778.html,0,www.faz.net,Italienische Adriaküste: 400 Menschen nach Waldbrand mit Schiffen evakuiert,"Wegen eines Waldbrands bei Peschici brachte die Küstenwache hunderte Urlauber per Schiff in Sicherheit. Der Einsatz dauert weiterhin an, die Lage sei aber „unter Kontrolle“, hieß es von Seiten des Bürgermeisters.",https://media0.faz.net/image/w1200h627/2915e2d5f35d/w2048h1070x0y41o/202607/43601.0.2374184074/400-touristen-und.webp,2026-07-27T07:32:41Z,,Nach der Ausbreitung eines Waldbrands an der südlichen Adriaküste sind in Italien hunderte Menschen mit Schiffen in Sicherheit gebracht worden. Insgesamt seien am Sonntag mehr als 400 Touristen und S… [+932 chars],,de,'Waldbrand'
https://www.zeit.de/news/2026-07/27/langsame-fortschritte-bei-waldbrand-bekaempfung-in-spanien,https://www.zeit.de/news/2026-07/27/langsame-fortschritte-bei-waldbrand-bekaempfung-in-spanien,0,www.zeit.de,Flammen im Urlaubsland: Langsame Fortschritte bei Waldbrand-Bekämpfung in Spanien,Hier finden Sie Informationen zu dem Thema „Flammen im Urlaubsland“. Lesen Sie jetzt „Langsame Fortschritte bei Waldbrand-Bekämpfung in Spanien“.,https://img.zeit.de/news/2026-07/27/langsame-fortschritte-bei-waldbrand-bekaempfung-in-spanien-image-group/wide__1300x731,2026-07-27T08:21:11Z,,"Bei der Bekämpfung der verheerenden Waldbrände in Spanien gibt es zwar Fortschritte, doch Innenminister Fernando Grande-Marlaska warnt vor verfrühtem Optimismus. «Die Lage bei den Bränden verbessert … [+2403 chars]",,de,'Waldbrand'
https://www.tagesspiegel.de/gesellschaft/panorama/frankreich-waldbrand-bei-bordeaux-lage-bleibt-uber-nacht-stabil-15884818.html,https://www.tagesspiegel.de/gesellschaft/panorama/frankreich-waldbrand-bei-bordeaux-lage-bleibt-uber-nacht-stabil-15884818.html,0,www.tagesspiegel.de,Frankreich: Waldbrand bei Bordeaux: Lage bleibt über Nacht stabil,Feuerwehren kämpfen weiterhin gegen den Waldbrand bei Bordeaux. Trotz stabiler Lage in der Nacht bleibt die Gefahr durch Hitze und Wind bestehen.,https://www.tagesspiegel.de/images/15885101/alternates/BASE_16_9_W1400/1785145464000/brande-in-frankreich.jpeg,2026-07-27T08:22:18Z,,"An der französischen Atlantikküste kämpft die Feuerwehr weiter mit einem Großaufgebot gegen den riesigen Waldbrand, der sich in der Nacht zum Montag aber nicht weiter gefährlich ausgedehnt hat. In de… [+1343 chars]",,de,'Waldbrand Wind'
https://www.nzz.ch/panorama/hitze-in-europa-deutsche-bundeswehr-hilft-in-frankreich-aus-langsame-fortschritte-bei-waldbrand-bekaempfung-in-spanien-ld.10008673,https://www.nzz.ch/panorama/hitze-in-europa-deutsche-bundeswehr-hilft-in-frankreich-aus-langsame-fortschritte-bei-waldbrand-bekaempfung-in-spanien-ld.10008673,0,www.nzz.ch,LIVE-TICKER - Hitze in Europa: Deutsche Bundeswehr hilft in Frankreich aus +++ Langsame Fortschritte bei Waldbrand-Bekämpfung in Spanien,"Wo ist es zurzeit besonders heiss? Und was sind die Auswirkungen auf die Menschen und die Umwelt? Die neuesten Meldungen über Hitzerekorde, Dürren und Brände in Europa.","https://img-msp-prod.nzz.ch/2026/07/25/4c333ed9-7e3a-403b-98b6-20919e3ecb71.jpg?width=1200&height=674&fit=bounds&quality=75&auto=webp&crop=7728,4346,x0,y806&wmark=nzz",2026-07-27T08:41:11Z,,"Bei der Bekämpfung der verheerenden Waldbrände in Spanien gibt es zwar Fortschritte, doch Innenminister Fernando Grande-Marlaska warnt vor verfrühtem Optimismus. «Die Lage bei den Bränden verbessert … [+703 chars]",,de,'Waldbrand heiss'
https://www.tagesspiegel.de/gesellschaft/panorama/ein-brand-wie-man-ihn-noch-nie-gesehen-hat-feuer-bei-bordeaux-noch-ausser-kontrolle--spanien-meldet-erste-fortschritte-15884802.html,https://www.tagesspiegel.de/gesellschaft/panorama/ein-brand-wie-man-ihn-noch-nie-gesehen-hat-feuer-bei-bordeaux-noch-ausser-kontrolle--spanien-meldet-erste-fortschritte-15884802.html,0,www.tagesspiegel.de,"„Ein Brand, wie man ihn noch nie gesehen hat“: Feuer bei Bordeaux noch außer Kontrolle – Spanien meldet erste Fortschritte",Die Lage in Frankreich und Spanien ist weiterhin ernst. In der Nähe von Bordeaux mussten Tausende Menschen wegen Waldbränden evakuiert werden. In Spanien sollen erste Bewohner zurückkehren dürfen.,https://www.tagesspiegel.de/images/15884907/alternates/BASE_16_9_W1400/1785142179000/brande-in-spanien.jpeg,2026-07-27T08:55:31Z,,"Im Südwesten Frankreichs versucht die Feuerwehr unter Hochdruck, die Waldbrände bei Bordeaux unter Kontrolle zu bringen. Die ganze Nacht auf Montag hindurch kämpften die Einsatzkräfte gegen das Flamm… [+5371 chars]",,de,'Waldbrände'
https://www.diepresse.com/39828705/waldbraende-in-suedeuropa-weitere-evakuierungen-aber-lage-etwas,https://www.diepresse.com/39828705/waldbraende-in-suedeuropa-weitere-evakuierungen-aber-lage-etwas,0,www.diepresse.com,"Waldbrände in Südeuropa: Weitere Evakuierungen, aber Lage etwas stabiler",Weniger Brandherde als am Vortag und weniger Wind verschaffen den Feuerwehren im Süden Europas nur bedingt eine Verschnaufpause. Die nächste Hitzewelle rollt bereits an und die Entwicklungen der Brände sind schwer vorherzusagen.,https://img.diepresse.com/public/incoming/evnuwf-imagost0727104800010862485037jpg/alternates/WEBP_WIDE_1200/imago_st_0727_10480001_0862485037.jpg,2026-07-27T10:03:25Z,,"Die Presse auf Google als bevorzugte Nachrichtenquelle hinzufügen.
 Bei den Waldbränden in Südeuropa bleibt die Lage prekär, insbesondere im Südwesten Frankreichs. Bei Bordeaux versuchte die Feuerwe… [+4678 chars]",,de,'Waldbrände'
https://www.faz.net/aktuell/gesellschaft/ungluecke/waldbrand-bei-bordeaux-bundeswehr-trifft-mit-hilfe-ein-accg-201068367.html,https://www.faz.net/aktuell/gesellschaft/ungluecke/waldbrand-bei-bordeaux-bundeswehr-trifft-mit-hilfe-ein-accg-201068367.html,0,www.faz.net,WaldBrand Frankreich: Tourismusminister: Bucht Urlaub um!,"Der Brand bei Bordeaux weitet sich nicht aus, aber ist längst nicht unter Kontrolle. Die Hilfe der Bundeswehr trifft ein, bevor eine neue Hitzewelle beginnt.",https://media0.faz.net/image/w1200h627/a882f7097ffe/w5928h3097x0y427o/202607/43601.0.2375521246/feuerwehrmann-im-einsatz-in.webp,2026-07-27T10:28:06Z,,"Leichte Regenfälle in der Nacht zu Montag haben dazu beigetragen, dass sich das Feuer südwestlich von Bordeaux nicht weiter ausgebreitet hat. Es habe im Laufe der Nacht keine nennenswerten Entwicklun… [+2152 chars]",,de,'Waldbrand Feuerwehr'
https://kaernten.orf.at/stories/3364390/,https://kaernten.orf.at/stories/3364390/,0,kaernten.orf.at,Waldbrände meistens menschengemacht,"Die nächste Hitzewelle steht bevor und durch die damit verbundene Trockenheit steigt auch die Sorge vor Wald- und Flurbränden. Österreichweit gab es heuer bereits 269 Waldbrände, mehr als 40 davon allein in Kärnten. Der Landesfeuerwehrverband appelliert an de…",https://ibs.orf.at/ktn?image=https%3A%2F%2Foekastatic.orf.at%2Fmims%2F2026%2F17%2F84%2Fcrops%2Fw%3D1200%2Ch%3D627%2Cq%3D75%2F3013945_master_1165784_warmuth_matthias_3.jpeg%3Fs%3Dd0469eb4635c3421f8848439f3faff9a70288e75,2026-07-27T10:35:02Z,,"Riesige Brände toben derzeit in Kanada, Frankreich und Spanien. Mit zunehmender Trockenheit drohen auch Österreich Waldbrände. Die Einsatzkräfte erlebten in den vergangenen Jahren mehrfach, wie herau… [+2257 chars]",,de,'Waldbrände'
https://www.bild.de/leben-wissen/reisen/feuer-hoelle-in-suedeuropa-was-deutsche-camper-jetzt-wissen-muessen-6a673217af6ce0e4365a4b67,https://www.bild.de/leben-wissen/reisen/feuer-hoelle-in-suedeuropa-was-deutsche-camper-jetzt-wissen-muessen-6a673217af6ce0e4365a4b67,0,www.bild.de,Feuer-Hölle in Südeuropa - Was deutsche Camper jetzt wissen müssen,"Waldbrände bedrohen Urlaubsregionen in Frankreich und Spanien. Erfahren Sie, wie Camper sich schützen, was sie mitnehmen und wann eine Erstattung möglich ist.","https://images.bild.de/6a673217af6ce0e4365a4b67/e8f6398c8a6d751c147df99a0f5958cc,66cbd00e?w=1280",2026-07-27T12:07:21Z,,"TTS-Player überspringenArtikel weiterlesenEs sollte ein unbeschwerter Urlaub werden: Mit dem Wohnwagen, Zelt oder Wohnmobil Richtung Südfrankreich. Höchstwahrscheinlich sind tausende deutsche Camper … [+2443 chars]",,de,'Waldbrände'
https://www.sueddeutsche.de/panorama/eu-bundeswehr-waldbraenden-frankreich-spanien-li.3522253,https://www.sueddeutsche.de/panorama/eu-bundeswehr-waldbraenden-frankreich-spanien-li.3522253,0,www.sueddeutsche.de,Waldbrände in Frankreich und Spanien: EU unterstützt bei Löscharbeiten – Bundeswehr schickt Hubschrauber nach Bordeaux,"Neben den EU-Ländern beteiligen sich zehn weitere an der Bekämpfung der Flammen. Eine neue Hitzewelle könnte die Lage verschärfen, befürchtet die französische Feuerwehr.",https://www.sueddeutsche.de/2026/07/27/a7df7ceb-b4fd-4904-89a5-c667bd5c8a48.jpg?q=60&fm=webp&width=1200&rect=0%2C209%2C4000%2C2250,2026-07-27T12:15:29Z,,Auch Deutschland beteiligt sich: Die Bundeswehr unterstützt Frankreich mit Hubschraubern bei der Bekämpfung der Waldbrände im Südwesten des Landes. Zwei CH-53-Transporthubschrauber seien am Vormittag… [+4029 chars],,de,'Waldbrände'
https://www.faz.net/aktuell/feuilleton/debatten/waldbraende-in-frankreich-und-spanien-europa-ist-in-der-aera-des-feuers-angekommen-201067970.html,https://www.faz.net/aktuell/feuilleton/debatten/waldbraende-in-frankreich-und-spanien-europa-ist-in-der-aera-des-feuers-angekommen-201067970.html,0,www.faz.net,Waldbrände im Süden: Europa ist in der Ära des Feuers angekommen,Von Bordeaux bis Madrid fressen sich die Flammen an die Großstädte heran. Die Dürre liefert den Auslöser – doch verödete Äcker und fehlendes Feuermanagement machen die Flammen erst unbeherrschbar.,https://media0.faz.net/image/w1200h627/d626af9de89b/w6523h3408x0y914o/202607/43601.0.2372483894/ein-feuerwehrmann-kaempft-im.webp,2026-07-27T12:22:07Z,,"Heftige, außer Kontrolle geratene Waldbrände das ist längst kein Thema von Australien oder Kalifornien. Auch in Frankreich, Spanien und Italien wüten gerade die Flammen, und das nicht zum ersten Mal.… [+2607 chars]",,de,'Waldbrände'
https://www.bild.de/news/ausland/waldbrand-in-suedfrankreich-uns-bleibt-keine-andere-wahl-6a667734fe2765826e0fe53e,https://www.bild.de/news/ausland/waldbrand-in-suedfrankreich-uns-bleibt-keine-andere-wahl-6a667734fe2765826e0fe53e,0,www.bild.de,Verzweifelter Kampf - Mit Gartenschläuchen gegen das Jahrhundert-Feuer,"Ein Waldbrand rast bei Saint-Hélène nahe Bordeaux auf die Häuser zu. Anwohner kämpfen mit Gartenschläuchen, bis Löschflugzeuge eingreifen.","https://images.bild.de/6a667734fe2765826e0fe53e/b3a94b91b5b1bc89892c711ab2d7b6ad,b85ed33?w=1280",2026-07-27T12:27:22Z,,"+++Porsche baut weitere 5000 Stellen ab
+++Porsche baut weitere 5000 Stellen ab
+++Porsche baut weitere 5000 Stellen ab
+++Porsche baut weitere 5000 Stellen ab
+++Porsche baut weitere 5000 Stelle… [+208 chars]",,de,'Waldbrand'
https://www.tagesschau.de/inland/gesellschaft/hitze-deutschland-148.html,https://www.tagesschau.de/inland/gesellschaft/hitze-deutschland-148.html,0,www.tagesschau.de,Nächste Hitzephase für Deutschland kündigt sich an,In Deutschland stehen wieder heiße Tage an: Bis zu 39 Grad sind im Laufe der Woche möglich - und auch die Nächte bringen wieder wenig Abkühlung. Mit der Hitze steigt auch das Risiko für Waldbrände.,https://images.tagesschau.de/image/f788dfc7-f46c-4553-8003-3bb3df490b59/AAABn6NxDAA/AAABnSSvrFg/16x9-big/balkon-sonnenschirme-100.jpg?width=1280,2026-07-27T12:30:49Z,,"Stand: 27.07.2026 14:30 Uhr
In Deutschland stehen wieder heiße Tage an: Bis zu 39 Grad sind im Laufe der Woche möglich - und auch die Nächte bringen wieder wenig Abkühlung. Mit der Hitze steigt auch… [+2900 chars]",,de,'Waldbrände'
https://www.morgenpost.de/panorama/article412666147/waldbrand-news-frankreich-spanien-europa-bundeswehr-unterstuetzung.html,https://www.morgenpost.de/panorama/article412666147/waldbrand-news-frankreich-spanien-europa-bundeswehr-unterstuetzung.html,0,www.morgenpost.de,Bundeswehr hilft Frankreich im Kampf gegen riesige Waldbrände,Die Bundeswehr schickt Hubschrauber und Material zur Unterstützung der Löscharbeiten gegen die schweren Waldbrände. News im Blog.,https://img.sparknews.funkemedien.de/412690915/412690915_1785158288_v16_9_1600.jpeg,2026-07-27T13:18:09Z,,"An der französischen Atlantikküste kämpft die Feuerwehr weiter mit einem Großaufgebot gegen den riesigen Waldbrand, der sich in der Nacht zum Montag aber nicht weiter gefährlich ausgedehnt hat. In de… [+932 chars]",,de,'Waldbrand Hitze'
https://www.tagesschau.de/ausland/braende-frankreich-spanien-italien-100.html,https://www.tagesschau.de/ausland/braende-frankreich-spanien-italien-100.html,0,www.tagesschau.de,Feuer in Südeuropa: Brände wüten weiter - Sorge vor neuer Hitze,Bei den verheerenden Waldbränden in Frankreich und Spanien hat sich die Lage teils etwas stabilisiert - doch die Einsatzkräfte blicken mit Sorge auf die Wettervorhersagen für die kommenden Tage. Auch in Italien sind Feuer ausgebrochen.,https://images.tagesschau.de/image/76c5de16-426f-4001-b981-2b6bd1d5377c/AAABn6PRWJo/AAABnSSvrFg/16x9-big/waldbrand-bordeaux-108.jpg?width=1280,2026-07-27T14:59:12Z,,"Stand: 27.07.2026 16:59 Uhr
Bei den verheerenden Waldbränden in Frankreich und Spanien hat sich die Lage teils etwas stabilisiert - doch die Einsatzkräfte blicken mit Sorge auf die Wettervorhersagen… [+4868 chars]",,de,'Waldbrände'
https://www.spektrum.de/news/waldbrand-feuer-wuetet-weiter-bei-bordeaux-rauch-macht-atmen-schwer/2336583,https://www.spektrum.de/news/waldbrand-feuer-wuetet-weiter-bei-bordeaux-rauch-macht-atmen-schwer/2336583,0,www.spektrum.de,Waldbrände in Frankreich: Feuer wütet weiter bei Bordeaux – Rauch macht Atmen schwer,"Feuerwehr und Soldaten kämpfen Tag und Nacht, doch das Inferno könnte noch Monate dauern. Eine neue Hitzewelle droht, Präsident Macron besucht die Region.",https://static.spektrum.de/fm/912/f1920x1080/GettyImages-2287136562.jpg,2026-07-27T15:10:06Z,,"Dieser Inhalt wurde automatisch von der Deutschen Presse-Agentur (dpa) übernommen und von Spektrum.de nicht redaktionell bearbeitet.
An der französischen Atlantikküste kämpft die Feuerwehr weiter mi… [+1027 chars]",,de,'Waldbrand Rauch'
https://www.zeit.de/news/2026-07/27/waldbrand-in-jueterbog-eingedaemmt,https://www.zeit.de/news/2026-07/27/waldbrand-in-jueterbog-eingedaemmt,0,www.zeit.de,Feuer auf altem Militärgelände: Waldbrand in Jüterbog eingedämmt,Hier finden Sie Informationen zu dem Thema „Feuer auf altem Militärgelände“. Lesen Sie jetzt „Waldbrand in Jüterbog eingedämmt“.,https://img.zeit.de/news/2026-07/27/waldbrand-in-jueterbog-eingedaemmt-image-group/wide__1300x731,2026-07-27T15:58:34Z,,"Der am Samstag ausgebrochene Waldbrand auf einem ehemaligen Truppenübungsgelände in Jüterbog ist laut Feuerwehr weitgehend eingedämmt. «Es brennen noch ein paar Baumstümpfe», sagte Stadtbrandmeister … [+1415 chars]",,de,'Waldbrand'
https://www.n-tv.de/panorama/Grossbrand-koennte-noch-Monate-andauern-id31130473.html,https://www.n-tv.de/panorama/Grossbrand-koennte-noch-Monate-andauern-id31130473.html,0,www.n-tv.de,"Feuer bei Bordeaux wütet weiter: Großbrand ""könnte noch Monate andauern""","An Frankreichs Atlantikküste wüten verheerende Waldbrände. Zwar stabilisiert sich die Situation stellenweise, doch die extreme Hitze verschärft die Lage weiter. Experten zufolge könnten sich die Löscharbeiten über einen langen Zeitraum ziehen.",https://www.n-tv.de/img/31128880/1785152734/Img_16_9/1200/Die-Feuerwehr-kaempft-an-der-Atlantikkueste-in-Frankreich-weiter-gegen-einen-riesigen-Waldbrand.jpg,2026-07-27T16:05:20Z,,"Während an der einen Stelle ein Brand gelöscht wird, bricht an anderer Stelle ein neuer aus. 
An Frankreichs Atlantikküste wüten verheerende Waldbrände. Zwar stabilisiert sich die Situation stellenw… [+4976 chars]",,de,'Waldbrände'
https://www.faz.net/aktuell/gesellschaft/ungluecke/waldbraende-in-portugal-ausgebrochen-201070437.html,https://www.faz.net/aktuell/gesellschaft/ungluecke/waldbraende-in-portugal-ausgebrochen-201070437.html,0,www.faz.net,Hitze in Europa: Jetzt wird auch Portugal von Waldbränden heimgesucht,In den vergangenen Wochen ist Portugal von Waldbränden weitgehend verschont geblieben. Nun breiten sich bei Temperaturen von 39 Grad Flammen aus.,https://media0.faz.net/image/w1200h627/92177ae70611/w7056h3686x0y141o/202607/43601.0.2301986551/um-die-flammen-zu-bekaempfen.webp,2026-07-27T17:45:06Z,,Nach Spanien und Frankreich sind auch in Portugal mehrere Waldbrände ausgebrochen. Mehr als tausend Einsatzkräfte kämpften am Montagnachmittag gegen die Flammen in Buschlandschaften im Zentrum und im… [+1274 chars],,de,'Waldbrand Unterstützung'
https://www.zeit.de/gesellschaft/zeitgeschehen/2026-07/waldbrand-suedwestfrankreich-emmanuel-macron-loeschkraefte,https://www.zeit.de/gesellschaft/zeitgeschehen/2026-07/waldbrand-suedwestfrankreich-emmanuel-macron-loeschkraefte,0,www.zeit.de,Waldbrände in Frankreich: Emmanuel Macron ruft wegen heftiger Waldbrände zum Zusammenhalt auf,Frankreichs Präsident besucht das Waldbrandgebiet im Westen des Landes. Dabei spricht er Einsatzkräften und der Bevölkerung Mut zu: »Wir werden diesen Kampf gewinnen.«,https://img.zeit.de/gesellschaft/zeitgeschehen/2026-07/waldbrand-suedwestfrankreich-emmanuel-macron-loeschkraefte-foto-1/wide__1300x731,2026-07-27T18:51:36Z,,Der französische Präsident Emmanuel Macron hat bei einem Besuch im Waldbrandgebiet an das Durchhaltevermögen der Einsatzkräfte appelliert. Sie dürften bei der Bekämpfung des riesigen Waldbrands nicht… [+1118 chars],,de,'Waldbrände'
https://www.zeit.de/news/2026-07/28/hitzewelle-naht-feuer-bei-bordeaux-bleibt-herausforderung,https://www.zeit.de/news/2026-07/28/hitzewelle-naht-feuer-bei-bordeaux-bleibt-herausforderung,0,www.zeit.de,Waldbrände: Hitzewelle naht – Feuer bei Bordeaux bleibt Herausforderung,Hier finden Sie Informationen zu dem Thema „Waldbrände“. Lesen Sie jetzt „Hitzewelle naht – Feuer bei Bordeaux bleibt Herausforderung“.,https://img.zeit.de/news/2026-07/28/hitzewelle-naht-feuer-bei-bordeaux-bleibt-herausforderung-image-group/wide__1300x731,2026-07-28T00:00:04Z,,"Vor Beginn einer neuen Hitzewelle in Frankreich versucht die Feuerwehr, die an der Atlantikküste wütenden Waldbrände weiter einzudämmen. Während der größere der beiden Brände bei Bordeaux den Einsatz… [+3293 chars]",,de,'Waldbrände'
https://www.tagesspiegel.de/gesellschaft/panorama/waldbrande-waldbrande-bei-bordeaux-wieder-tausende-touristen-evakuiert-15886982.html,https://www.tagesspiegel.de/gesellschaft/panorama/waldbrande-waldbrande-bei-bordeaux-wieder-tausende-touristen-evakuiert-15886982.html,0,www.tagesspiegel.de,Waldbrände: Waldbrände bei Bordeaux: Wieder Tausende Touristen evakuiert,"Frankreich und Spanien kämpfen weiter gegen ausgedehnte Waldbrände. Einsatzkräfte feiern erste Erfolge, doch die hohen Temperaturen erschweren die Löscharbeiten.",https://www.tagesspiegel.de/images/15889830/alternates/BASE_16_9_W1400/1785243975000/waldbrande-in-frankreich.jpeg,2026-07-28T00:01:37Z,,"Angesichts einer neuen Hitzewelle in Frankreich versucht die Feuerwehr mit allen Mitteln, die an der Atlantikküste wütenden Waldbrände in den Griff zu bekommen. Während der größere der beiden Brände … [+5037 chars]",,de,'Waldbrände'
https://www.n-tv.de/panorama/Macron-meldet-Teilerfolg-bei-Waldbrand-Bekaempfung-id31131184.html,https://www.n-tv.de/panorama/Macron-meldet-Teilerfolg-bei-Waldbrand-Bekaempfung-id31131184.html,0,www.n-tv.de,Vor nahender Hitzewelle: Macron meldet Teilerfolg bei Waldbrand-Bekämpfung,"An der französischen Atlantikküste kämpfen Tausende Einsatzkräfte gegen die Flammen. Frankreichs Präsident Macron verkündet, dass einer der beiden großen Brände inzwischen unter Kontrolle sei. Vor einer neuen Hitzewelle bleibt die Situation aber schwierig.",https://www.n-tv.de/img/31131185/1785209346/Img_16_9/1200/A-De-Havilland-Canada-DHC-8-400-Dash-8-operated-by-the-French-civil-defense-agency-drops-fire-retardant-as-wildfires-rage-near-Marcheprime-outside-Bordeaux-France-Monday-July-27-2026.jpg,2026-07-28T01:43:02Z,,"Vor nahender HitzewelleMacron meldet Teilerfolg bei Waldbrand-Bekämpfung
Eine von der französischen Zivilschutzbehörde eingesetzte De Havilland DHC-8-400 wirft Löschmittel vor den Toren von Bordeaux… [+3761 chars]",,de,'Waldbrand'
https://www.morgenpost.de/panorama/article412666147/waldbrand-suedeuropa-spanien-frankreich-hitze-flammen-gefahr.html,https://www.morgenpost.de/panorama/article412666147/waldbrand-suedeuropa-spanien-frankreich-hitze-flammen-gefahr.html,0,www.morgenpost.de,Waldbrände in Frankreich: Wetterdienst warnt vor neuer Hitzewelle,Die Bundeswehr schickt Hubschrauber und Material zur Unterstützung der Löscharbeiten gegen die schweren Waldbrände. News im Blog.,https://img.sparknews.funkemedien.de/412694771/412694771_1785215060_v16_9_1600.jpeg,2026-07-28T05:04:21Z,,"An der französischen Atlantikküste kämpft die Feuerwehr weiter mit einem Großaufgebot gegen den riesigen Waldbrand, der sich in der Nacht zum Montag aber nicht weiter gefährlich ausgedehnt hat. In de… [+932 chars]",,de,'Waldbrände'
https://www.tagesschau.de/ausland/europa/braende-frankreich-spanien-120.html,https://www.tagesschau.de/ausland/europa/braende-frankreich-spanien-120.html,0,www.tagesschau.de,Hitzewelle schürt Sorge vor Ausbreitung von Waldbränden in Europa,Seit Tagen lodern im Südwesten Frankreichs und in Spanien verheerende Waldbrände. Zuletzt sprachen beide Länder von leichten Fortschritten im Kampf gegen die Flammen. Doch nun naht die nächste Hitzeperiode.,https://images.tagesschau.de/image/d8f90290-b621-4989-afa6-7e599aac405b/AAABn6dOYpY/AAABnSSvrFg/16x9-big/frankreich-brand-bordeaux-100.jpg?width=1280,2026-07-28T05:59:20Z,,"Stand: 28.07.2026 07:59 Uhr
Seit Tagen lodern im Südwesten Frankreichs und in Spanien verheerende Waldbrände. Zuletzt sprachen beide Länder von leichten Fortschritten im Kampf gegen die Flammen. Doc… [+4199 chars]",,de,'Waldbrand Häuser'
https://www.telepolis.de/article/Waldbraende-in-Europa-Warum-die-Feuer-ausser-Kontrolle-geraten-11378648.html,https://www.telepolis.de/article/Waldbraende-in-Europa-Warum-die-Feuer-ausser-Kontrolle-geraten-11378648.html,0,www.telepolis.de,Waldbrände in Europa: Warum die Feuer außer Kontrolle geraten,"Frankreich, Spanien, Italien und Portugal kämpfen gegen Hitze und Megabrände. Experten warnen: Das neue Feuerregime könnte bald auch Mitteleuropa erreichen.",https://heise.cloudimg.io/bound/1200x1200/q85.png-lossy-85.webp-lossy-85.foil1/_www-heise-de_/imgs/18/5/1/2/4/3/8/3/waldbrand2-28d9538c581f11f2.jpg,2026-07-28T06:00:00Z,,"Frankreich, Spanien, Italien und Portugal kämpfen gegen Hitze und Megabrände. Experten warnen: Das neue Feuerregime könnte bald auch Mitteleuropa erreichen.
Seit Wochen wüten in Frankreich unkontrol… [+7306 chars]",,de,'Waldbrand Gebäude'
https://www.n-tv.de/wissen/Was-befeuert-die-Braende-in-Frankreich-und-Spanien-id31131501.html,https://www.n-tv.de/wissen/Was-befeuert-die-Braende-in-Frankreich-und-Spanien-id31131501.html,0,www.n-tv.de,Historische Feuer-Saison: Was befeuert die Brände in Frankreich und Spanien?,"In Spanien und Frankreich wüten gewaltige Brände und erreichen teils historische Rekordwerte. Dabei ist die Waldbrand-Saison noch lange nicht vorbei - im Gegenteil, eigentlich geht sie im August erst so richtig los. Die wichtigsten Fragen und Antworten.",https://www.n-tv.de/img/31131521/1785223318/Img_16_9/1200/BASSIN-D-ARCACHON-GIRONDE-FRANCE-26-JUILLET-2026-Vue-generale-des-zones-touchees-par-les-incendies-entre-Le-Porge-Lacanau-Blagon-sur-la-route-de-Marcheprime-et-a-Somos-ou-le-feu-a-debute-montrant-les-destructions-d-habitations-la-foret-calcinee-la-solidarite-des-agriculteurs-et-des-habitants-aux-cotes-des-pompiers-avec-leurs-propres-citernes-pour-lutter-contre-les-redeparts-de-feux-ainsi-que-les-panneaux-signalant-les-communes-frappees-L-appui-aerien-des-Canadairs-est-egalement-deploye-BASSIN-D-ARCACHON-GIRONDE-FRANCE-JULY-26-2026-General-view-of-the-wildfire-affected-areas-between-Le-Porge-Lacanau-Blagon-along-the-road-to-Marcheprime-and-Somos-where-the-fire-broke-out-showing-destroyed-homes-charred-forests-the-solidarity-of-local-farmers-and-residents-joining-firefighters-with-their-own-water-tankers-to-tackle-flare-ups-and-road-signs-indicating-the-hit-towns-Aerial-support-from-Canadair-waterbombers-is-also-deployed.jpg,2026-07-28T06:17:03Z,,"Die Schweizer Klimawissenschaftlerin Julia Miller geht davon aus, dass in den kommenden Wochen noch weitere schlimme Waldbrände folgen. (Foto: picture alliance / SIPA)
In Spanien wütet der größte Wa… [+5641 chars]",,de,'Waldbrand'
https://www.tagesschau.de/ausland/europa/braende-europa-frankreich-spanien-faq-100.html,https://www.tagesschau.de/ausland/europa/braende-europa-frankreich-spanien-faq-100.html,0,www.tagesschau.de,Waldbrände in Europa - Warum wüten die Feuer diesmal so heftig?,"Die Zerstörung durch die Brände in Frankreich und Spanien ist massiv. Doch warum wüten die Feuer so extrem? Was sind ""Feuerwolken""? Und muss auch Deutschland künftig mit so schweren Bränden rechnen?",https://images.tagesschau.de/image/dfa56d9c-e439-412f-a59a-f1cbbb8a486d/AAABn6edp5I/AAABnSSvrFg/16x9-big/waldbrand-frankreich-bordeaux-100.jpg?width=1280,2026-07-28T07:25:55Z,,"Stand: 28.07.2026 09:25 Uhr
Die Zerstörung durch die Brände in Frankreich und Spanien ist massiv. Doch warum wüten die Feuer so extrem? Was sind ""Feuerwolken""? Und muss auch Deutschland künftig mit … [+7077 chars]",,de,'Waldbrand Hektar'
https://www.dw.com/de/bordeaux-waldbraende-feuer-flammen-frankreich-urlauber-touristen-spanien-portugal-macron/a-78139462,https://www.dw.com/de/bordeaux-waldbraende-feuer-flammen-frankreich-urlauber-touristen-spanien-portugal-macron/a-78139462,0,www.dw.com,Frankreich: Waldbrände stoppen Tourismus - neue Hitzewelle,Einsatzkräfte in Frankreich und Spanien kämpfen unter Hochdruck gegen die verheerenden Feuer. Der Brand bei Bordeaux ist noch nicht unter Kontrolle. Auch Portugal meldet nun mehrere Waldbrände. In Südwesteuropa wüten weiter die schlimmsten Wald- und Buschbrän…,https://static.dw.com/image/78138928_6.jpg,2026-07-28T08:32:00Z,,In Südwesteuropa wüten weiter die schlimmsten Wald- und Buschbrände seit Jahrzehnten - und von diesem Dienstag an droht eine neue Hitzewelle. Frankreichs Präsident Emmanuel Macron warnte beim Besuch … [+3800 chars],,de,'Waldbrände'
https://science.orf.at/stories/3236677/,https://science.orf.at/stories/3236677/,0,science.orf.at,Warum die Waldbrände Rekorde brechen,"In Spanien wütet der größte Waldbrand in der jüngeren Geschichte des Landes. In Frankreich erreichen die Feuer mit etwa 100.000 Hektar verbrannter Fläche seit Jahresbeginn einen historischen Rekordwert. Dafür gibt es viele Ursachen, die durch den Klimawandel …",https://ibs.orf.at/science?image=https%3A%2F%2Ftubestatic.orf.at%2Fmims%2F2026%2F31%2F27%2Fcrops%2Fw%3D1200%2Ch%3D627%2Cq%3D75%2F3129316_master_1212827_2026-07-25t224716z_327087960_rc2almaa4iwq_rtrmadp_3_europe-weather-france-wildfire.jpg%3Fs%3D0d95feed0b9d7d90a4846cecd6eba46e4db448d5,2026-07-28T08:33:44Z,,"Dass die Waldbrände in Frankreich und Spanien so gewaltige Ausmaße annehmen konnten, sei nicht zuletzt auf die starken Niederschläge im Jänner und Februar in dieser Region zurückzuführen, sagt die Kl… [+4669 chars]",,de,'Waldbrand trocken'
https://www.faz.net/aktuell/gesellschaft/ungluecke/eine-expertin-erklaert-das-ausmass-der-waldbraende-in-frankreich-accg-201071852.html,https://www.faz.net/aktuell/gesellschaft/ungluecke/eine-expertin-erklaert-das-ausmass-der-waldbraende-in-frankreich-accg-201071852.html,0,www.faz.net,Waldbrände in Frankreich: „Der Klimawandel ist schneller als wir Waldschützer“,"Warum sind die Waldbrände im Südwesten Frankreichs in diesem Sommer so verheerend? Marion Toutchkov, Expertin der staatlichen französischen Forstbehörde ONF, gibt Antworten.",https://media0.faz.net/image/w1200h627/a095b10bf543/w6000h3135x0y433o/202607/43601.0.2376965539/in-flammen-waldbrand-in-saint.webp,2026-07-28T10:04:53Z,,"Frau Toutchkov, wie konnte sich das Feuer an der französischen Atlantikküste so schnell ausbreiten und bis auf das Ballungsgebiet von Bordeaux vorrücken?
Der wichtigste Faktor ist das Wetter. Wir er… [+3485 chars]",,de,'Waldbrände Klimawandel'
https://www.morgenpost.de/panorama/article402304228/waldbrand-waldbraende-europa-ursachen-feuer-hitze-gruende-ausloeser.html,https://www.morgenpost.de/panorama/article402304228/waldbrand-waldbraende-europa-ursachen-feuer-hitze-gruende-ausloeser.html,0,www.morgenpost.de,Brandstiftung oder Blitzschlag? So entstehen verheerende Waldbrände,Extreme Hitze und ausgetrocknete Vegetation sorgen im Süden Europas für zahlreiche Waldbrände. Doch die Ursachen liegen oft beim Menschen.,https://img.sparknews.funkemedien.de/412698515/412698515_1785236149_v16_9_1600.jpeg,2026-07-28T10:55:49Z,,Einmal mehr ächzt der Süden Europas auch im Sommer 2026 unter extremer Hitze. Temperaturen deutlich über 30 Grad machen den Menschen in vielen Regionen rund um das Mittelmeer zu schaffen und trocknen… [+3007 chars],,de,'Waldbrände'
https://orf.at/stories/3437503/,https://orf.at/stories/3437503/,0,orf.at,Entscheidende Stunden vor neuer Hitze,"In den Waldbrandgebieten in Spanien und Frankreich rüsten sich die Einsatzkräfte für einen neuen Anstieg der Temperaturen. Auch wenn es inzwischen kleinere Fortschritte bei der Brandbekämpfung gab, dürfte die erwartete Hitze wieder für erschwerte Bedingungen …",https://ibs.orf.at/news?image=https%3A%2F%2Fassets.orf.at%2Fmims%2F2026%2F31%2F89%2Fcrops%2Fw%3D1200%2Ch%3D630%2Cq%3D75%2F3129439_master_1212889_klima_waldbraende_spanien_dimi_r.jpg%3Fs%3D76acda16b3a50f1ae334d45723984e6ef178acab,2026-07-28T11:06:59Z,,"Die Nacht sei positiv verlaufen, sagte Spaniens Innenminister Fernando Grande-Marlaska am Dienstag über die Waldbrände westlich von Madrid. Dank des enormen Einsatzes der Helfer konnten Fortschritte … [+3675 chars]",,de,'Waldbrand'
https://www.diepresse.com/39992194/feuerbrunst-in-suedeuropa-eine-hitzewelle-bringt-noch-keinen-waldbrand,https://www.diepresse.com/39992194/feuerbrunst-in-suedeuropa-eine-hitzewelle-bringt-noch-keinen-waldbrand,0,www.diepresse.com,Feuerbrunst in Südeuropa: „Eine Hitzewelle bringt noch keinen Waldbrand“ [premium],"Wälder in Frankreich und Spanien stehen in Flammen. Der „feuerspeiende Drache“ (Copyright NASA) verwandelt das Ferienidyll in eine Mondlandschaft. Der Klimawandel alleine ist nicht schuld daran, sagt ein Experte. Das Inferno im Herzen Europas hat auch einen a…",https://img.diepresse.com/public/incoming/7t1gfm-afpc3d699jjpg/alternates/WEBP_WIDE_1200/AFP_C3D699J.jpg,2026-07-28T13:46:18Z,,"Kurz vor der nächsten Hitzewelle brennen die Wälder im Süden Europas lichterloh. Frankreich, Spanien, Italien, Portugal: In Summe ging bis Mitte der Ferien heuer schon deutlich mehr europäischer Wald… [+3653 chars]",,de,'Waldbrand Hitze'
https://www.morgenpost.de/panorama/article412696488/die-hoelle-existiert-spaniens-waldbrand-betroffene-stehen-vor-dem-nichts.html,https://www.morgenpost.de/panorama/article412696488/die-hoelle-existiert-spaniens-waldbrand-betroffene-stehen-vor-dem-nichts.html,0,www.morgenpost.de,„Die Hölle existiert“: Spaniens Waldbrand-Betroffene stehen vor dem Nichts,Nach den schweren Waldbränden nahe Madrid kehren die ersten Evakuierten zurück nach Hause. Doch viele erwartet dort nur verbrannte Erde.,https://img.sparknews.funkemedien.de/412698470/412698470_1785247487_v16_9_1600.jpeg,2026-07-28T14:04:47Z,,"Es beginnt mit Asche. Zuerst sind es nur ein paar graue Flocken, die lautlos auf Autos und Hausdächern niedergehen. Dann wird der Rauch dichter. Die Sonne verschwindet hinter einem braungrauen Schlei… [+5701 chars]",,de,'Waldbrand'
https://www.faz.net/aktuell/gesellschaft/ungluecke/der-einsatz-von-loeschflugzeugen-gegen-waldbraende-ist-gefaehrlich-201071972.html,https://www.faz.net/aktuell/gesellschaft/ungluecke/der-einsatz-von-loeschflugzeugen-gegen-waldbraende-ist-gefaehrlich-201071972.html,0,www.faz.net,Löschflugzeuge: Im gefährlichen Luftkampf gegen die Flammen,Löschflugzeuge spielen beim Kampf gegen die Waldbrände eine entscheidende Rolle. Doch die Einsätze sind für die Piloten riskant – und trotz des großen Bedarfs ist die Zahl der Flugzeuge limitiert.,https://media0.faz.net/image/w1200h627/cb4a3e330fe6/w3454h1804x0y69o/202607/43601.0.2376963890/brandbekaempfung-aus-der-luft.webp,2026-07-28T17:35:54Z,,Der Kampf gegen die Waldbrände im Südwesten Europas scheint kein Ende zu nehmen. Eine neue Hitzewelle mit Temperaturen von mehr als 40 Grad droht nun in den nächsten Tagen die Löscharbeiten der Feuer… [+6414 chars],,de,'Waldbrände'
https://www.zeit.de/gesellschaft/zeitgeschehen/2026-07/waldbraende-spanien-kanaren-evakuierung-feuer,https://www.zeit.de/gesellschaft/zeitgeschehen/2026-07/waldbraende-spanien-kanaren-evakuierung-feuer,0,www.zeit.de,Waldbrände in Frankreich und Spanien: Tausende Menschen dürfen nach Waldbränden in ihre Häuser zurückkehren,Die Behörden in Frankreich und Spanien heben die Evakuierungsmaßnahmen infolge von Waldbränden in mehreren Gebieten auf. Die Feuer sind jedoch noch nicht gelöscht.,https://img.zeit.de/gesellschaft/zeitgeschehen/2026-07/waldbraende-spanien-kanaren-evakuierung-feuer-foto-1/wide__1300x731,2026-07-28T17:48:09Z,,"Nach schweren Waldbränden in Frankreich und Spanien dürfen Tausende Menschen in ihre Häuser zurückkehren. Allein in der Region Madrid sollten Evakuierungsanordnungen 
für rund 20.000 Menschen aufgeh… [+1885 chars]",,de,'Waldbrände'
https://www.welt.de/videos/video6a68e0faa17ee9f1dfd820e3/waldbrand-bei-bordeaux-ein-katz-und-maus-spiel-die-flaeche-ist-mittlerweile-groesser-als-koeln.html,https://www.welt.de/videos/video6a68e0faa17ee9f1dfd820e3/waldbrand-bei-bordeaux-ein-katz-und-maus-spiel-die-flaeche-ist-mittlerweile-groesser-als-koeln.html,0,www.welt.de,„Ein Katz-und-Maus-Spiel. Die Fläche ist mittlerweile größer als Köln“,"Ein verheerender Waldbrand nahe Bordeaux zerstört eine Fläche größer als Köln. 220.000 Menschen wurden evakuiert. Feuerwehr und Militär kämpfen mit Löschflugzeugen und Brandschneisen gegen die Flammen, berichtet Reporter Thorsten Kremer.",https://images.welt.de/6a68e0faa17ee9f1dfd820e3/20593130c47b7cd91575443517dc192f-master/ci16x9-w1200/dpa-com-260728-935-1508986-jpg,2026-07-28T19:35:26Z,,Ein verheerender Waldbrand nahe Bordeaux zerstört eine Fläche größer als Köln. 220.000 Menschen wurden evakuiert. Feuerwehr und Militär kämpfen mit Löschflugzeugen und Brandschneisen gegen die Flamme… [+97 chars],,de,'Waldbrand Feuerwehr'
https://www.diepresse.com/40177665/feuerwehren-kaempfen-im-tiroler-unterland-gegen-waldbrand,https://www.diepresse.com/40177665/feuerwehren-kaempfen-im-tiroler-unterland-gegen-waldbrand,0,www.diepresse.com,Feuerwehren kämpfen im Tiroler Unterland gegen Waldbrand,Rund 1000 Quadratmeter sind betroffen. Der Einsatz beim Wilden Kaiser wird am Mittwoch fortgesetzt.,https://www.diepresse.com/assets_v2/images/diepresse_nachrichten.png,2026-07-28T19:53:54Z,,"Die Presse auf Google als bevorzugte Nachrichtenquelle hinzufügen.
 Ein Waldbrand bei Scheffau am Wilden Kaiser im Tiroler Unterland (Bezirk Kufstein) hat Dienstagnachmittag einen Feuerwehr-Großeins… [+1076 chars]",,de,'Waldbrand Feuerwehr'
https://www.zeit.de/news/2026-07/29/waldbraende-bei-bordeaux-feuerwehr-kaempft-gegen-neue-flammen,https://www.zeit.de/news/2026-07/29/waldbraende-bei-bordeaux-feuerwehr-kaempft-gegen-neue-flammen,0,www.zeit.de,Waldbrände: Waldbrände bei Bordeaux: Feuerwehr kämpft gegen neue Flammen,Hier finden Sie Informationen zu dem Thema „Waldbrände“. Lesen Sie jetzt „Waldbrände bei Bordeaux: Feuerwehr kämpft gegen neue Flammen“.,https://img.zeit.de/news/2026-07/29/waldbraende-bei-bordeaux-feuerwehr-kaempft-gegen-neue-flammen-image-group/wide__1300x731,2026-07-28T23:00:05Z,,Die Feuerwehr setzt ihren Kampf gegen wiederaufflammende Brände in der Region bei Bordeaux an der französischen Atlantikküste auch in der Nacht fort. Mit Start einer neuen Hitzewelle mit Temperaturen… [+4904 chars],,de,'Waldbrände'
https://www.tagesspiegel.de/gesellschaft/panorama/waldbrande-hitzewelle-und-trockener-wind-treiben-brande-in-sudeuropa-an-15891162.html,https://www.tagesspiegel.de/gesellschaft/panorama/waldbrande-hitzewelle-und-trockener-wind-treiben-brande-in-sudeuropa-an-15891162.html,0,www.tagesspiegel.de,Waldbrände: Hitzewelle und trockener Wind treiben Brände in Südeuropa an,"Nach Frankreich und Spanien treffen ausufernde Waldbrände nun die Urlaubsländer Türkei und Griechenland. Extreme Hitze und Trockenheit begünstigen die Feuer, die Menschen aus ihren Häusern treiben.",https://www.tagesspiegel.de/images/15895594/alternates/BASE_16_9_W1400/1785341796000/waldbrande-in-frankreich.jpeg,2026-07-28T23:01:17Z,,Von einer Hitzewelle und kräftigem Wind angeheizte Brände greifen in Südeuropa um sich und stellen Feuerwehrkräfte und die Bevölkerung vor eine extreme Herausforderung. In Frankreich und Spanien konz… [+5290 chars],,de,'Waldbrände'
https://www.tagesspiegel.de/gesellschaft/panorama/waldbrande-waldbrande-bei-bordeaux-feuerwehr-kampft-gegen-neue-flammen-15891162.html,https://www.tagesspiegel.de/gesellschaft/panorama/waldbrande-waldbrande-bei-bordeaux-feuerwehr-kampft-gegen-neue-flammen-15891162.html,0,www.tagesspiegel.de,Waldbrände: Waldbrände bei Bordeaux: Feuerwehr kämpft gegen neue Flammen,Häuser zerstört und die Landschaft verwüstet: Die Brände hinterlassen eine apokalyptische Landschaft. Und eine neue Hitzewelle lässt die Feuerwehr bangen.,https://www.tagesspiegel.de/images/15891161/alternates/BASE_16_9_W1400/1785279677000/waldbrande-in-frankreich.jpeg,2026-07-28T23:01:17Z,,Die Feuerwehr setzt ihren Kampf gegen wiederaufflammende Brände in der Region bei Bordeaux an der französischen Atlantikküste auch in der Nacht fort. Mit Start einer neuen Hitzewelle mit Temperaturen… [+4964 chars],,de,'Waldbrände'
https://www.tagesspiegel.de/gesellschaft/panorama/feuer-im-urlaubsland-waldbrande-bei-madrid-zehntausende-kehren-zuruck-15891162.html,https://www.tagesspiegel.de/gesellschaft/panorama/feuer-im-urlaubsland-waldbrande-bei-madrid-zehntausende-kehren-zuruck-15891162.html,0,www.tagesspiegel.de,Feuer im Urlaubsland: Waldbrände bei Madrid: Zehntausende kehren zurück,"Während sich die Lage rund um Madrid entspannt, bleibt ein Großbrand im Osten Spaniens außer Kontrolle. Unterdessen beginnt im Urlaubsland die vierte Hitzewelle des Sommers. Sie bereitet Sorgen.",https://www.tagesspiegel.de/images/15892262/alternates/BASE_16_9_W1400/1785313038000/waldbrande-in-spanien.jpeg,2026-07-28T23:01:17Z,,Nach fast einer Woche der Angst und Ungewissheit kehren Zehntausende in den Waldbrandgebieten rund um Madrid in ihre Häuser zurück. Die Behörden hoben Evakuierungen und Ausgangsbeschränkungen für 19 … [+2203 chars],,de,'Waldbrände'
https://www.tagesspiegel.de/gesellschaft/panorama/waldbrande-hitze-erschwert-loscheinsatze-in-frankreich-und-spanien-15891162.html,https://www.tagesspiegel.de/gesellschaft/panorama/waldbrande-hitze-erschwert-loscheinsatze-in-frankreich-und-spanien-15891162.html,0,www.tagesspiegel.de,Waldbrände: Hitze erschwert Löscheinsätze in Frankreich und Spanien,"Feuerwehr und Freiwillige kämpfen bei großer Hitze gegen neue Brandherde in Frankreich und Spanien. Erste Evakuierte dürfen zurück, doch die Gefahr bleibt bestehen.",https://www.tagesspiegel.de/images/15894253/alternates/BASE_16_9_W1400/1785326444000/waldbrande-in-frankreich.jpeg,2026-07-28T23:01:17Z,,Angesichts einer neuen Hitzewelle kämpft die Feuerwehr in den Waldbrandgebieten in Frankreich und Spanien unter Hochdruck gegen ein Wiederaufflammen der Feuer. Zehntausende Evakuierte in beiden Lände… [+4173 chars],,de,'Waldbrände'
https://www.nzz.ch/international/so-eine-brandgeschwindigkeit-habe-ich-noch-nie-erlebt-sagt-einer-der-in-spanien-vor-den-waldbraenden-fluechten-musste-ld.10017185,https://www.nzz.ch/international/so-eine-brandgeschwindigkeit-habe-ich-noch-nie-erlebt-sagt-einer-der-in-spanien-vor-den-waldbraenden-fluechten-musste-ld.10017185,0,www.nzz.ch,"«So eine Brandgeschwindigkeit habe ich noch nie erlebt», sagt einer, der in Spanien vor den Waldbränden flüchten musste",Zehntausende wurden in der Provinz Castellón bei Valencia vor den Flammen evakuiert. Nach der Flut vor eineinhalb Jahren die zweite Katastrophenlage innert kürzester Zeit. Wie gehen die Menschen vor Ort mit dem Teufelskreis zwischen Feuer und Wasser um? Ein A…,"https://img-msp-prod.nzz.ch/2026/07/28/9119a4f5-ea9c-4d37-823f-7d7840514e96.jpg?width=1200&height=675&fit=bounds&quality=75&auto=webp&crop=3543,1993,x0,y63&wmark=nzz",2026-07-29T03:30:00Z,,Zehntausende wurden in der Provinz Castellón bei Valencia vor den Flammen evakuiert. Nach der Flut vor eineinhalb Jahren die zweite Katastrophenlage innert kürzester Zeit. Wie gehen die Menschen vor … [+9381 chars],,de,'Waldbrand Rauch'
https://www.bild.de/news/ausland/waldbraende-in-spanien-eine-rentnerin-88-will-ihr-dorf-nicht-verlassen-6a688b2fa17ee9f1dfd8181b,https://www.bild.de/news/ausland/waldbraende-in-spanien-eine-rentnerin-88-will-ihr-dorf-nicht-verlassen-6a688b2fa17ee9f1dfd8181b,0,www.bild.de,Feuer-Hölle Spanien - Außer Maria (88) sind fast alle geflüchtet,"In Spanien bleibt Maria trotz historischer Waldbrände allein in ihrem Haus. Rauch erschwert das Atmen, während Einsatzkräfte gegen die Flammen kämpfen.","https://images.bild.de/6a688b2fa17ee9f1dfd8181b/24507d3efe0bc3d18aaa37789baa2a65,be45038c?w=1280",2026-07-29T05:06:57Z,,"TTS-Player überspringenArtikel weiterlesenNavaluenga (Spanien) Dichter Rauch färbt den Himmel grau, ein beißender Geruch liegt in der Luft. Während Tausende Menschen vor den verheerenden Waldbränden … [+3336 chars]",,de,'Waldbrand Häuser'
https://www.diepresse.com/40180521/waldbraende-mehrere-doerfer-auf-griechischer-insel-paros-evakuiert,https://www.diepresse.com/40180521/waldbraende-mehrere-doerfer-auf-griechischer-insel-paros-evakuiert,0,www.diepresse.com,Waldbrände: Mehrere Dörfer auf griechischer Insel Paros evakuiert,Bewohner der Kykladen-Insel sollen auf Geheiß der Rettungskräfte an die Strände flüchten.,https://img.diepresse.com/public/incoming/v6tvt6-afpb8u76agjpg/alternates/WEBP_WIDE_1200/AFP_B8U76AG.jpg,2026-07-29T05:21:06Z,,"Die Presse auf Google als bevorzugte Nachrichtenquelle hinzufügen.
 Auf der bei Urlaubern beliebten griechischen Ägäis-Insel Paros kämpfen Feuerwehrleute seit Stunden gegen einen großen Waldbrand. M… [+1903 chars]",,de,'Waldbrand Unterstützung'
https://orf.at/stories/3437577/,https://orf.at/stories/3437577/,0,orf.at,Waldbrände auf Paros: Mehrere Dörfer evakuiert,,https://orf.at/mojo/1_4_1/storyserver//news/common/images/og-fallback-news.png,2026-07-29T05:26:55Z,,Auf der bei Urlaubern und Urlauberinnen beliebten griechischen Ägäis-Insel Paros kämpfen Feuerwehrleute seit Stunden gegen einen großen Waldbrand. Mehrere Ortschaften wurden wegen der vorrückenden Fl… [+972 chars],,de,'Waldbrände'
https://www.morgenpost.de/panorama/article412666147/waldbrand-suedeuropa-hitze-spanien-frankreich-flammen-gefahr-bordeaux.html,https://www.morgenpost.de/panorama/article412666147/waldbrand-suedeuropa-hitze-spanien-frankreich-flammen-gefahr-bordeaux.html,0,www.morgenpost.de,Waldbrand bei Bordeaux: Neue Feuer lodern auf – Feuerwehr fürchtet Hitzewelle,Bei Bordeaux entfachen neue Brände. Wind und hohe Temperaturen erschweren die Löscharbeiten – und eine neue Hitzewelle steht bevor. News im Blog.,https://img.sparknews.funkemedien.de/412698518/412698518_1785303355_v16_9_1600.jpeg,2026-07-29T05:35:55Z,,"Der Großbrand im südwestfranzösischen Département Gironde ist trotz eines stellenweisen Wiederaufflammens nach Behördenangaben weiterhin stabilisiert. Das Feuer breite sich vorerst nicht weiter aus, … [+910 chars]",,de,'Waldbrand Wind'
https://www.zeit.de/news/2026-07/29/waldbraende-auf-paros-mehrere-doerfer-evakuiert,https://www.zeit.de/news/2026-07/29/waldbraende-auf-paros-mehrere-doerfer-evakuiert,0,www.zeit.de,Griechische Urlaubsinsel: Waldbrände auf Paros: Mehrere Dörfer evakuiert,Hier finden Sie Informationen zu dem Thema „Griechische Urlaubsinsel“. Lesen Sie jetzt „Waldbrände auf Paros: Mehrere Dörfer evakuiert“.,https://img.zeit.de/news/2026-07/29/waldbraende-auf-paros-mehrere-doerfer-evakuiert-image-group/wide__1300x731,2026-07-29T06:10:01Z,,Auf der bei Urlaubern beliebten griechischen Ägäis-Insel Paros kämpfen Feuerwehrleute seit Stunden gegen einen außer Kontrolle geratenen Waldbrand. Mehrere Ortschaften wurden wegen der vorrückenden F… [+2124 chars],,de,'Waldbrände'
https://www.tagesspiegel.de/gesellschaft/panorama/griechische-urlaubsinsel-waldbrande-auf-paros-mehrere-dorfer-evakuiert-15891459.html,https://www.tagesspiegel.de/gesellschaft/panorama/griechische-urlaubsinsel-waldbrande-auf-paros-mehrere-dorfer-evakuiert-15891459.html,0,www.tagesspiegel.de,Griechische Urlaubsinsel: Waldbrände auf Paros: Mehrere Dörfer evakuiert,Die Feuerwehr ist am Anschlag und fordert Hilfe vom Festland an: Wegen der vorrückenden Flammenfront flüchten Bewohner einer Ägäis-Insel an die Strände. Und die Wetterprognose verheißt nichts Gutes.,https://www.tagesspiegel.de/images/15891458/alternates/BASE_16_9_W1400/1785305472000/waldbrand-in-griechenland.jpeg,2026-07-29T06:11:12Z,,Auf der bei Urlaubern beliebten griechischen Ägäis-Insel Paros kämpfen Feuerwehrleute seit Stunden gegen einen außer Kontrolle geratenen Waldbrand. Mehrere Ortschaften wurden wegen der vorrückenden F… [+2174 chars],,de,'Waldbrände'
https://www.tagesspiegel.de/gesellschaft/panorama/mehrere-dorfer-evakuiert-waldbrand-auf-griechischer-urlaubsinsel-paros--feuer-inzwischen-unter-kontrolle-15891459.html,https://www.tagesspiegel.de/gesellschaft/panorama/mehrere-dorfer-evakuiert-waldbrand-auf-griechischer-urlaubsinsel-paros--feuer-inzwischen-unter-kontrolle-15891459.html,0,www.tagesspiegel.de,Mehrere Dörfer evakuiert: Waldbrand auf griechischer Urlaubsinsel Paros – Feuer inzwischen unter Kontrolle,Hinter den Menschen auf der griechischen Urlaubsinsel Paros liegt eine Nacht voller Schrecken. Inzwischen ist der Waldbrand unter Kontrolle. Vollständige Entwarnung gibt es jedoch nicht.,https://www.tagesspiegel.de/images/15892215/alternates/BASE_16_9_W1400/1785311979000/waldbrande-in-griechenland.jpeg,2026-07-29T06:11:12Z,,"Der Waldbrand auf der griechischen Urlaubsinsel Paros ist unter Kontrolle. Die Lage habe sich deutlich verbessert, sagte ein Sprecher der Feuerwehr dem Nachrichtensender ERTNews. Zuvor hatten die Ein… [+670 chars]",,de,'Waldbrand'
https://www.tagesschau.de/ausland/europa/waldbraende-europa-104.html,https://www.tagesschau.de/ausland/europa/waldbraende-europa-104.html,0,www.tagesschau.de,Waldbrände bei Bordeaux: Feuerwehr kämpft gegen neue Flammen,"Spanien, Frankreich, Italien und nun die griechische Insel Paros: Heftige Waldbrände wüten in vielen Teilen Europas. Die Lage bei Bordeaux hat sich zuletzt stabilisiert - doch eine neue Hitzewelle bereitet der Feuerwehr Sorgen.",https://images.tagesschau.de/image/d88de114-70fb-4102-ad20-79a051869c73/AAABn6yYxhI/AAABnSSvrFg/16x9-big/waldbrand-636.jpg?width=1280,2026-07-29T07:10:28Z,,"Stand: 29.07.2026 09:10 Uhr
Spanien, Frankreich, Italien und nun die griechische Insel Paros: Heftige Waldbrände wüten in vielen Teilen Europas. Die Lage bei Bordeaux hat sich zuletzt stabilisiert -… [+4374 chars]",,de,'Waldbrände'
https://www.morgenpost.de/panorama/article412666147/waldbrand-suedeuropa-hitze-spanien-frankreich-flammen-gefahr-paros-griechenland.html,https://www.morgenpost.de/panorama/article412666147/waldbrand-suedeuropa-hitze-spanien-frankreich-flammen-gefahr-paros-griechenland.html,0,www.morgenpost.de,Waldbrand auf beliebter Insel Paros – mehrere Dörfer evakuiert,"Auf der griechischen Insel Paros wütet ein schwerer Waldbrand. Erste Orte wurden evakuiert, Menschen fliehen an die Strände. News im Blog.",https://img.sparknews.funkemedien.de/412704887/412704887_1785309061_v16_9_1600.jpeg,2026-07-29T07:11:01Z,,"Der Großbrand im südwestfranzösischen Département Gironde ist trotz eines stellenweisen Wiederaufflammens nach Behördenangaben weiterhin stabilisiert. Das Feuer breite sich vorerst nicht weiter aus, … [+910 chars]",,de,'Waldbrand Hektar'
https://www.tagesschau.de/wissen/klima/waldbraende-europa-klima-erderwaermung-100.html,https://www.tagesschau.de/wissen/klima/waldbraende-europa-klima-erderwaermung-100.html,0,www.tagesschau.de,Waldbrände in Südeuropa - warum Löschen allein nicht mehr reicht,"Extreme Hitze, ausgetrocknete Böden, starker Wind: Im Süden Europas wüten derzeit Waldbrände. Forschende warnen, dass solche Ereignisse durch den Klimawandel häufiger werden - und suchen nach Wegen, die Risiken zu minimieren. Von K. Wilhelm",https://images.tagesschau.de/image/7258bb1a-3330-4e87-b7b0-dc7aeb9a7d91/AAABn6yhWnE/AAABnSSvrFg/16x9-big/waldbrand-638.jpg?width=1280,2026-07-29T07:17:06Z,,"Stand: 29.07.2026 09:17 Uhr
Extreme Hitze, ausgetrocknete Böden, starker Wind: Im Süden Europas wüten derzeit Waldbrände. Forschende warnen, dass solche Ereignisse durch den Klimawandel häufiger wer… [+5804 chars]",,de,'Waldbrand Rauch'
https://steiermark.orf.at/stories/3364672/,https://steiermark.orf.at/stories/3364672/,0,steiermark.orf.at,Nach Waldbrand: Ermittlungen abgeschlossen,"Der Waldbrand in Eisbach-Rein im Frühling ist zum größten Feuerwehreinsatz der Steiermark geworden. Die Polizei schloss nun die Ermittlungen ab. Vier Männer, die im April mit Forstarbeiten beschäftigt waren, wurden angezeigt – vorsätzliche Brandstiftung wurde…",https://ibs.orf.at/stm?image=https%3A%2F%2Foekastatic.orf.at%2Fmims%2F2026%2F31%2F62%2Fcrops%2Fw%3D1200%2Ch%3D627%2Cq%3D75%2F3130373_master_1213262_3026129_bigpicture_1170683_d089d17d-5069-43eb-b887-1bc4cd21c57b.jpg%3Fs%3D5cd32aea8a78406d37a21b86c5bb07fd551bb1f5,2026-07-29T07:51:07Z,,"Am 25. April waren die Männer mit Forstarbeiten beauftragt. Die Polizei stellte fest, dass das Feuer während dieser Arbeiten ausbrach. Ein Vorsatz allerdings soll nicht bestehen, vielmehr soll es sic… [+1263 chars]",,de,'Waldbrand'
https://www.zeit.de/news/2026-07/29/hohe-waldbrandgefahr-in-bayern-hitzewelle-wird-heftiger,https://www.zeit.de/news/2026-07/29/hohe-waldbrandgefahr-in-bayern-hitzewelle-wird-heftiger,0,www.zeit.de,Höchstes Risiko am Donnerstag: Hohe Waldbrandgefahr in Bayern – Hitzewelle wird heftiger,Hier finden Sie Informationen zu dem Thema „Höchstes Risiko am Donnerstag“. Lesen Sie jetzt „Hohe Waldbrandgefahr in Bayern – Hitzewelle wird heftiger“.,https://img.zeit.de/news/2026-07/29/hohe-waldbrandgefahr-in-bayern-hitzewelle-wird-heftiger-image-group/wide__1300x731,2026-07-29T08:18:59Z,,Der Deutsche Wetterdienst (DWD) hat für die kommenden Tage eine hohe bis sehr hohe Waldbrandgefahr für weite Teile Bayerns gemeldet. Mehr als zehn Messstationen zeigen für Donnerstag die höchste Gefa… [+1869 chars],,de,'Waldbrand'
https://www.sueddeutsche.de/panorama/waldbraende-frankreich-spanien-griechenland-li.3522253,https://www.sueddeutsche.de/panorama/waldbraende-frankreich-spanien-griechenland-li.3522253,0,www.sueddeutsche.de,Waldbrände in Südeuropa: Mehr als 220 000 Menschen müssen französische Urlaubsregion verlassen,"Eine neue Hitzewelle könnte die Löscharbeiten aber deutlich erschweren. In Spanien zeichnet sich derweil eine leichte Entspannung der Lage ab, ein Feuer auf der griechischen Insel Paros ist ebenfalls unter Kontrolle.",https://www.sueddeutsche.de/2026/07/28/2d4101af-8bd6-4051-9ac8-a0c26a03ee77.jpg?q=60&fm=webp&width=1200&rect=0%2C373%2C4000%2C2250,2026-07-29T08:26:21Z,,"Mit einer erneuten Hitzewelle werden jedoch ein Anstieg der Temperaturen und ein Absinken der Luftfeuchtigkeit erwartet. Wie die Feuerwehr am Dienstag erklärte, erschweren Hitze und Wind den Kampf ge… [+4273 chars]",,de,'Waldbrände'
https://orf.at/stories/3437597/,https://orf.at/stories/3437597/,0,orf.at,Waldbrände auf Paros vorerst unter Kontrolle,,https://orf.at/mojo/1_4_1/storyserver//news/common/images/og-fallback-news.png,2026-07-29T08:29:15Z,,"Ein Waldbrand auf der griechischen Urlaubsinsel Paros ist vorerst unter Kontrolle. Die Lage habe sich deutlich verbessert, sagte ein Sprecher der Feuerwehr heute dem Nachrichtensender ERTNews. Zuvor … [+360 chars]",,de,'Waldbrände'
https://www.bild.de/news/waldbraende-in-frankreich-so-entsteht-der-feuerspeiende-drache-6a68b44aa17ee9f1dfd81d14,https://www.bild.de/news/waldbraende-in-frankreich-so-entsteht-der-feuerspeiende-drache-6a68b44aa17ee9f1dfd81d14,0,www.bild.de,Seltenes Phänomen in Frankreich - So entsteht der „feuerspeiende Drache“,Ein seltenes und gefährliches Naturphänomen verschärft die Waldbrände im Südwesten Frankreichs. Hunderttausende Menschen sind auf der Flucht vor den Flammen – und vor dem sogenannten „feuerspeienden Drachen“.,"https://images.bild.de/6a68b44aa17ee9f1dfd81d14/f0d330b236e85506bc3ec30688aba35e,64f211c4?w=1280",2026-07-29T08:58:20Z,,"+++11 Jahre nach Absturz mit 150 Toten: Germanwings-Hinterbliebene verklagen Deutschland
+++11 Jahre nach Absturz mit 150 Toten: Germanwings-Hinterbliebene verklagen Deutschland
+++11 Jahre nach Ab… [+698 chars]",,de,'Waldbrände'
https://www.faz.net/aktuell/gesellschaft/ungluecke/griechenland-mehrere-doerfer-auf-paros-wegen-waldbraenden-evakuiert-accg-201075337.html,https://www.faz.net/aktuell/gesellschaft/ungluecke/griechenland-mehrere-doerfer-auf-paros-wegen-waldbraenden-evakuiert-accg-201075337.html,0,www.faz.net,Griechenland: Mehrere Dörfer auf Paros wegen Waldbränden evakuiert,"Die Flammen auf der beliebten griechischen Urlaubsinsel sind außer Kontrolle. Die Feuerwehr fordert Hilfe vom Festland an, Bewohner flüchten an die Strände.",https://media0.faz.net/image/w1200h627/afcf453fd23f/w6000h3135x0y433o/202607/43fefd63a8-8b00-11f1-a47e-c91361dbb9b6/feuerwehrleute-in-griechenland.webp,2026-07-29T08:58:30Z,,Auf der bei Urlaubern beliebten griechischen Ägäis-Insel Paros kämpfen Feuerwehrleute seit Stunden gegen einen außer Kontrolle geratenen Waldbrand. Mehrere Ortschaften wurden wegen der vorrückenden F… [+2071 chars],,de,'Waldbrände'
https://ooe.orf.at/stories/3364716/,https://ooe.orf.at/stories/3364716/,0,ooe.orf.at,Feuerwehren für Waldbrandgefahr gerüstet,"In Oberösterreich verschärft sich die Waldbrandgefahr aufgrund der anhaltenden Trockenheit. Auch die Feuerwehren in Oberösterreich rüsten sich für Einsätze, im Frühjahr wurde bereits in mehr Gerätschaften und in Ausbildungen investiert.",https://ibs.orf.at/ooe?image=https%3A%2F%2Foekastatic.orf.at%2Fmims%2F2025%2F30%2F46%2Fcrops%2Fw%3D1200%2Ch%3D627%2Cq%3D75%2F2705756_master_1041646_fkstore_139194.jpg%3Fs%3D4f73cbd7fda02c60ac7aa55dc7051bcde6f1d04a,2026-07-29T11:25:05Z,,"Mit insgesamt 26 verzeichneten Waldbränden liegt Oberösterreich im Bundesländervergleich im Mittelfeld. Die bisherigen Niederschläge in den Monaten Juni und Juli waren deutlich zu wenig, hieß es vom … [+1330 chars]",,de,'Waldbrand'
https://www.n-tv.de/panorama/Zehntausende-Spanier-kehren-in-ihre-Haeuser-zurueck-id31137406.html,https://www.n-tv.de/panorama/Zehntausende-Spanier-kehren-in-ihre-Haeuser-zurueck-id31137406.html,0,www.n-tv.de,Nach den Waldbränden: Zehntausende Spanier kehren in ihre Häuser zurück,"Tagelang brennt es um Madrid, Tausende Menschen werden evakuiert. Jetzt dürfen sie zurück. Doch entspannt ist die Lage noch nicht. Regierungschef Sánchez spricht von einer ""entscheidenden"" Phase.",https://www.n-tv.de/img/31137474/1785329135/Img_16_9/1200/Luis-Gonzalez-stands-amidst-burned-and-damaged-property-in-the-village-of-El-Tiemblo-as-wildfires-continue-to-affect-the-provinces-of-Avila-and-Madrid-Spain-July-28-2026.jpg,2026-07-29T11:31:52Z,,"Nach den WaldbrändenZehntausende Spanier kehren in ihre Häuser zurück
Tagelang brennt es um Madrid, Tausende Menschen werden evakuiert. Jetzt dürfen sie zurück. Doch entspannt ist die Lage noch nich… [+3195 chars]",,de,'Waldbrände'
https://www.zeit.de/wissenschaft/umwelt/2026-07/feuersturm-waldbrand-frankreich-feuerwolke-pyrocumulonimbus,https://www.zeit.de/wissenschaft/umwelt/2026-07/feuersturm-waldbrand-frankreich-feuerwolke-pyrocumulonimbus,0,www.zeit.de,Feuersturm in Frankreich: Wie Feuergewitter Waldbrände anfachen,"Manchmal werden Feuer so groß, dass sie ihr eigenes Wettersystem bilden, einen Feuersturm. Erstmals wurde dieses Phänomen auch in Frankreich beobachtet.",https://img.zeit.de/wissenschaft/umwelt/2026-07/feuersturm-waldbrand-frankreich-feuerwolke-pyrocumulonimbus-bild/wide__1300x731,2026-07-29T12:24:00Z,,"Schließen
Artikelzusammenfassung
In Frankreich hat ein Waldbrand etwas gezündet, das in Europa fast wie ein importiertes Katastrophenformat wirkt: einen Feuersturm. Der Text zeichnet dann nach, wie… [+1222 chars]",,de,'Waldbrände'
https://www.welt.de/vermischtes/article6a69eac8dd06dd5ef2e3e479/waldbraende-184-personen-wegen-brandstiftung-verdacht-in-frankreich-festgenommen-einsatzkraefte-fuerchten-neue-hitzewelle.html,https://www.welt.de/vermischtes/article6a69eac8dd06dd5ef2e3e479/waldbraende-184-personen-wegen-brandstiftung-verdacht-in-frankreich-festgenommen-einsatzkraefte-fuerchten-neue-hitzewelle.html,0,www.welt.de,184 Personen wegen Brandstiftung in Frankreich festgenommen – Waldbrände flammen wieder auf,"In Frankreich sind seit Beginn des Sommers 184 Menschen wegen Verdachts auf Brandstiftung festgenommen worden. Die Waldbrände wüten weiter, auch im Nachbarland Spanien.",https://images.welt.de/6a69eac8dd06dd5ef2e3e479/4c2c9619a9c42f1e193f2ff39f703a8f-master/ci16x9-w1200/1785069198694-afp-c38g66e-jpg,2026-07-29T13:07:38Z,,"In Frankreich sind seit Beginn des Sommers 184 Menschen wegen Verdachts auf Brandstiftung festgenommen worden. Die Waldbrände wüten weiter, auch im Nachbarland Spanien.Im Zusammenhang mit den anhalte… [+5144 chars]",,de,'Waldbrände'
https://www.zeit.de/news/2026-07/29/ist-hart-das-warten-der-brand-evakuierten-von-bordeaux,https://www.zeit.de/news/2026-07/29/ist-hart-das-warten-der-brand-evakuierten-von-bordeaux,0,www.zeit.de,Waldbrände in Frankreich: «Ist hart»: Das Warten der Brand-Evakuierten von Bordeaux,Hier finden Sie Informationen zu dem Thema „Waldbrände in Frankreich“. Lesen Sie jetzt „«Ist hart»: Das Warten der Brand-Evakuierten von Bordeaux“.,https://img.zeit.de/news/2026-07/29/ist-hart-das-warten-der-brand-evakuierten-von-bordeaux-image-group/wide__1300x731,2026-07-29T13:09:32Z,,"Erschöpft sitzt Mona auf ihrem Feldbett in der Messehalle von Bordeaux und schaut in die Ferne. Seit fünf Tagen lebt die 51-jährige Personalerin in der Notunterkunft, zusammen mit Hunderten Menschen,… [+5250 chars]",,de,'Waldbrände'
https://www.tagesspiegel.de/gesellschaft/panorama/waldbrande-in-frankreich-ist-hart-das-warten-der-brand-evakuierten-von-bordeaux-15894861.html,https://www.tagesspiegel.de/gesellschaft/panorama/waldbrande-in-frankreich-ist-hart-das-warten-der-brand-evakuierten-von-bordeaux-15894861.html,0,www.tagesspiegel.de,Waldbrände in Frankreich: „Ist hart“: Das Warten der Brand-Evakuierten von Bordeaux,Wegen der Flammen mussten Tausende in Frankreich ihr Zuhause verlassen. Noch immer sind einige von ihnen in einer Notunterkunft gestrandet. Wie lebt es sich zwischen Feldbetten und Ungewissheit?,https://www.tagesspiegel.de/images/15894860/alternates/BASE_16_9_W1400/1785330637000/waldbrande-in-frankreich.jpeg,2026-07-29T13:10:37Z,,"Erschöpft sitzt Mona auf ihrem Feldbett in der Messehalle von Bordeaux und schaut in die Ferne. Seit fünf Tagen lebt die 51-jährige Personalerin in der Notunterkunft, zusammen mit Hunderten Menschen,… [+5278 chars]",,de,'Waldbrand Quadratkilometer'
https://orf.at/stories/3437629/,https://orf.at/stories/3437629/,0,orf.at,Zehntausende kehren trotz Hitzewelle zurück,In Südwesteuropas droht wegen einer neuen Hitzewelle und trockener Winde ein Anfachen der Waldbrände. In der französischen Region um Bordeaux wurden im Laufe des Mittwochs Spitzenwerte von 42 Grad erwartet. In Spanien riefen die Behörden für mindestens sechs …,https://ibs.orf.at/news?image=https%3A%2F%2Fassets.orf.at%2Fmims%2F2026%2F31%2F58%2Fcrops%2Fw%3D1200%2Ch%3D630%2Cq%3D75%2F3130901_master_1213458_klima_waldbraende_mina2_gy.jpg%3Fs%3D0ebf3fc7b0dbd29a21cbcaf92d961a5ed461b6bb,2026-07-29T14:13:03Z,,"In Frankreich erlaubte die Präfektur Bordeaux den Bewohnern und Bewohnerinnen von drei vorsorglich evakuierten Orten, die von dem Feuer verschont blieben, die Rückkehr. Medienberichten zufolge handel… [+4350 chars]",,de,'Waldbrand Häuser'
https://www.nzz.ch/meinung/historische-braende-in-europa-es-braucht-ein-umdenken-ld.10017451,https://www.nzz.ch/meinung/historische-braende-in-europa-es-braucht-ein-umdenken-ld.10017451,0,www.nzz.ch,KOMMENTAR - Historische Brände in Europa: Es braucht ein Umdenken,Extreme Hitze und Trockenheit sind die neue Realität in Zeiten des Klimawandels. Entsprechend hoch ist die Gefahr heftiger Waldbrände. Aber wir sind nicht machtlos. Kluge Landschaftsplanung hilft jetzt mehr als abstrakte Klimapolitik.,"https://img-msp-prod.nzz.ch/2026/07/29/910afc6d-ace6-4289-bb65-9844f4c6b1fb.jpg?width=1200&height=675&fit=bounds&quality=75&auto=webp&crop=2048,1152,x0,y107&wmark=nzz",2026-07-29T14:38:45Z,,Extreme Hitze und Trockenheit sind die neue Realität in Zeiten des Klimawandels. Waldbrände wüten in Europa. Aber wir sind nicht machtlos. Kluge Landschaftsplanung hilft jetzt mehr als abstrakte Klim… [+5276 chars],,de,'Waldbrände'
https://www.zeit.de/news/2026-07/29/landeszentrum-warnt-vor-waldbrandgefahr,https://www.zeit.de/news/2026-07/29/landeszentrum-warnt-vor-waldbrandgefahr,0,www.zeit.de,Besondere Regelungen: Landeszentrum warnt vor Waldbrandgefahr,Hier finden Sie Informationen zu dem Thema „Besondere Regelungen“. Lesen Sie jetzt „Landeszentrum warnt vor Waldbrandgefahr“.,https://img.zeit.de/news/2026-07/29/landeszentrum-warnt-vor-waldbrandgefahr-image-group/wide__1300x731,2026-07-29T15:05:20Z,,"Das Landeszentrum Wald bittet die Menschen in Sachsen-Anhalt um Vorsicht in Wäldern. Aufgrund der hohen Temperaturen und fehlenden Niederschlags herrsche erhöhte Waldbrandgefahr im Land, teilte das Z… [+914 chars]",,de,'Waldbrand'
https://www.zeit.de/wissenschaft/umwelt/2026-07/waldbraende-antalya-tuerkei-kuumluca-feuer-tourismus,https://www.zeit.de/wissenschaft/umwelt/2026-07/waldbraende-antalya-tuerkei-kuumluca-feuer-tourismus,0,www.zeit.de,Waldbrände in Antalya: Waldbrände in der Türkei erreichen Wohngebiet in Antalya,"In der Türkei gibt es derzeit mehrere Waldbrände. Die Feuer erreichten mittlerweile ein Wohngebiet in Antalya, das zuvor evakuiert worden war.",https://img.zeit.de/wissenschaft/umwelt/2026-07/waldbraende-antalya-tuerkei-kuumluca-feuer-tourismus-foto-1/wide__1300x731,2026-07-29T15:19:50Z,,"Im Süden der Türkei haben Walbrände ein Wohngebiet erreicht, das zum beliebten Touristenort Antalya gehört. Die Häuser im Bezirk Kumluca seien zuvor aus Vorsicht evakuiert worden, meldete die staatli… [+1478 chars]",,de,'Waldbrände'
https://www.tagesspiegel.de/gesellschaft/panorama/waldbrande-im-uberblick-lage-in-der-turkei-und-griechenland-angespannt--besonders-auf-kreta-15895479.html,https://www.tagesspiegel.de/gesellschaft/panorama/waldbrande-im-uberblick-lage-in-der-turkei-und-griechenland-angespannt--besonders-auf-kreta-15895479.html,0,www.tagesspiegel.de,Waldbrände im Überblick: Lage in der Türkei und Griechenland angespannt – besonders auf Kreta,"Während Spanien und Frankreich Entwarnung geben, ist die Feuerwehr in der Türkei und Griechenland weiterhin im Großeinsatz – auch mit neuen Technologien.",https://www.tagesspiegel.de/images/15899963/alternates/BASE_16_9_W1400/1785475360000/forest-fire-in-the-greek-island-of-crete.jpeg,2026-07-29T15:54:55Z,,"Während sich die Waldbrand-Lage in Frankreich und Spanien entspannt und Tausende Evakuierte nach Hause zurückkehren, ist die Situation in Griechenland und der Türkei weiter angespannt. Von hoher Troc… [+5378 chars]",,de,'Waldbrand Rauch'
https://www.zeit.de/news/2026-07/29/waldbrand-auf-kreta-rund-6-000-urlauber-werden-evakuiert,https://www.zeit.de/news/2026-07/29/waldbrand-auf-kreta-rund-6-000-urlauber-werden-evakuiert,0,www.zeit.de,Brände: Waldbrand auf Kreta: Rund 6.000 Urlauber werden evakuiert,Hier finden Sie Informationen zu dem Thema „Brände“. Lesen Sie jetzt „Waldbrand auf Kreta: Rund 6.000 Urlauber werden evakuiert“.,https://img.zeit.de/news/2026-07/29/waldbrand-auf-kreta-rund-6-000-urlauber-werden-evakuiert-image-group/wide__1300x731,2026-07-29T17:05:41Z,,Wegen des unkontrollierten Waldbrandes auf Kreta hat der griechische Zivilschutz die Evakuierung des Ferienorts Agia Galini an der Südküste der Insel angeordnet. Medienberichten zufolge sollen rund 6… [+1059 chars],,de,'Waldbrand'
https://www.tagesspiegel.de/gesellschaft/panorama/brande-waldbrand-auf-kreta-rund-6000-urlauber-werden-evakuiert-15895670.html,https://www.tagesspiegel.de/gesellschaft/panorama/brande-waldbrand-auf-kreta-rund-6000-urlauber-werden-evakuiert-15895670.html,0,www.tagesspiegel.de,Brände: Waldbrand auf Kreta: Rund 6.000 Urlauber werden evakuiert,Auf Kreta tobt ein großer Waldbrand und bewegt sich in Richtung Südküste. Dort liegt die bei Touristen beliebte Ortschaft Agia Galini. Nun müssen Tausende Urlauber an einen anderen Ort fliehen.,https://www.tagesspiegel.de/images/15895669/alternates/BASE_16_9_W1400/1785344814000/waldbrande-in-griechenland.jpeg,2026-07-29T17:06:54Z,,Wegen des unkontrollierten Waldbrandes auf Kreta hat der griechische Zivilschutz die Evakuierung des Ferienorts Agia Galini an der Südküste der Insel angeordnet. Medienberichten zufolge sollen rund 6… [+1115 chars],,de,'Waldbrand'
https://www.faz.net/aktuell/politik/ausland/sophie-brocas-wer-leitet-den-kriseneinsatz-in-der-gironde-201075661.html,https://www.faz.net/aktuell/politik/ausland/sophie-brocas-wer-leitet-den-kriseneinsatz-in-der-gironde-201075661.html,0,www.faz.net,Sophie Brocas: Waldbrände bekämpfen und Romane schreiben,"Sie war Unternehmerin, bevor sie in den Staatsdienst ging, und schreibt gern Geschichten über Frauen. Wer ist die Präfektin, die den Kriseneinsatz in Bordeaux leitet?",https://media0.faz.net/image/w1200h627/049a6c979310/w7447h3891x745y1241o/202607/43601.0.2377348224/praesident-emmanuel-macron.webp,2026-07-29T18:09:28Z,,Sophie Brocas gibt dem Krisenmanagement an der französischen Atlantikküste ein Gesicht. Die Präfektin der Gironde fällt durch ihre klare Sprache und ihre tadellose Erscheinung auf. Trotz vieler schla… [+3234 chars],,de,'Waldbrände'
https://www.n-tv.de/panorama/Waldbrand-auf-Kreta-ausser-Kontrolle-zwei-Feuerwehrleute-tot-id31139302.html,https://www.n-tv.de/panorama/Waldbrand-auf-Kreta-ausser-Kontrolle-zwei-Feuerwehrleute-tot-id31139302.html,0,www.n-tv.de,Ferienort wird evakuiert: Waldbrand auf Kreta außer Kontrolle - zwei Feuerwehrleute tot,"Auf Kreta gibt es einen verheerenden Waldbrand. Starker Wind verschlimmert die Lage für die Einsatzkräfte, von denen zwei ums Leben kommen. Tausende Einwohner und Touristen müssen sich in Sicherheit bringen.",https://www.n-tv.de/img/31139299/1785352182/Img_16_9/1200/Bei-einem-Waldbrand-am-Rande-der-nordgriechischen-Stadt-Thessaloniki-steigen-Flammen-aus-einem-brennenden-Gebaeude-auf.jpg,2026-07-29T18:33:55Z,,"Neben Frankreich und Spanien wüten auch in Griechenland Waldbrände, hier nahe Thessaloniki. (Foto: picture alliance/dpa/AP)
Auf Kreta gibt es einen verheerenden Waldbrand. Starker Wind verschlimmert… [+1440 chars]",,de,'Waldbrand Rauch'
https://www.tagesschau.de/ausland/europa/waldbraende-suedeuropa-126.html,https://www.tagesschau.de/ausland/europa/waldbraende-suedeuropa-126.html,0,www.tagesschau.de,Waldbrände: Auch die Türkei und Griechenland kämpfen gegen Flammen,Kräftige Winde und Hitze haben auch in der Türkei und Griechenland neue Waldbrände entfacht. Beim Kampf gegen die Flammen am griechischen Mittelmeer kamen drei Feuerwehrleute ums Leben.,https://images.tagesschau.de/image/6e5a637f-47db-4c8b-8583-767d719200d2/AAABn69niJw/AAABnSSvrFg/16x9-big/feuer-tuerkei-106.jpg?width=1280,2026-07-29T19:44:32Z,,"Stand: 29.07.2026 21:44 Uhr
Kräftige Winde und Hitze haben auch in der Türkei und Griechenland neue Waldbrände entfacht. Beim Kampf gegen die Flammen am griechischen Mittelmeer kamen drei Feuerwehrl… [+4424 chars]",,de,'Waldbrand Häuser'
https://www.zeit.de/news/2026-07/30/neue-waldbraende-brechen-in-mehreren-regionen-frankreichs-aus,https://www.zeit.de/news/2026-07/30/neue-waldbraende-brechen-in-mehreren-regionen-frankreichs-aus,0,www.zeit.de,Hitzewelle: Neue Waldbrände brechen in mehreren Regionen Frankreichs aus,Hier finden Sie Informationen zu dem Thema „Hitzewelle“. Lesen Sie jetzt „Neue Waldbrände brechen in mehreren Regionen Frankreichs aus“.,https://img.zeit.de/news/2026-07/30/neue-waldbraende-brechen-in-mehreren-regionen-frankreichs-aus-image-group/wide__1300x731,2026-07-29T22:01:04Z,,"In mehreren Regionen Frankreichs sind während einer Hitzewelle erneut Waldbrände ausgebrochen. Im südfranzösischen Departement Var, wo zuvor bereits Brände gewütet hatten, brach im Bereich der Kleins… [+2076 chars]",,de,'Waldbrände'
https://www.tagesspiegel.de/gesellschaft/panorama/wetter-im-suden-waldbrande-in-sudeuropa-entspannung-und-neue-einsatze-15895839.html,https://www.tagesspiegel.de/gesellschaft/panorama/wetter-im-suden-waldbrande-in-sudeuropa-entspannung-und-neue-einsatze-15895839.html,0,www.tagesspiegel.de,Wetter im Süden: Waldbrände in Südeuropa: Entspannung und neue Einsätze,In Spanien und Frankreich können viele Menschen nach Waldbränden zurück in ihre Häuser. Auf Kreta kämpfen Feuerwehrleute gegen Sturmböen und Flammen – trotz modernster Technik und neuer Drohnen.,https://www.tagesspiegel.de/images/15897650/alternates/BASE_16_9_W1400/1785410563000/waldbrande-in-spanien.jpeg,2026-07-29T22:03:15Z,,"Während sich die Waldbrandlage an der französischen Atlantikküste sowie in der Region rund um Spaniens Hauptstadt Madrid entspannt, kämpfen Einsatzkräfte in anderen Teilen Südeuropas weiter gegen neu… [+4852 chars]",,de,'Waldbrände'
https://www.tagesspiegel.de/gesellschaft/panorama/hitze-trockenheit-und-wind-neue-brande-in-sudeuropa-bringen-helfer-an-die-grenzen-15895839.html,https://www.tagesspiegel.de/gesellschaft/panorama/hitze-trockenheit-und-wind-neue-brande-in-sudeuropa-bringen-helfer-an-die-grenzen-15895839.html,0,www.tagesspiegel.de,"Hitze, Trockenheit und Wind: Neue Brände in Südeuropa bringen Helfer an die Grenzen","Feuerwehrkräfte in Spanien, Griechenland und der Türkei stehen wegen neuer Waldbrände unter Dauerbelastung. In Frankreich dürfen inzwischen zehntausende Evakuierte nach Hause zurück.",https://www.tagesspiegel.de/images/15897080/alternates/BASE_16_9_W1400/1785406185000/waldbrande-in-griechenland-kreta.jpeg,2026-07-29T22:03:15Z,,"In Südeuropa kämpfen Feuerwehrkräfte weiter gegen sich ausbreitende Waldbrände, die von Trockenheit und Wind angefacht werden. Hinzu kommt große Hitze. Während sich die Lage an Frankreichs Atlantikkü… [+2526 chars]",,de,'Waldbrand Häuser'
https://www.tagesspiegel.de/gesellschaft/panorama/brande-dritter-feuerwehrmann-stirbt-in-griechenland-15895839.html,https://www.tagesspiegel.de/gesellschaft/panorama/brande-dritter-feuerwehrmann-stirbt-in-griechenland-15895839.html,0,www.tagesspiegel.de,Brände: Dritter Feuerwehrmann stirbt in Griechenland,Auf der Insel Kreta kämpfen Einsatzkräfte weiter gegen einen großen Waldbrand. Zahlreiche Touristen müssen in Sicherheit gebracht werden.,https://www.tagesspiegel.de/images/15896060/alternates/BASE_16_9_W1400/1785390638000/waldbrand-in-griechenland.jpeg,2026-07-29T22:03:15Z,,Bei den Waldbränden in Griechenland ist ein dritter Feuerwehrmann ums Leben gekommen. Er sei nahe einem Feuer bei Ageranos im Süden der Halbinsel Peloponnes bewusstlos aufgefunden und in einem Kranke… [+2115 chars],,de,'Waldbrand'
https://orf.at/stories/3437518/,https://orf.at/stories/3437518/,0,orf.at,„Von Anfang an Vollgas“,Nach einer kurzen Entspannung ist das Risiko der Entstehung von Waldbränden in Österreich wieder stark gestiegen. Dank des dichten Netzes an Freiwilligen Feuerwehren werden Brände für gewöhnlich früh entdeckt. Bei der Bekämpfung werde „von Anfang an Vollgas“ …,https://ibs.orf.at/news?image=https%3A%2F%2Fassets.orf.at%2Fmims%2F2026%2F31%2F60%2Fcrops%2Fw%3D1200%2Ch%3D630%2Cq%3D75%2F3130363_master_1213260_klima_waldbraende_oesterreich_feuerwehr_ff_kuehweg_1_n.jpg%3Fs%3D002ca68f41d02662be0321dbf97abb5505c4b250,2026-07-30T04:04:58Z,,In Österreich gibt es insgesamt über 4.700 Feuerwehren mit zusammengenommen knapp 260.000 aktiven Mitgliedern bzw. Beschäftigten. Rund 4.400 davon sind Freiwillige Feuerwehren. Wir haben in jeder Gem… [+6135 chars],,de,'Waldbrände'
https://www.zeit.de/news/2026-07/30/waldbrand-bei-hainburg-2-5-hektar-flaeche-zerstoert,https://www.zeit.de/news/2026-07/30/waldbrand-bei-hainburg-2-5-hektar-flaeche-zerstoert,0,www.zeit.de,"Brände: Waldbrand bei Hainburg: 2,5 Hektar Fläche zerstört","Hier finden Sie Informationen zu dem Thema „Brände“. Lesen Sie jetzt „Waldbrand bei Hainburg: 2,5 Hektar Fläche zerstört“.",https://img.zeit.de/news/2026-07/30/waldbrand-bei-hainburg-2-5-hektar-flaeche-zerstoert-image-group/wide__1300x731,2026-07-30T04:45:01Z,,"Bei einem Waldbrand westlich von Hainburg-Hainstadt sind nach Schätzung der Polizei rund 2,5 Hektar Wald zerstört worden. Das Feuer habe sich am Mittwochnachmittag zwischen der alten Fasanerie Hanau … [+481 chars]",,de,'Waldbrand'
https://www.zeit.de/news/2026-07/30/flucht-vor-den-flammen-stress-auch-fuer-huendin-simba,https://www.zeit.de/news/2026-07/30/flucht-vor-den-flammen-stress-auch-fuer-huendin-simba,0,www.zeit.de,Waldbrände bei Bordeaux: Flucht vor den Flammen: Stress auch für Hündin Simba,Hier finden Sie Informationen zu dem Thema „Waldbrände bei Bordeaux“. Lesen Sie jetzt „Flucht vor den Flammen: Stress auch für Hündin Simba“.,https://img.zeit.de/news/2026-07/30/flucht-vor-den-flammen-stress-auch-fuer-huendin-simba-image-group/wide__1300x731,2026-07-30T07:23:59Z,,"Langgestreckt liegt der Border Collie Simba auf einem Feldbett in der riesigen Messehalle in Bordeaux, aufsetzen will sie sich nicht. Die Evakuierung wegen des nahenden Megabrandes hat auch die fünfj… [+1254 chars]",,de,'Waldbrände'
https://www.sueddeutsche.de/bayern/waldbrand-bayern-lackenbergwand-unterwoessen-grosseinsatz-feuerwehr-li.3523853,https://www.sueddeutsche.de/bayern/waldbrand-bayern-lackenbergwand-unterwoessen-grosseinsatz-feuerwehr-li.3523853,0,www.sueddeutsche.de,Waldbrand im Chiemgau: In Bayerns Bergen brennt der Wald,Zwölf Wochen nach dem Brand am Saurüsselkopf lodert in den Chiemgauer Alpen abermals ein Feuer. Hunderte Einsatzkräfte kämpfen gegen die Flammen am Lackenberg bei Unterwössen.,https://www.sueddeutsche.de/2026/07/30/c5ac1803-2950-4ec9-8927-4af7f0a5b353.jpg?q=60&fm=webp&width=1200&rect=0%2C209%2C4000%2C2250,2026-07-30T07:34:14Z,,"Zugleich kämpften am Abend etwa 200 Feuerwehrleute am Boden gegen die Flammen. Sie legten lange Schlauchleitungen in den Wald, richteten einen Pendelverkehr mit Löschfahrzeugen ein und versuchten, Bä… [+2677 chars]",,de,'Waldbrand'
https://www.tagesschau.de/ausland/europa/waldbraende-spanien-124.html,https://www.tagesschau.de/ausland/europa/waldbraende-spanien-124.html,0,www.tagesschau.de,"Waldbrände in Spanien: ""Das wird alles brennen""",In diesem Jahr brennen in Spanien besonders große Waldflächen. Feuerwehrmann Ángel Malanda kämpfte selbst gegen die Flammen. Er beklagt fehlende Vorbeugung und die Pflanzenwahl vieler Hausbesitzer. Von Hans-Günter Kellner.,https://images.tagesschau.de/image/5b61ed2f-f340-4ddf-bcd9-747f0f4343ae/AAABn7HLUas/AAABnSSvrFg/16x9-big/waldbrand-spanien-174.jpg?width=1280,2026-07-30T08:11:03Z,,"Stand: 30.07.2026 10:11 Uhr
In diesem Jahr brennen in Spanien besonders große Waldflächen. Feuerwehrmann Ángel Malanda kämpfte selbst gegen die Flammen. Er beklagt fehlende Vorbeugung und die Pflanz… [+4509 chars]",,de,'Waldbrände'
https://www.faz.net/aktuell/gesellschaft/menschen/liveticker-zur-hitze-in-europa-unwetter-in-deutschland-erwartet-faz-200949959.html,https://www.faz.net/aktuell/gesellschaft/menschen/liveticker-zur-hitze-in-europa-unwetter-in-deutschland-erwartet-faz-200949959.html,0,www.faz.net,Hitze-Liveblog: Winde erschweren Löscharbeiten bei Waldbränden in Türkei,Bis zu 39 Grad und schwere Gewitter in Deutschland erwartet +++ Laut RKI schon fast 10.000 hitzebedingte Tote in diesem Jahr +++ „Blitzdürre“ in großen Teilen Englands +++ alle Entwicklungen im Liveblog,https://media0.faz.net/image/w1200h627/528579204e8a/w7258h3792x0y523o/202607/43601.0.2385910220/freiwillige-versuchen-in-der.webp,2026-07-30T08:27:25Z,,"Einsatzkräfte in der Türkei kämpfen weiter gegen zahlreiche Waldbrände im Süden und Westen des Landes, die durch starke Winde angefeuert werden. Man versuche zurzeit Brände in den Provinzen Antalya, … [+871 chars]",,de,'Waldbrand Hitze'
https://www.zeit.de/news/2026-07/30/waldbrandgefahr-auch-im-norden-kurzfristig-erhoeht,https://www.zeit.de/news/2026-07/30/waldbrandgefahr-auch-im-norden-kurzfristig-erhoeht,0,www.zeit.de,Folgen von Trockenheit: Waldbrandgefahr auch im Norden kurzfristig erhöht,Hier finden Sie Informationen zu dem Thema „Folgen von Trockenheit“. Lesen Sie jetzt „Waldbrandgefahr auch im Norden kurzfristig erhöht“.,https://img.zeit.de/news/2026-07/30/waldbrandgefahr-auch-im-norden-kurzfristig-erhoeht-image-group/wide__1300x731,2026-07-30T08:33:46Z,,"Südeuropa erlebt gerade Waldbrände von bisher kaum gekanntem Ausmaß. Aber auch in Deutschland besteht die Gefahr, dass es bei Trockenheit zu Waldbränden kommt. Einen Hinweis, wie groß das Risiko regi… [+1775 chars]",,de,'Waldbrand'
https://www.dw.com/de/spanien-wie-waldbr%C3%A4nde-der-wirtschaft-schaden/a-78162576,https://www.dw.com/de/spanien-wie-waldbr%C3%A4nde-der-wirtschaft-schaden/a-78162576,0,www.dw.com,Spanien: Wie Waldbrände der Wirtschaft schaden,Sie zerstören den Tourismus und belasten den Staatshaushalt: Die historischen Waldbrände in Spanien vernichten Wirtschaftswachstum und Natur. Hätte das Land die Wucht der Flammen eventuell abschwächen können?,https://static.dw.com/image/78119810_6.jpg,2026-07-30T08:53:00Z,,"Verkohlte Baumstümpfe, geschmolzener Asphalt, ausgebrannte Autos, zerstörte Gebäude: Die Waldbrände in Südeuropa hinterlassen eine Schneise der Zerstörung und verursachen Schäden in Milliardenhöhe.
… [+5085 chars]",,de,'Waldbrände'
https://www.tagesschau.de/ausland/europa/waldbraende-suedeuropa-128.html,https://www.tagesschau.de/ausland/europa/waldbraende-suedeuropa-128.html,0,www.tagesschau.de,Frankreich und Spanien melden leichte Entspannung bei Waldbränden,Aus zwei Waldbrandgebieten in Frankreich und Spanien melden die Behörden Erfolge. Bei Bordeaux dürfen weitere 84.000 Menschen in ihre Häuser zurück. Gleichzeitig flammen in anderen Regionen neue Feuer auf.,https://images.tagesschau.de/image/e331cb42-b739-4217-b184-248253f9b85e/AAABn7JFPZg/AAABnSSvrFg/16x9-big/feuer-kreta-102.jpg?width=1280,2026-07-30T09:53:11Z,,"Stand: 30.07.2026 11:53 Uhr
Aus zwei Waldbrandgebieten in Frankreich und Spanien melden die Behörden Erfolge. Bei Bordeaux dürfen weitere 84.000 Menschen in ihre Häuser zurück. Gleichzeitig flammen … [+5551 chars]",,de,'Waldbrand'
https://www.dw.com/de/waldbraende-spanien-frankreich-griechenland-kreta-tuerkei-antalya-alanya-evakuierung-fontainebleau/a-78172707,https://www.dw.com/de/waldbraende-spanien-frankreich-griechenland-kreta-tuerkei-antalya-alanya-evakuierung-fontainebleau/a-78172707,0,www.dw.com,Neue Waldbrände in Spanien - leichte Entspannung um Bordeaux,"Kaum sind die schwersten Feuer unter Kontrolle, lodern Flammen an anderer Stelle. Auch in der Türkei und Griechenland kämpfen Einsatzkräfte gegen Waldbrände. Im Nordwesten Spaniens in der Provinz León toben mehrere neue große Waldbrände. Mehrere hundert Bewoh…",https://static.dw.com/image/78166408_6.jpg,2026-07-30T11:18:00Z,,"Im Nordwesten Spaniens in der Provinz León toben mehrere neue große Waldbrände. Mehrere hundert Bewohner mussten ihre Häuser in der Umgebung der Ortschaft San Cipriano verlassen, wie das staatliche F… [+3881 chars]",,de,'Waldbrand Häuser'
https://www.zeit.de/news/2026-07/30/clooneys-fliehen-vor-waldbraenden-aus-haus-in-suedfrankreich,https://www.zeit.de/news/2026-07/30/clooneys-fliehen-vor-waldbraenden-aus-haus-in-suedfrankreich,0,www.zeit.de,Brände in Frankreich: Clooneys fliehen vor Waldbränden aus Haus in Südfrankreich,Hier finden Sie Informationen zu dem Thema „Brände in Frankreich“. Lesen Sie jetzt „Clooneys fliehen vor Waldbränden aus Haus in Südfrankreich“.,https://img.zeit.de/news/2026-07/30/clooneys-fliehen-vor-waldbraenden-aus-haus-in-suedfrankreich-image-group/wide__1300x731,2026-07-30T14:16:45Z,,Hollywood-Star George Clooney und seine Frau Amal haben ihr Haus im südfranzösischen Brignoles wegen der dortigen Waldbrände verlassen. Das Paar habe die Evakuierung in einem Brief an den Bürgermeist… [+909 chars],,de,'Waldbrände'
https://www.n-tv.de/panorama/Zombiefeuer-bleiben-nach-Waldbraenden-monatelang-gefaehrlich-id31142723.html,https://www.n-tv.de/panorama/Zombiefeuer-bleiben-nach-Waldbraenden-monatelang-gefaehrlich-id31142723.html,0,www.n-tv.de,"Schwelen unter der Erde: ""Zombiefeuer"" bleiben nach Waldbränden monatelang gefährlich","Der Großbrand in Frankreich ist noch gar nicht vollständig gelöscht, da macht sich bereits Angst vor dem nächsten Problem breit: Glut schwelt unter der Erde, neue Brände können jeden Moment ausbrechen. Und es fehlt an Menschen, die den Wald überwachen.",https://www.n-tv.de/img/31142759/1785426640/Img_16_9/1200/A-handout-photo-made-available-by-SIS-Geneva-Fire-and-Rescue-Department-show-Switzerland-s-firefighters-in-a-forest-near-Bordeaux-southwest-France-picture-issued-30-July-2026-France-is-preparing-for-the-next-major-heatwave-of-the-year-as-firefighters-continue-to-battle-major-forest-fires-near-Bordeaux.jpg,2026-07-30T14:30:51Z,,"Feuerwehrleute kämpfen in einem Wald nahe Bordeaux gegen die Flammen. (Foto: picture alliance/KEYSTONE)
Der Großbrand in Frankreich ist noch gar nicht vollständig gelöscht, da macht sich bereits Ang… [+3200 chars]",,de,'Waldbrand Hektar'
https://www.tagesspiegel.de/wissen/heiss-trocken-und-windig-studie-waldbrand-risiko-in-sudeuropa-ist-stark-gestiegen-15899332.html,https://www.tagesspiegel.de/wissen/heiss-trocken-und-windig-studie-waldbrand-risiko-in-sudeuropa-ist-stark-gestiegen-15899332.html,0,www.tagesspiegel.de,"Heiß, trocken und windig: Studie: Waldbrand-Risiko in Südeuropa ist stark gestiegen","Einst herrschte in Portugal und Spanien an 10 Tagen extreme Brandgefahr, nun sind es 25 Tage. Forscher sehen eine „Ära extremer Brandgefahr“. Entsprechend müsse sich die Reaktion auf die Feuer ändern.",https://www.tagesspiegel.de/images/15899331/alternates/BASE_16_9_W1400/1785423668000/waldbrande-in-frankreich.jpeg,2026-07-30T15:01:08Z,,"Während Frankreich und Spanien gegen ausgedehnte Waldbrände kämpfen, zeigt eine neue Studie eine dramatische Entwicklung: Seit 1981 hat sich die Zahl der Sommertage mit hohem Waldbrandrisiko in Südeu… [+3490 chars]",,de,'Waldbrand trocken'
https://www.zeit.de/news/2026-07/30/hat-ein-rallye-auto-den-grossen-waldbrand-ausgeloest,https://www.zeit.de/news/2026-07/30/hat-ein-rallye-auto-den-grossen-waldbrand-ausgeloest,0,www.zeit.de,Feuerwehr im Einsatz: Hat ein Rallye-Auto den großen Waldbrand ausgelöst?,Hier finden Sie Informationen zu dem Thema „Feuerwehr im Einsatz“. Lesen Sie jetzt „Hat ein Rallye-Auto den großen Waldbrand ausgelöst?“.,https://img.zeit.de/news/2026-07/30/hat-ein-rallye-auto-den-grossen-waldbrand-ausgeloest-image-group/wide__1300x731,2026-07-30T15:12:46Z,,"Auf rund zehn Hektar Fläche wütet im Landkreis Birkenfeld aktuell ein Wald- und Wiesenbrand. Die Flammen seien noch nicht unter Kontrolle, sagte ein Sprecher der Feuerwehr. Aus dem betroffenen Gebiet… [+1907 chars]",,de,'Waldbrand'
https://www.freitag.de/autoren/der-freitag/frankreich-steuergeschenke-und-waffen-waren-wichtiger-als-katastrophenschutz,https://www.freitag.de/autoren/der-freitag/frankreich-steuergeschenke-und-waffen-waren-wichtiger-als-katastrophenschutz,0,www.freitag.de,"Skandal in Frankreich: 52 Millionen fehlten bei Löschflugzeugen, weil Geld in Waffen floss","Im Großraum Bordeaux vernichtet der größte Waldbrand Frankreichs seit der Jahrtausendwende bereits 42.000 Hektar Land. Nur fünf von zwölf Löschflugzeugen waren einsatzbereit. Wofür Frankreich das Geld stattdessen ausgab, sorgt jetzt für Wut Der Himmel über de…",https://www.freitag.de/autoren/der-freitag/frankreich-steuergeschenke-und-waffen-waren-wichtiger-als-katastrophenschutz/@@images/image/great,2026-07-30T15:41:00Z,,"Der Himmel über der Gironde bleibt grau verhangen, die Sonne ist hinter einer dichten Rauchdecke kaum noch zu erkennen. Wo noch vor Tagen Pinienwälder standen, überziehen riesige schwarze Brandwunden… [+5053 chars]",,de,'Waldbrand Hektar'
https://www.tagesspiegel.de/gesellschaft/panorama/mehr-als-100-explosionen-lager-mit-alter-kriegsmunition-detoniert-bei-waldbrand-in-frankreich-15899595.html,https://www.tagesspiegel.de/gesellschaft/panorama/mehr-als-100-explosionen-lager-mit-alter-kriegsmunition-detoniert-bei-waldbrand-in-frankreich-15899595.html,0,www.tagesspiegel.de,„Mehr als 100 Explosionen“: Lager mit alter Kriegsmunition detoniert bei Waldbrand in Frankreich,Immer mal wieder wird an der französischen Atlantikküste noch Munition der Wehrmacht gefunden. In Le Porge geht nun ein altes Lager mit vergessener Weltkriegsmunition hoch. Verletzt wird niemand.,https://www.tagesspiegel.de/images/15899613/alternates/BASE_16_9_W1400/1785427329000/waldbrande-in-frankreich.jpeg,2026-07-30T16:05:24Z,,Bei dem verheerenden Waldbrand an der französischen Atlantikküste ist im schwer getroffenen Ort Le Porge ein vergessenes Munitionslager aus dem Zweiten Weltkrieg explodiert. In unserer Gemeinde gab e… [+2419 chars],,de,'Waldbrand Häuser'
https://www.focus.de/panorama/welt/ungarn-schaltet-akw-erstmals-ab-auch-frankreich-drosselt_c4aaab4d-2a88-4504-b62e-b1416b3fa0ff.html,https://www.focus.de/panorama/welt/ungarn-schaltet-akw-erstmals-ab-auch-frankreich-drosselt_c4aaab4d-2a88-4504-b62e-b1416b3fa0ff.html,0,www.focus.de,Ungarn schaltet AKW erstmals ab – auch Frankreich drosselt,Historisches Niedrigwasser zwingt Ungarns AKW Paks zum ersten Totalstopp der Geschichte. In Rumänien und Frankreich müssen Reaktoren ebenfalls stoppen. In England bricht ein Waldbrand nahe eines Atomkraftwerkes aus.,"https://quadro.burda-forward.de/ctf/66fadd1e-3547-454b-a22a-e0d760a4207e.188c874b-a05a-4169-9617-2b1b991f0e2f.jpeg?im=RegionOfInterestCrop=(1200,630),regionOfInterest=(902,876)&hash=c1b0bf810dc8cd00948658c79b4a7f87f3f1b9e4b5f493c0e4781ca9a266fa3d",2026-07-30T17:51:00Z,,Zum ersten Mal in der 42-jährigen Geschichte des Kernkraftwerks Paks in Ungarn müssen alle vier Reaktorblöcke abgeschaltet werden. Grund ist der niedrige Wasserstand der Donau und der damit einhergeh… [+3010 chars],,de,'Waldbrand Hektar'
https://www.n-tv.de/panorama/Laerm-wie-im-Zweiten-Weltkrieg-ertoent-in-franzoesischem-Ort-id31143336.html,https://www.n-tv.de/panorama/Laerm-wie-im-Zweiten-Weltkrieg-ertoent-in-franzoesischem-Ort-id31143336.html,0,www.n-tv.de,Alte Munitionsdepots entzündet: Lärm wie im Zweiten Weltkrieg ertönt in französischem Ort,Im südfranzösischen Le Porge zerstören die Flammen der Waldbrände nicht nur Gebäude und Autos. Auch Munition detoniert immer wieder. Sie soll aus Deutschland stammen.,https://www.n-tv.de/img/31143334/1785433496/Img_16_9/1200/Wildfires-in-France-Le-Porge-Firefighters-are-trying-to-extinguish-fires-ravaging-homes-in-Le-Porge-in-southwestern-France-on-July-24-2026-as-part-of-the-effort-to-combat-wildfires-A-particularly-fierce-wildfire-has-burned-more-than-12-000-hectares-since-July-22-2026-near-the-Arcachon-Basin-Gironde-where-thousands-of-residents-and-tourists-have-been-evacuated-from-this-part-of-the-Landes-de-Gascogne-forest-which-was-already-devastated-by-flames-in-2022-Photo-by-Clement-Viala-Infobassin-com-ABACAPRESS-COM-Le-Porge-France-PUBLICATIONxNOTxINxFRAxUK-Copyright-xClementxViala-infobassin.jpg,2026-07-30T18:45:12Z,,"Alte Munitionsdepots entzündetLärm wie im Zweiten Weltkrieg ertönt in französischem Ort
Ein Haus ist komplett niedergebrannt. (Foto: IMAGO/ABACAPRESS)
Im südfranzösischen Le Porge zerstören die Fla… [+2604 chars]",,de,'Waldbrände'
https://www.faz.net/aktuell/gesellschaft/menschen/liveticker-zur-hitzewelle-in-europa-neue-hitzerekorde-in-drei-bundeslaendern-aufgestellt-faz-200949959.html,https://www.faz.net/aktuell/gesellschaft/menschen/liveticker-zur-hitzewelle-in-europa-neue-hitzerekorde-in-drei-bundeslaendern-aufgestellt-faz-200949959.html,0,www.faz.net,Hitze-Liveblog: Neue Hitzerekorde in drei Bundesländern aufgestellt,Zwei Jugendliche von Baum getroffen und schwer verletzt +++ Waldbrand nahe Atomkraftwerk in England ausgebrochen +++ Umgestürzte Bäume nach Unwetter in Niedersachsen +++ alle Entwicklungen im Liveblog,https://media0.faz.net/image/w1200h627/079152450955/w5364h2802x0y107o/202607/43601.0.2333121810/in-sachsen-anhalt-baden.webp,2026-07-30T22:12:11Z,,"Laut einer neuen Studie hat sich die Zahl der Tage mit hohem Waldbrandrisiko in Südeuropa seit 1981 verdoppelt. Das gelte für weite Teile der Iberischen Halbinsel, Frankreich, Italien und Griechenlan… [+1489 chars]",,de,'Waldbrand Hitze'
https://www.zeit.de/news/2026-07/31/griechenland-und-tuerkei-kaempfen-weiter-gegen-schwere-braende,https://www.zeit.de/news/2026-07/31/griechenland-und-tuerkei-kaempfen-weiter-gegen-schwere-braende,0,www.zeit.de,Waldbrände in Südeuropa: Griechenland und Türkei kämpfen weiter gegen schwere Brände,Hier finden Sie Informationen zu dem Thema „Waldbrände in Südeuropa“. Lesen Sie jetzt „Griechenland und Türkei kämpfen weiter gegen schwere Brände“.,https://img.zeit.de/news/2026-07/31/griechenland-und-tuerkei-kaempfen-weiter-gegen-schwere-braende-image-group/wide__1300x731,2026-07-31T00:58:04Z,,"Während sich die Waldbrandlage in Frankreich und Spanien entspannt und Tausende Evakuierte nach Hause zurückkehren, ist die Situation in Griechenland und der Türkei weiter angespannt. Von hoher Trock… [+3240 chars]",,de,'Waldbrände'
https://www.tagesspiegel.de/gesellschaft/panorama/waldbrande-in-sudeuropa-feuerwehr-kampft-gegen-brande-auf-kreta-und-in-der-turkei-15899851.html,https://www.tagesspiegel.de/gesellschaft/panorama/waldbrande-in-sudeuropa-feuerwehr-kampft-gegen-brande-auf-kreta-und-in-der-turkei-15899851.html,0,www.tagesspiegel.de,Waldbrände in Südeuropa: Feuerwehr kämpft gegen Brände auf Kreta und in der Türkei,"Starke Winde erschweren den Einsatz der Feuerwehr auf Kreta, während in der Türkei weitere Teams aus der Luft und am Boden gegen die Flammen kämpfen. Entspannung gibt es in Frankreich und Spanien.",https://www.tagesspiegel.de/images/15902703/alternates/BASE_16_9_W1400/1785501746000/waldbrande-in-frankreich.jpeg,2026-07-31T00:59:21Z,,"Während sich die Lage nach den verheerenden Waldbränden in Frankreich und Spanien weiter normalisiert, kämpfen Feuerwehrkräfte auf Kreta und in der Türkei weiter gegen die Flammen. Orkanartiger Wind … [+4806 chars]",,de,'Waldbrände'
https://www.tagesspiegel.de/gesellschaft/panorama/waldbrande-in-sudeuropa-griechenland-und-turkei-kampfen-weiter-gegen-schwere-brande-15899851.html,https://www.tagesspiegel.de/gesellschaft/panorama/waldbrande-in-sudeuropa-griechenland-und-turkei-kampfen-weiter-gegen-schwere-brande-15899851.html,0,www.tagesspiegel.de,Waldbrände in Südeuropa: Griechenland und Türkei kämpfen weiter gegen schwere Brände,Auf Kreta und in Antalya sowie anderen türkischen Regionen kämpft die Feuerwehr unermüdlich gegen neue Brände – unter extremen Bedingungen. In Frankreich und Spanien entspannt sich die Lage.,https://www.tagesspiegel.de/images/15899931/alternates/BASE_16_9_W1400/1785472337000/waldbrande-in-spanien.jpeg,2026-07-31T00:59:21Z,,"Während sich die Waldbrandlage in Frankreich und Spanien entspannt und Tausende Evakuierte nach Hause zurückkehren, ist die Situation in Griechenland und der Türkei weiter angespannt. Von hoher Trock… [+3290 chars]",,de,'Waldbrände'
https://www.nzz.ch/zuerich/ueetliberg-hoechste-waldbrandgefahr-in-zuerichs-waeldern-ld.10017253,https://www.nzz.ch/zuerich/ueetliberg-hoechste-waldbrandgefahr-in-zuerichs-waeldern-ld.10017253,0,www.nzz.ch,"Auch am Üetliberg herrscht höchste Waldbrandgefahr: «Landet hier ein Zigarettenstummel, gerät das Feuer wohl innert weniger als einer Minute ausser Kontrolle», sagt der oberste Zürcher Forstingenieur","Grössere Waldbrände kennt man aus Nordamerika, Südeuropa, dem Tessin oder dem Wallis. Doch Zürichs Hausberg wird ebenfalls gewappnet.","https://img-msp-prod.nzz.ch/2026/07/28/6d9ae4e5-cae7-4385-ba85-c6146c122c93.jpg?width=1200&height=675&fit=bounds&quality=75&auto=webp&crop=5568,3132,x0,y363&wmark=nzz",2026-07-31T03:00:00Z,,"Grössere Waldbrände kennt man aus Nordamerika, Südeuropa, dem Tessin oder dem Wallis. Doch Zürichs Hausberg wird ebenfalls gewappnet.
Jana Kehl31.07.2026, 05.00 Uhr
Zusammenfassung
Der Ausblick vo… [+8525 chars]",,de,'Waldbrände'
https://www.zeit.de/news/2026-07/31/waldbrand-in-chiemgauer-alpen-vorsichtig-optimistisch,https://www.zeit.de/news/2026-07/31/waldbrand-in-chiemgauer-alpen-vorsichtig-optimistisch,0,www.zeit.de,Chiemgauer Alpen: Waldbrand in Chiemgauer Alpen: «Vorsichtig optimistisch»,Hier finden Sie Informationen zu dem Thema „Chiemgauer Alpen“. Lesen Sie jetzt „Waldbrand in Chiemgauer Alpen: «Vorsichtig optimistisch»“.,https://img.zeit.de/news/2026-07/31/waldbrand-in-chiemgauer-alpen-vorsichtig-optimistisch-image-group/wide__1300x731,2026-07-31T05:00:18Z,,"Während die Flammen in den Chiemgauer Alpen noch immer lodern, äußerte sich die Feuerwehr am Morgen zuversichtlich. «Wir sind vorsichtig optimistisch, dass wir heute große Fortschritte machen werden»… [+852 chars]",,de,'Waldbrand'
https://www.tagesschau.de/ausland/europa/waldbrand-kreta-108.html,https://www.tagesschau.de/ausland/europa/waldbrand-kreta-108.html,0,www.tagesschau.de,Waldbrände in Südeuropa: Starker Wind macht Lage auf Kreta unkontrollierbar,"Andere griechische Inseln melden leichte Entspannung, aber auf Kreta bleibt die Situation angespannt: Schwere Winde entfachen immer wieder neue Brandherde. Zeitweise musste ein ganzer Urlaubsort evakuiert werden. Von M. Pompl.",https://images.tagesschau.de/image/86f516b4-1a3b-472d-bc8b-c461fb1635ad/AAABn7axrZ0/AAABnSSvrFg/16x9-big/waldbrand-kreta-110.jpg?width=1280,2026-07-31T06:37:36Z,,"Stand: 31.07.2026 08:37 Uhr
Auf anderen griechischen Inseln beruhigt sich die Lage langsam, auf Kreta aber bleibt die Situation angespannt. Schwere Winde entfachen immer wieder neue Brandherde. Zeit… [+3985 chars]",,de,'Waldbrände'
https://www.diepresse.com/40559623/waldbraende-griechenland-und-tuerkei-kaempfen-weiter-gegen-die-flammen,https://www.diepresse.com/40559623/waldbraende-griechenland-und-tuerkei-kaempfen-weiter-gegen-die-flammen,0,www.diepresse.com,Waldbrände: Griechenland und Türkei kämpfen weiter gegen die Flammen,Die Waldbrände halten Griechenland und die Türkei weiter in Atem. In Frankreich und Spanien hat sich die Lage hingegen etwas entspannt.,https://img.diepresse.com/public/incoming/dqc39p-imagost0730164800010863036936jpg/alternates/WEBP_WIDE_1200/imago_st_0730_16480001_0863036936.jpg,2026-07-31T07:17:31Z,,"Die Presse auf Google als bevorzugte Nachrichtenquelle hinzufügen.
 Während sich die Waldbrandlage in Frankreich und Spanien entspannt und Tausende Evakuierte nach Hause zurückkehren, ist die Situat… [+3504 chars]",,de,'Waldbrände'
https://www.faz.net/aktuell/politik/ausland/der-suedwesten-europas-brennt-wer-ist-schuld-201078131.html,https://www.faz.net/aktuell/politik/ausland/der-suedwesten-europas-brennt-wer-ist-schuld-201078131.html,0,www.faz.net,"Waldbrände in Spanien: Keiner mehr da, der die Wälder pflegt",Gegen die neuen Brände sind die Menschen machtlos. Auf der Iberischen Halbinsel verschärft die Landflucht die Lage: Die Wälder verbuschen – und die Politiker interessieren sich nicht dafür.,https://media0.faz.net/image/w1200h627/3dc08b0781bf/w5446h2845x0y168o/202607/43601.0.2379067998/bekaempfung-von-glutnestern-in.webp,2026-07-31T09:37:25Z,,"Der Juli ist noch nicht vorüber, und Spanien meldet schon jetzt dramatische Rekorde. Zwischen Ávila und Madrid schwelen die letzten Glutnester des größten Waldbrandes seit Jahrzehnten. Noch nie hat e… [+4712 chars]",,de,'Waldbrände'
https://www.n-tv.de/panorama/Waldbrand-in-England-lodert-nahe-Atomkraftwerk-und-Ferienpark-id31145039.html,https://www.n-tv.de/panorama/Waldbrand-in-England-lodert-nahe-Atomkraftwerk-und-Ferienpark-id31145039.html,0,www.n-tv.de,"""Einsatzreichster Tag"": Waldbrand in England lodert nahe Atomkraftwerk und Ferienpark",In mehreren europäischen Ländern brennen Wälder und Wiesen. Auch im eigentlich verregneten Großbritannien greifen nun Flammen um sich. In London muss die Feuerwehr Hunderte Brände löschen.,https://www.n-tv.de/img/31144872/1785488618/Img_16_9/1200/Suffolk-1.jpg,2026-07-31T10:04:04Z,,"""Einsatzreichster Tag""Waldbrand in England lodert nahe Atomkraftwerk und Ferienpark
Der Brand dehnte sich auf 150 Hektar aus. (Foto: Suffolk Fire and Rescue Service)
In mehreren europäischen Länder… [+2959 chars]",,de,'Waldbrand Hektar'
https://www.zeit.de/news/2026-07/31/mehrere-feste-sagen-feuerwerke-wegen-waldbrandgefahr-ab,https://www.zeit.de/news/2026-07/31/mehrere-feste-sagen-feuerwerke-wegen-waldbrandgefahr-ab,0,www.zeit.de,Risiko zu hoch: Mehrere Feste sagen Feuerwerke wegen Waldbrandgefahr ab,Hier finden Sie Informationen zu dem Thema „Risiko zu hoch“. Lesen Sie jetzt „Mehrere Feste sagen Feuerwerke wegen Waldbrandgefahr ab“.,https://img.zeit.de/news/2026-07/31/mehrere-feste-sagen-feuerwerke-wegen-waldbrandgefahr-ab-image-group/wide__1300x731,2026-07-31T10:48:17Z,,Wegen der akut hohen bis sehr hohen Waldbrandgefahr im Südwesten sagen mehrere Feste ihre Feuerwerke ab. So unter anderem das Seenachtsfest in Schluchsee (Landkreis Breisgau-Hochschwarzwald). Das Fes… [+1561 chars],,de,'Waldbrand'
https://www.faz.net/aktuell/finanzen/waldbrand-frankreich-versicherungen-helfen-touristen-nur-im-ausnahmefall-accg-201083427.html,https://www.faz.net/aktuell/finanzen/waldbrand-frankreich-versicherungen-helfen-touristen-nur-im-ausnahmefall-accg-201083427.html,0,www.faz.net,Verheerende Waldbrände: Zwangsurlaub im Katastrophengebiet,"Wer eine Unterkunft an der französischen Atlantikküste gebucht hat und nicht doppelt bezahlen will, hat keine andere Wahl als Urlaub im Katastrophengebiet zu machen. Versicherungen helfen nur in Ausnahmefällen.",https://media0.faz.net/image/w1200h627/5bf714c5ef78/w3376h1763x0y387o/202607/43601.0.2367748219/der-strand-moutchic-in-lacanau.webp,2026-07-31T11:26:20Z,,"Das Bild vom Strand in Lacanu, das mittlerweile eine Woche alt ist, mutet bizarr an. Es ist aber gut möglich, dass sich die Strände weiter füllen werden. Die verheerenden Waldbrände, die bislang 42.0… [+6933 chars]",,de,'Waldbrände'
https://www.zeit.de/news/2026-07/31/waldbrand-auf-zwei-hektar-flaeche-im-salzlandkreis,https://www.zeit.de/news/2026-07/31/waldbrand-auf-zwei-hektar-flaeche-im-salzlandkreis,0,www.zeit.de,Einsatz in der Nacht: Waldbrand auf zwei Hektar Fläche im Salzlandkreis,Hier finden Sie Informationen zu dem Thema „Einsatz in der Nacht“. Lesen Sie jetzt „Waldbrand auf zwei Hektar Fläche im Salzlandkreis“.,https://img.zeit.de/news/2026-07/31/waldbrand-auf-zwei-hektar-flaeche-im-salzlandkreis-image-group/wide__1300x731,2026-07-31T12:09:43Z,,"Rund zwei Hektar Wald haben im Lödderitzer Forst in Barby (Salzlandkreis) gebrannt. Das Feuer brach am Donnerstagabend aus, wie der Landkreis mitteilte. In der Spitze waren demnach 135 Feuerwehrleute… [+387 chars]",,de,'Waldbrand Hektar'
https://www.focus.de/panorama/welt/einsatzleiter-filmt-flammeninferno-in-brandenburg-feuer-auf-rund-250-hektar_60b1e261-f38b-40f8-879e-b9419223d4be.html,https://www.focus.de/panorama/welt/einsatzleiter-filmt-flammeninferno-in-brandenburg-feuer-auf-rund-250-hektar_60b1e261-f38b-40f8-879e-b9419223d4be.html,0,www.focus.de,Einsatzleiter filmt Flammeninferno in Brandenburg: Feuer auf rund 250 Hektar,Feuer-Entwarnung in Brandenburg: Auf dem ehemaligen Truppenübungsplatz bei Jüterbog ist ein großer Waldbrand vorerst eingedämmt. Aufnahmen des Einsatzleiters Rico Walentin von der Berliner Feuerwehr zeigen die Dramatik vom Donnerstagabend.,"https://quadro.burda-forward.de/ctf/53060d76-5d2b-4dba-8358-81e7eee230a4.19250b25-9f48-40cf-8de9-f2fb40970216.jpeg?im=RegionOfInterestCrop=(1200,630),regionOfInterest=(320,180)&hash=308b67f2669d9b4390b9c1d05f720f270f5af3777015832988f40829f7702d57",2026-07-31T12:15:00Z,,"Das Feuer hatte sich bei Temperaturen von über 35 Grad und kräftigem Wind auf rund 250 Hektar ausgebreitet. Die Löscharbeiten gestalteten sich besonders schwierig, weil das munitionsbelastete Gelände… [+494 chars]",,de,'Waldbrand'
https://www.zeit.de/news/2026-07/31/waldbrand-hotspot-jueterbog-nur-kurze-entspannung-erwartet,https://www.zeit.de/news/2026-07/31/waldbrand-hotspot-jueterbog-nur-kurze-entspannung-erwartet,0,www.zeit.de,Waldbrände in Brandenburg: Waldbrand-Hotspot Jüterbog - nur kurze Entspannung erwartet,Hier finden Sie Informationen zu dem Thema „Waldbrände in Brandenburg“. Lesen Sie jetzt „Waldbrand-Hotspot Jüterbog - nur kurze Entspannung erwartet“.,https://img.zeit.de/news/2026-07/31/waldbrand-hotspot-jueterbog-nur-kurze-entspannung-erwartet-image-group/wide__1300x731,2026-07-31T14:42:50Z,,"Die Waldbrandgefahr in Brandenburg wird sich nach einer Phase der Entspannung aus Sicht eines Experten zum Wochenbeginn wieder verschärfen. Es werde nur eine kurze Verschnaufpause geben, sagte der st… [+2447 chars]",,de,'Waldbrand Rauch'
https://www.tagesspiegel.de/berlin/waldbrande-in-brandenburg-waldbrandgefahr-in-brandenburg-kurze-entspannungsphase-15903875.html,https://www.tagesspiegel.de/berlin/waldbrande-in-brandenburg-waldbrandgefahr-in-brandenburg-kurze-entspannungsphase-15903875.html,0,www.tagesspiegel.de,Waldbrände in Brandenburg: Waldbrandgefahr in Brandenburg: Kurze Entspannungsphase,Immer wieder Feuer-Alarm in Brandenburgs Wäldern - vor allem in Jüterbog sind die Einsatzkräfte in dieser Saison stark gefordert. Das Wetter soll eine kleine Verschnaufpause bringen.,https://www.tagesspiegel.de/images/15904432/alternates/BASE_16_9_W1400/1785523256000/waldbrand-auf-munitionsbelastetem-gelande-bei-juterbog.jpeg,2026-07-31T14:44:07Z,,"Die Waldbrandgefahr in Brandenburg wird sich aus Expertensicht zu Beginn der kommenden Woche wieder verschärfen. Es werde zuvor nur eine kurze Verschnaufpause geben, sagte der stellvertretende Waldbr… [+2690 chars]",,de,'Waldbrand Wetter'
https://www.tagesspiegel.de/berlin/waldbrande-in-brandenburg-waldbrand-hotspot-juterbog-nur-kurze-entspannung-erwartet-15903875.html,https://www.tagesspiegel.de/berlin/waldbrande-in-brandenburg-waldbrand-hotspot-juterbog-nur-kurze-entspannung-erwartet-15903875.html,0,www.tagesspiegel.de,Waldbrände in Brandenburg: Waldbrand-Hotspot Jüterbog - nur kurze Entspannung erwartet,Immer wieder Feuer-Alarm in Brandenburgs Wäldern - vor allem in Jüterbog sind die Einsatzkräfte in dieser Saison stark gefordert. Das Wetter soll eine kleine Verschnaufpause bringen.,https://www.tagesspiegel.de/images/15903874/alternates/BASE_16_9_W1400/1785509048000/waldbrand-auf-munitionsbelastetem-gelande-bei-juterbog.jpeg,2026-07-31T14:44:07Z,,"Die Waldbrandgefahr in Brandenburg wird sich nach einer Phase der Entspannung aus Sicht eines Experten zum Wochenbeginn wieder verschärfen. Es werde nur eine kurze Verschnaufpause geben, sagte der st… [+2506 chars]",,de,'Waldbrand'
https://www.photoscala.de/2026/07/31/drohnen-im-waldbrandgebiet-diese-regeln-gelten/,https://www.photoscala.de/2026/07/31/drohnen-im-waldbrandgebiet-diese-regeln-gelten/,0,www.photoscala.de,Drohnen im Waldbrandgebiet: Diese Regeln gelten,"Drohnen können Löscheinsätze bei Waldbränden gefährden. Diese Abstände, Flugverbote und Kartenportale gelten in europäischen Urlaubsländern.
Der Beitrag Drohnen im Waldbrandgebiet: Diese Regeln gelten erschien zuerst auf photoscala.",https://www.photoscala.de/wp-content/uploads/2026/06/Drohnen-Camp_Dohnenstart-2.jpg,2026-07-31T14:56:11Z,,"Sommerurlaub mit der Drohne: Was in Europas Waldbrandgebieten gilt
<ul><li>Schwere Waldbrände in Europas Urlaubsregionen</li><li>Wichtige Regeln für Drohnenpiloten</li><li>Rettungseinsätze nicht beh… [+8443 chars]",,de,'Waldbrand'
https://www.zeit.de/news/2026-07/31/waldbrand-im-chiemgau-geloescht-katastrophenfall-endet,https://www.zeit.de/news/2026-07/31/waldbrand-im-chiemgau-geloescht-katastrophenfall-endet,0,www.zeit.de,Feuer in den Alpen: Waldbrand im Chiemgau gelöscht - Katastrophenfall endet,Hier finden Sie Informationen zu dem Thema „Feuer in den Alpen“. Lesen Sie jetzt „Waldbrand im Chiemgau gelöscht - Katastrophenfall endet“.,https://img.zeit.de/news/2026-07/31/waldbrand-im-chiemgau-geloescht-katastrophenfall-endet-image-group/wide__1300x731,2026-07-31T15:40:02Z,,Nach dem Einsatz mehrerer Löschhubschrauber ist der offene Waldbrand in den Chiemgauer Alpen gelöscht. Der Katastrophenfall in der Region wird deswegen um Mitternacht beendet. Das teilte der Kreisfeu… [+806 chars],,de,'Waldbrand'
https://www.spektrum.de/news/giftiger-waldbrand-rauch-auch-in-deutschland/2337470,https://www.spektrum.de/news/giftiger-waldbrand-rauch-auch-in-deutschland/2337470,0,www.spektrum.de,Waldbrand-Schadstoffe: »So können Aerosole aus den Bränden auch zu uns kommen«,"Wie sich Partikel aus dem Rauch der Waldbrände in Südeuropa in der Atmosphäre ausbreiten und welche Auswirkungen sie haben, erklärt Aerosolforscherin Stephanie Fiedler.",https://static.spektrum.de/fm/912/f1920x1080/606787610_pa_.jpg,2026-07-31T16:21:47Z,,"Solche Farben entstehen durch Streuung von Licht in der Atmosphäre. Dabei spielen Kleinstpartikel in der Atmosphäre eine Rolle, sogenannte Aerosole. Aerosole von den Feuern in Westeuropa waren dabei … [+9034 chars]",,de,'Waldbrände'
https://www.zeit.de/news/2026-07/31/feuer-bei-jueterbog-ist-noch-nicht-komplett-aus,https://www.zeit.de/news/2026-07/31/feuer-bei-jueterbog-ist-noch-nicht-komplett-aus,0,www.zeit.de,Waldbrände in Brandenburg: Feuer bei Jüterbog ist noch nicht komplett aus,Hier finden Sie Informationen zu dem Thema „Waldbrände in Brandenburg“. Lesen Sie jetzt „Feuer bei Jüterbog ist noch nicht komplett aus“.,https://img.zeit.de/news/2026-07/31/feuer-bei-jueterbog-ist-noch-nicht-komplett-aus-image-group/wide__1300x731,2026-07-31T16:46:17Z,,"Die Feuerwehr gibt für den Brand auf dem ehemaligen Truppenübungsplatz bei Jüterbog in Brandenburg noch keine endgültige Entwarnung. «Das Feuer ist noch nicht aus», sagte Stadtbrandmeister Rico Walen… [+713 chars]",,de,'Waldbrände'
https://www.tagesspiegel.de/berlin/waldbrande-in-brandenburg-feuer-bei-juterbog-ist-noch-nicht-komplett-aus-15904376.html,https://www.tagesspiegel.de/berlin/waldbrande-in-brandenburg-feuer-bei-juterbog-ist-noch-nicht-komplett-aus-15904376.html,0,www.tagesspiegel.de,Waldbrände in Brandenburg: Feuer bei Jüterbog ist noch nicht komplett aus,Auf dem ehemaligen Militärgelände bei Jüterbog in Brandenburg brechen immer wieder Brände aus. Ein aktueller Brand ist noch nicht vollständig gelöscht. Wie ist der Stand?,https://www.tagesspiegel.de/images/15904375/alternates/BASE_16_9_W1400/1785516439000/waldbrande-in-brandenburg.jpeg,2026-07-31T16:47:19Z,,"Die Feuerwehr gibt für den Brand auf dem ehemaligen Truppenübungsplatz bei Jüterbog in Brandenburg noch keine endgültige Entwarnung. Das Feuer ist noch nicht aus, sagte Stadtbrandmeister Rico Walenti… [+761 chars]",,de,'Waldbrände'
https://www.zeit.de/news/2026-07/31/waldbrand-in-oberpfalz-feuer-ausser-kontrolle,https://www.zeit.de/news/2026-07/31/waldbrand-in-oberpfalz-feuer-ausser-kontrolle,0,www.zeit.de,Landkreis Amberg-Sulzbach: Waldbrand in Oberpfalz - Feuer außer Kontrolle,Hier finden Sie Informationen zu dem Thema „Landkreis Amberg-Sulzbach“. Lesen Sie jetzt „Waldbrand in Oberpfalz - Feuer außer Kontrolle“.,https://img.zeit.de/news/2026-07/31/waldbrand-in-oberpfalz-feuer-ausser-kontrolle-image-group/wide__1300x731,2026-07-31T21:49:17Z,,In der Nähe von Freudenberg im Landkreis Amberg-Sulzbach ist ein Waldbrand ausgebrochen. Rund 330 Einsatzkräfte befinden sich am Brandort in der Oberpfalz. Das Feuer sei aktuell wegen des starken Win… [+765 chars],,de,'Waldbrand'
