topic,sentiment_mean,sentiment_std,subjectivity_mean,subjectivity_std,counting
Causes,0.04621815542718777,1.0912235082307469,0.025624795216296226,1.0584940019039464,160.0
Hazard,0.01789161306999945,0.9881781834053298,0.0193644620473944,1.0105717678293733,1314.0
Impacts,-0.2639872887032512,0.8747481367481941,-0.11714185737690647,0.7532045529585396,93.0
Mitigation,-0.053015325034810754,0.8541594423918383,-0.15547260124793907,0.7562516680215329,116.0
