topic,sentiment_mean,sentiment_std,subjectivity_mean,subjectivity_std,counting
Causes,-0.2711836775434589,1.1062983270193194,-0.04875338171589614,0.9897595973118364,30.0
Hazard,0.056087219847144806,0.9131417260535849,0.012377891806567435,0.9590448726406557,220.0
Impacts,-0.19327364476812245,0.7625023427535856,-0.016281160052424668,0.8452613167530985,14.0
Mitigation,0.034529775831951395,1.0218762859118689,-0.015249806029871997,0.8457490614615049,15.0
