topic,sentiment_mean,sentiment_std,subjectivity_mean,subjectivity_std,counting
Causes,-0.2774626128962769,1.1556951023938218,-0.031377477711180914,1.0357913579288855,19.0
Hazard,0.07023936740787978,0.8829312440139797,0.022456240748427784,0.9611802185407344,116.0
Impacts,0.044515269747030725,0.7823864155669211,-0.24012912205055736,0.4668797722422453,13.0
Mitigation,-0.7999188702490492,1.2082480149804906,0.3265279165312893,1.1390425559567254,4.0
