domain,sentiment_mean,sentiment_std,subjectivity_mean,subjectivity_std,counting
www.morgenpost.de,-0.032972582972582966,0.15182826507482589,0.0101010101010101,0.0335012605086404,11.0
www.stern.de,-0.2699553571428571,0.3298934997227091,0.02827380952380952,0.05471659616324474,8.0
www.tagesschau.de,-0.04642857142857143,0.166343223568653,0.1,0.2,4.0
www.tagesspiegel.de,-0.11208333333333334,0.09704308894048617,0.041666666666666664,0.08333333333333333,4.0
www.nzz.ch,-0.12152777777777778,0.018201864475112715,0.09722222222222221,0.08673608331108885,3.0
www.welt.de,-0.23227513227513227,0.20458546189866617,0.018518518518518517,0.032075014954979206,3.0
www.zeit.de,-0.03777777777777778,0.1763939194383265,0.05555555555555555,0.09622504486493763,3.0
orf.at,0.06999999999999999,0.09899494936611665,0.16666666666666666,0.23570226039551584,2.0
www.faz.net,-0.15,0.1414213562373095,0.08333333333333333,0.11785113019775792,2.0
www.diepresse.com,0.0,1.0,0.0,1.0,1.0
www.focus.de,0.0,1.0,0.0,1.0,1.0
www.kicker.de,0.0,1.0,0.0,1.0,1.0
www.n-tv.de,0.0,1.0,0.0,1.0,1.0
www.visions.de,0.0,1.0,0.0,1.0,1.0
