topic,sentiment_mean,sentiment_std,subjectivity_mean,subjectivity_std,counting
Causes,0.055981774754853574,1.1095062114017447,0.018212433336945544,1.0561107404601504,161.0
Hazard,0.016057585727156504,0.986738730891555,0.017430874644750113,1.0075949222124647,1368.0
Impacts,-0.2689728184570508,0.8801503303467281,-0.12827815880506271,0.7360197772677282,93.0
Mitigation,-0.044609572262946665,0.8462350045831372,-0.12001692920573573,0.8143120024517039,120.0
