topic,sentiment_mean,sentiment_std,subjectivity_mean,subjectivity_std,counting
Causes,0.04469187451352922,1.0930446671541865,0.02582715819524654,1.057913101642519,160.0
Hazard,0.018994368835859424,0.987556608157761,0.02095090898748851,1.011786139880511,1309.0
Impacts,-0.2760255627039981,0.8736513648785376,-0.1388624293166828,0.7270438733050537,92.0
Mitigation,-0.05531110405730985,0.855224224901104,-0.15624225297856786,0.754154779001208,116.0
