topic,sentiment_mean,sentiment_std,subjectivity_mean,subjectivity_std,counting
Causes,-0.2337203515866773,1.139333717092551,-0.02096285490687419,1.060716440010778,25.0
Hazard,0.06397725333738223,0.9104557735479897,-0.0001297004194747362,0.9491149312820254,192.0
Impacts,-0.14236856416602867,0.7517006954144367,0.13006250753490758,0.8021111434766901,13.0
Mitigation,-0.2899655788055101,0.9540432805361948,-0.06101311584788063,0.7850448306556977,10.0
