week,sentiment_mean,sentiment_std,subjectivity_mean,subjectivity_std,counting
2024-50,0.26821685899940767,0.7573601751779128,0.6463558467029085,1.1443064893584927,6.0
2025-01,-0.05097053997567923,0.8492064879906348,-0.09109127404081008,0.748351814550057,38.0
