topic,sentiment_mean,sentiment_std,subjectivity_mean,subjectivity_std,counting
Causes,0.05629698949711015,1.1070633881979255,0.014270779289079735,1.0538343836662816,161.0
Hazard,0.014594016309071785,0.9869180242018161,0.01846530145808234,1.0084498531941424,1389.0
Impacts,-0.26928081851100194,0.8777555968454449,-0.13399031899359073,0.7267717627209175,93.0
Mitigation,-0.030409633211488218,0.8548683053424785,-0.12414426040304359,0.8110294690800868,121.0
