topic,sentiment_mean,sentiment_std,subjectivity_mean,subjectivity_std,counting
Causes,0.041061238224164284,1.096923411867122,0.02079319379516574,1.0628099786676515,160.0
Hazard,0.01749678362826548,0.9880649386306233,0.01710092395971245,1.0064839057829105,1352.0
Impacts,-0.2677620583147369,0.8825932938830268,-0.1272599721845808,0.7367164603221474,93.0
Mitigation,-0.04120574390934855,0.849272720532608,-0.1185251055972716,0.8143411339162295,120.0
