topic,sentiment_mean,sentiment_std,subjectivity_mean,subjectivity_std,counting
Causes,0.04003191148107514,1.0960997260684078,0.01910591591837578,1.0609588382062223,160.0
Hazard,0.017846578839171193,0.9883560855166446,0.017539456820672105,1.0072351148574048,1338.0
Impacts,-0.26688084230446535,0.8797632241487344,-0.1268642748550364,0.7369104780397814,93.0
Mitigation,-0.04237517583815782,0.8476767796004339,-0.11837049121764004,0.8138374688376883,120.0
