topic,sentiment_mean,sentiment_std,subjectivity_mean,subjectivity_std,counting
Causes,0.05801204099616172,1.1070451347816601,0.01555801258592798,1.0578529022040892,161.0
Hazard,0.015369534840537165,0.9876804518587133,0.017870390537304884,1.0073696851582594,1379.0
Impacts,-0.26643047013935295,0.8770871780012773,-0.13172291789540957,0.7316559766690715,93.0
Mitigation,-0.04286892666917273,0.8424043293767165,-0.12034845296247561,0.816113650859377,120.0
