week,sentiment_mean,sentiment_std,subjectivity_mean,subjectivity_std,counting
2024-50,-0.13880466104330155,0.7571740272477929,0.6013102137711988,1.161635154406805,9.0
2024-51,1.210841293321682,0.9470533027547102,1.6202677715269853,1.554310742674748,4.0
2024-52,0.496239056803741,0.2982119956889167,-0.7543783209066021,1.0,2.0
2025-00,-0.3383254272937482,0.3564645302020174,-0.6084523484385804,0.07237743516632031,2.0
2025-01,-0.1712618957140506,0.8908595462888281,-0.008355341689407684,0.9178092682420286,95.0
2025-02,0.34566586706659114,0.9853195929742428,-0.18410550589329835,0.6221885911124162,28.0
2025-03,0.16318426070972186,0.7625976490080515,-0.2584131009259376,0.5941110955460903,10.0
2025-04,0.6522213624780172,1.577019288233453,-1.036924431018948,0.6783284654497209,2.0
