topic,sentiment_mean,sentiment_std,subjectivity_mean,subjectivity_std,counting
Causes,-0.29704955490465434,1.1030987633868372,0.02879336300739517,1.0427903956936686,22.0
Hazard,0.07582535709325543,0.8914465079892806,-0.006909925528876252,0.9578150124242272,148.0
Impacts,-0.10827596456108136,0.8543723821649879,-0.07297133463703069,0.5679681408817855,11.0
Mitigation,-0.5005419301748668,1.327123526119495,0.21926287532119035,1.0437284405197313,5.0
