topic,sentiment_mean,sentiment_std,subjectivity_mean,subjectivity_std,counting
Causes,0.05747115988003482,1.1088445544847525,0.00840335962250632,1.0443641109904394,162.0
Hazard,0.013911366503225699,0.9876605870295688,0.01797563803017825,1.0071019949705096,1413.0
Impacts,-0.26659376845444543,0.8802102701826067,-0.13983273074088817,0.7215801284168674,93.0
Mitigation,-0.028722952267241208,0.8464776439425183,-0.10687795285082509,0.8532967043317029,124.0
