topic,sentiment_mean,sentiment_std,subjectivity_mean,subjectivity_std,counting
Causes,-0.7458779198127892,1.0564160195047096,-0.438062115579873,0.16634218010409438,6.0
Hazard,0.1292773543743562,0.7643893146382803,0.02079113221738213,0.8430831221217929,34.0
Impacts,0.40911192552483017,0.4872949184675033,0.5869301985217629,1.3471584230433313,3.0
Mitigation,-0.7375388357526153,0.4980773404383791,0.288675134594813,1.2247448713915892,2.0
