topic,sentiment_mean,sentiment_std,subjectivity_mean,subjectivity_std,counting
Causes,0.08137111043878269,1.1025324372166474,0.04133955491843668,1.083028800578472,192.0
Hazard,0.014750290130058534,0.9896550329794633,0.015326491511552172,1.0073815109158595,1659.0
Impacts,-0.3163315210589138,0.9124333501501577,-0.1216902091796287,0.7614798350565604,106.0
Mitigation,-0.03700713109758696,0.8421131636459902,-0.1215717362556068,0.8060110506549247,165.0
