keyword,sentiment_mean,sentiment_std,subjectivity_mean,subjectivity_std,counting
'Waldbrand Feuerwehr',-0.7375388357526153,0.4980773404383791,0.288675134594813,1.2247448713915892,2.0
'Waldbrand Rauch',0.27911309179005706,1.0,-0.5,1.0,1.0
'Waldbrand Schaden',0.9482226847844335,1.0,2.0941239288986218,1.0,1.0
'Waldbrand Tote',0.0,1.0,0.16666666666666666,1.0,1.0
'Waldbrand Wind',-0.9921738319407083,1.2123634714429685,-0.5063375010809278,0.16574102813838143,4.0
'Waldbrand trocken',-0.2532860955569512,0.665325750810875,-0.30151134457776363,0.0,2.0
'Waldbrand',0.08731810314543831,0.6354208138814393,-0.13208422205475917,0.7047815062630846,21.0
'Waldbrände',0.19705768328260817,0.9621900014139861,0.26774362758007186,1.0098721964450454,13.0
