topic,sentiment_mean,sentiment_std,subjectivity_mean,subjectivity_std,counting
Causes,-0.24508041591849358,1.1127991127898238,-0.041545993329758564,0.9736374732644962,32.0
Hazard,0.03580014537278096,0.9220905468645082,0.008415645812055908,0.9650930166710652,273.0
Impacts,-0.2030230685955555,0.8425363590435627,-0.017122775108995732,0.8137066647465897,15.0
Mitigation,0.13368033178414562,0.964154242698383,0.003913364480750233,0.8909682678069869,20.0
