week,sentiment_mean,sentiment_std,subjectivity_mean,subjectivity_std,counting
2024-50,-0.12811524901479052,0.7841981990179484,0.6167457046788315,1.1692936115127417,9.0
2024-51,1.2269707891450046,0.9480987782188327,1.651145416431552,1.5766663450734273,4.0
2024-52,0.496239056803741,0.2982119956889167,-0.7543783209066021,1.0,2.0
2025-00,-0.23210172779280064,0.20905484575030947,-0.5724362736882144,0.045397714862857076,2.0
2025-01,-0.155213289139396,0.890831564391494,0.0013214542796988996,0.9295806554293913,97.0
2025-02,0.35967014572040634,1.0161329761500195,-0.09586638145730184,0.7000900246184113,28.0
2025-03,0.16920698714592483,0.7570140594965373,-0.16747476088103366,0.5768699763452313,11.0
2025-04,-0.126607032700115,1.0678276088513572,-0.7402280349361191,0.27279055520501,6.0
2025-05,-0.0724151347616162,1.6259235110681232,-0.8831656442043303,0.39403997514868855,2.0
