topic,sentiment_mean,sentiment_std,subjectivity_mean,subjectivity_std,counting
Causes,-0.2742632173845761,1.1319220691738192,-0.023434606699170007,0.9743063642919242,22.0
Hazard,0.07703867248921294,0.8787979935632831,0.007989698285222611,0.9687377697038878,123.0
Impacts,-0.07518304435265596,0.8655460845873743,-0.1214354052572773,0.5570681914984699,11.0
Mitigation,-0.4719904891666598,1.3095175859841446,0.18501605845649333,1.055042463721825,5.0
