topic,sentiment_mean,sentiment_std,subjectivity_mean,subjectivity_std,counting
Causes,0.03960005351393227,1.0951423434210201,0.01830064912916412,1.0612073951763734,160.0
Hazard,0.017946637556070774,0.9883728368182215,0.01811436643481172,1.0084101250979993,1333.0
Impacts,-0.26652167586303166,0.8800301744679021,-0.12699473604453254,0.7369658323520234,93.0
Mitigation,-0.04244559733600576,0.8484194305780316,-0.12201826616394211,0.8024916133174705,120.0
