topic,sentiment_mean,sentiment_std,subjectivity_mean,subjectivity_std,counting
Causes,0.05783994939688535,1.1071564098563889,0.014411572655857961,1.0537803064942413,161.0
Hazard,0.014151885774457086,0.9869950936074047,0.01841952326760903,1.0084375248180777,1393.0
Impacts,-0.2677828713271601,0.8774875496853972,-0.13407317958334447,0.7268679237593869,93.0
Mitigation,-0.02900644199230733,0.854751042190043,-0.12436441450782555,0.8108371887010701,121.0
