topic,sentiment_mean,sentiment_std,subjectivity_mean,subjectivity_std,counting
Causes,0.053878118753662,1.1064035699792951,0.009589697650815876,1.0488149385092569,162.0
Hazard,0.014391467406187845,0.9870671724375202,0.019224633409309057,1.009029930787943,1401.0
Impacts,-0.2671453127187699,0.8780115404935527,-0.1365856990459538,0.7254707699675981,93.0
Mitigation,-0.02837987412474879,0.8550368525649841,-0.12634396593242392,0.8100451492659064,121.0
