topic,sentiment_mean,sentiment_std,subjectivity_mean,subjectivity_std,counting
Causes,-0.23894901530865265,1.2373336731983726,0.08118297621639316,1.0230567604538616,16.0
Hazard,0.06772157555249975,0.8586004789115389,0.003546936150429964,0.9518489815509787,112.0
Impacts,-0.039133232351178306,0.888576866645634,-0.26629890720528554,0.47207790098780106,10.0
Mitigation,-0.7788249733574362,1.1928363891918314,0.27086423536577586,1.1151713124128992,4.0
