topic,sentiment_mean,sentiment_std,subjectivity_mean,subjectivity_std,counting
Causes,-0.36308294977287103,1.306695841464611,-0.005194059279820958,0.9807311745990065,13.0
Hazard,0.10906932510053871,0.7580298700615559,-0.0034846512991413355,0.8955033295493638,63.0
Impacts,0.0837459282146361,0.8245302182235462,-0.1500667541846358,0.5017873874753692,10.0
Mitigation,-0.6889926596638005,1.0647184211576166,0.39471109279926686,1.3221706296908315,4.0
