topic,sentiment_mean,sentiment_std,subjectivity_mean,subjectivity_std,counting
Causes,0.09110883866994268,1.0994778443672242,0.0280061095723515,1.05574137058987,169.0
Hazard,0.011718365851098778,0.9880200686553128,0.016380211027571794,1.0088310147474056,1493.0
Impacts,-0.2891486346030358,0.8935912134034102,-0.15017014744251983,0.7199168013614629,98.0
Mitigation,-0.028273662711356076,0.867252189851744,-0.09647641710355466,0.8410105121152017,145.0
