topic,sentiment_mean,sentiment_std,subjectivity_mean,subjectivity_std,counting
Causes,0.04168872436030334,1.0926656805007406,0.02055743748381782,1.0623148652666015,160.0
Hazard,0.018440330352154772,0.9879926005992075,0.01876290229127934,1.008750710061372,1330.0
Impacts,-0.2657171989811936,0.879743105229731,-0.12374084942782296,0.7424116283660689,93.0
Mitigation,-0.052181597195508585,0.8528995657936017,-0.1379719588905445,0.7834617432460822,117.0
