topic,sentiment_mean,sentiment_std,subjectivity_mean,subjectivity_std,counting
Causes,0.05050940030840819,1.115062883932711,0.04192052707163092,1.0798528301940074,198.0
Hazard,0.014852359259266774,0.9887138046807659,0.014364509481797315,1.0076263830602,1718.0
Impacts,-0.2886687047518744,0.9268853009819609,-0.0981378543460204,0.7797568849974168,108.0
Mitigation,-0.02373875841295906,0.8397846682436306,-0.12847948287318556,0.8050701695431223,171.0
