topic,sentiment_mean,sentiment_std,subjectivity_mean,subjectivity_std,counting
Causes,0.06784361391249763,1.1115987567098478,0.04219106018801815,1.0818975459634945,193.0
Hazard,0.014539457180488916,0.9889991936698139,0.015082308827367405,1.0076889330968464,1684.0
Impacts,-0.2952984298433768,0.9256249747865191,-0.10659517882227032,0.7732781485004883,108.0
Mitigation,-0.032168846948238336,0.8379804222527173,-0.12865601639519697,0.8055615094561341,168.0
