topic,sentiment_mean,sentiment_std,subjectivity_mean,subjectivity_std,counting
Causes,0.08500951672471452,1.1051161505885319,0.041389952049331984,1.082479558344778,191.0
Hazard,0.014250884862552122,0.9894821157783548,0.015486218666877577,1.0074501499285748,1649.0
Impacts,-0.3121815716670894,0.9090732118478022,-0.12205330448915626,0.7609900857935548,106.0
Mitigation,-0.037735448593846234,0.8422143410259683,-0.12254298433280358,0.8060611449880416,164.0
