topic,sentiment_mean,sentiment_std,subjectivity_mean,subjectivity_std,counting
Causes,-0.2700798528810668,1.0961848678562476,0.06518544878847705,1.1017018493780486,22.0
Hazard,0.06277220763426446,0.9091757341064262,-0.02518557174163592,0.9396404832753933,164.0
Impacts,-0.08760525230869197,0.8086272204160424,0.11289475513826629,0.8046049213717397,12.0
Mitigation,-0.2724018631660668,1.2058888290440324,0.15471273605333247,0.8927400857504186,6.0
