week,sentiment_mean,sentiment_std,subjectivity_mean,subjectivity_std,counting
2024-50,0.13999999999999999,1.0,0.0,1.0,1.0
2025-01,-0.0005208333333333592,0.7786411998189895,0.06666666666666667,0.09128709291752768,16.0
