topic,sentiment_mean,sentiment_std,subjectivity_mean,subjectivity_std,counting
Causes,0.04506306936224167,1.1211003485101017,0.07459784457728354,1.0880271312323835,213.0
Hazard,0.014614817145720826,0.9927919125966747,0.01184067815881784,1.0081967342141163,1905.0
Impacts,-0.26980195168683047,0.9262160410820387,-0.09451453915651312,0.8043644387052103,127.0
Mitigation,-0.014899565037453521,0.8139971885498299,-0.1304912422720589,0.7957524407110822,201.0
