topic,sentiment_mean,sentiment_std,subjectivity_mean,subjectivity_std,counting
Causes,0.05344166258504294,1.1057102558442282,0.012051056189625995,1.0512545578544787,162.0
Hazard,0.014526611625005213,0.9871432902217957,0.018601660689679816,1.0086360558891136,1396.0
Impacts,-0.2674834961049587,0.8776142196312398,-0.1335408787458688,0.7279508109188659,93.0
Mitigation,-0.028500097580998876,0.8548346059336148,-0.12409449180012563,0.8110447624039852,121.0
