week,sentiment_mean,sentiment_std,subjectivity_mean,subjectivity_std,counting
2024-50,-0.15606980454604344,0.6915369154907817,0.5182802406957536,1.1348978810408812,9.0
2024-51,1.1271206211858702,0.7216091381770157,1.441265597706623,1.4439149667626425,4.0
2024-52,0.496239056803741,0.2982119956889167,-0.7543783209066021,1.0,2.0
2025-00,-0.029756808701634427,0.22055998022315373,-0.6569873059437499,0.015688814104192,2.0
2025-01,-0.15458466738532228,0.9027897197772833,-0.09011702066661152,0.8499079682945916,84.0
2025-02,0.6070714065407697,0.7818453358084546,-0.0821951259716858,0.6114571970570508,15.0
