topic,sentiment_mean,sentiment_std,subjectivity_mean,subjectivity_std,counting
Causes,-0.3108398562722608,1.1445896797287711,0.026395727982368267,0.9859133100187938,21.0
Hazard,0.07497385967007959,0.8781164833534936,-0.0022691849982015904,0.9671765711502731,133.0
Impacts,-0.05250953561823821,0.8482972852861007,-0.11404571668103035,0.5834931745441191,11.0
Mitigation,-0.44492295918716396,1.3481611774021518,0.1988704307263517,1.0399699610139734,5.0
