topic,sentiment_mean,sentiment_std,subjectivity_mean,subjectivity_std,counting
Causes,0.04335369483095568,1.0923477112908142,0.025178281574478767,1.0609017481039151,160.0
Hazard,0.01838963169907157,0.9879994928512928,0.018287553504714674,1.0091810598758517,1326.0
Impacts,-0.26770075607287364,0.8799405519182173,-0.12315299659291473,0.7433139009665154,93.0
Mitigation,-0.05317250942098882,0.852222939315833,-0.13887915695975314,0.779403892381291,117.0
