topic,sentiment_mean,sentiment_std,subjectivity_mean,subjectivity_std,counting
Causes,0.09376225304332003,1.1135670658525691,0.039546210403962924,1.0805501312622185,179.0
Hazard,0.014931188419537902,0.9860834988800079,0.015874322658467742,1.0080472554637498,1573.0
Impacts,-0.3183054224556909,0.9101931834935654,-0.14616038748322635,0.7072553310999934,103.0
Mitigation,-0.04593514705284024,0.8575128622085219,-0.10815780731249451,0.8268967300235095,153.0
