week,sentiment_mean,sentiment_std,subjectivity_mean,subjectivity_std,counting
2024-50,0.2840962591783838,0.7729112064921622,0.6766111464204081,1.1861174058378117,6.0
2025-01,-0.05210658769614534,0.8507556637637045,-0.09341026184245593,0.7428394281967048,39.0
