keyword,sentiment_mean,sentiment_std,subjectivity_mean,subjectivity_std,counting
'Waldbrand Feuerwehr',-0.7375388357526153,0.4980773404383791,0.288675134594813,1.2247448713915892,2.0
'Waldbrand Rauch',0.27911309179005706,1.0,-0.5,1.0,1.0
'Waldbrand Schaden',0.8529462837105765,1.0,1.9125921305936238,1.0,1.0
'Waldbrand Tote',0.0,1.0,0.16666666666666666,1.0,1.0
'Waldbrand Wind',-0.9614167778847522,1.1746047925819056,-0.5169208794459964,0.16796271514269054,4.0
'Waldbrand trocken',-0.2532860955569512,0.665325750810875,-0.30151134457776363,0.0,2.0
'Waldbrand',0.0928280968175608,0.6394635281004426,-0.11920186624856828,0.7213344289536061,20.0
'Waldbrände',0.19316279209437906,0.9620040506831342,0.2549847024713562,1.0056918929187715,13.0
