topic,sentiment_mean,sentiment_std,subjectivity_mean,subjectivity_std,counting
Causes,-0.3108714309723851,1.226618704768536,0.10484564658683967,0.9628524435725413,16.0
Hazard,0.10993971880468031,0.8182967742885168,-0.009662206199949805,0.9305698032603856,86.0
Impacts,-0.15613734972944052,0.8690454015117222,-0.259429451272034,0.4244565060688057,10.0
Mitigation,-0.6904304116430409,1.160772528598945,0.46947991081176643,1.445498141340819,4.0
