topic,sentiment_mean,sentiment_std,subjectivity_mean,subjectivity_std,counting
Causes,0.04352180004772038,1.0917575029516122,0.026027170485583943,1.0616824968351002,160.0
Hazard,0.018290590914501016,0.9878631780607556,0.019661616696496097,1.0102531786090425,1323.0
Impacts,-0.2661544371738151,0.8779459238373102,-0.12287206751574611,0.7425418801067377,93.0
Mitigation,-0.05349731242643465,0.8553669076188515,-0.1565853555895527,0.7567649315849516,116.0
