week,sentiment_mean,sentiment_std,subjectivity_mean,subjectivity_std,counting
2024-50,-0.14633713997400438,0.7629465173483492,0.3773935179404137,0.868016076167736,9.0
2024-51,1.4252626837506783,0.3396477368480967,2.1208528220485787,0.5003086037059381,3.0
2024-52,0.40040019181384506,0.4337486183600715,-0.6358383670736646,1.0,2.0
2025-01,-0.14771385357610683,0.8437434427516498,-0.09778115537346313,0.8246292657056217,69.0
2025-02,0.9522113570593514,0.594702424213981,-0.35964095160866993,0.21548033809815598,7.0
