topic,sentiment_mean,sentiment_std,subjectivity_mean,subjectivity_std,counting
Causes,0.04498198697052498,1.0930079969736026,0.024764597185593876,1.0568436051217434,160.0
Hazard,0.018319473861664468,0.9878078694785585,0.019695207767519884,1.0109944464354867,1310.0
Impacts,-0.2651419554347873,0.8750466164614089,-0.11801829316285031,0.7514867975684134,93.0
Mitigation,-0.05459946491155455,0.8547622286745411,-0.156560273997329,0.7546482056225934,116.0
