topic,sentiment_mean,sentiment_std,subjectivity_mean,subjectivity_std,counting
Causes,-0.2918730151551736,1.128889955297319,-0.043426747610712364,0.9918248602522849,30.0
Hazard,0.051555768259748024,0.9065459739980765,0.009848065646734792,0.9526943309695266,236.0
Impacts,-0.25242306321578567,0.8279208252432882,0.007454326478429081,0.8484005489465741,14.0
Mitigation,0.11071053026486204,1.0082044312011078,-0.02098776698262053,0.9245292828689294,17.0
