topic,sentiment_mean,sentiment_std,subjectivity_mean,subjectivity_std,counting
Causes,0.03315843651741288,1.1168479532031927,0.058845886823371614,1.087555624300241,204.0
Hazard,0.016870593571721427,0.9917939631311201,0.010525149380331018,1.006579396653855,1785.0
Impacts,-0.24848033022735533,0.9322100549843394,-0.07489538459125293,0.7922477912996367,114.0
Mitigation,-0.04128898032889378,0.8230636060417507,-0.11597927396281252,0.8191052990257838,190.0
