topic,sentiment_mean,sentiment_std,subjectivity_mean,subjectivity_std,counting
Causes,0.07760580355957356,1.1002762839330804,0.005300880168825568,1.0472377057008857,165.0
Hazard,0.009882811852700226,0.9885012384673567,0.018742733603671253,1.008334618412043,1448.0
Impacts,-0.2832834518013259,0.8806466600143555,-0.14912147291906572,0.7181341420629397,96.0
Mitigation,0.005204243948194964,0.8584836831745739,-0.09894008406142317,0.8479600243731069,133.0
