topic,sentiment_mean,sentiment_std,subjectivity_mean,subjectivity_std,counting
Causes,0.0815759181303531,1.1018037246419696,0.044994008771349514,1.085812532815903,192.0
Hazard,0.012867668812678092,0.9903335078824319,0.014932252910276238,1.0073341023056404,1671.0
Impacts,-0.2930976339936018,0.9243561256526259,-0.10693502295964344,0.773228020505757,108.0
Mitigation,-0.031120474577602527,0.8371715407402883,-0.12875637792796057,0.8051312574855592,168.0
