topic,sentiment_mean,sentiment_std,subjectivity_mean,subjectivity_std,counting
Causes,0.07677006518494117,1.110028966105807,0.04522938957847118,1.0910603689444245,186.0
Hazard,0.015939117009356275,0.9886869700253031,0.018058742374868132,1.0098896844483631,1623.0
Impacts,-0.319987074304497,0.9123645239237814,-0.14439395818100972,0.7101970764255375,103.0
Mitigation,-0.04130726202794129,0.8408338971333377,-0.1374527971528948,0.7848049536176185,163.0
