topic,sentiment_mean,sentiment_std,subjectivity_mean,subjectivity_std,counting
Causes,0.025346569524442534,1.117162905437743,0.05815959229826829,1.0756311201207247,208.0
Hazard,0.01921217420407267,0.992120335074699,0.011600499432732995,1.0077320879651182,1829.0
Impacts,-0.2692198825532423,0.9345632282999409,-0.07064386193234101,0.824334004380677,120.0
Mitigation,-0.04157096481414352,0.8156387702379763,-0.12690696463688755,0.8050596157929587,194.0
