keyword,sentiment_mean,sentiment_std,subjectivity_mean,subjectivity_std,counting
'Waldbrand Wind',0.13999999999999999,1.0,0.0,1.0,1.0
'Waldbrand trocken',-0.31630131932327693,0.6435653083883124,,1.0,2.0
'Waldbrand',-0.1392096034194645,0.6508610418759839,0.08333333333333333,0.11785113019775792,7.0
'Waldbrände',0.2283909327499245,0.9519676165554365,0.05555555555555555,0.09622504486493763,7.0
