topic,sentiment_mean,sentiment_std,subjectivity_mean,subjectivity_std,counting
Causes,-0.1642008795488513,0.5258248609748238,0.0,1.0,3.0
Hazard,0.04459066466523002,0.8063273897257318,0.06666666666666667,0.09128709291752768,14.0
