topic,sentiment_mean,sentiment_std,subjectivity_mean,subjectivity_std,counting
Causes,0.04621815542718777,1.0912235082307469,0.025624795216296226,1.0584940019039464,160.0
Hazard,0.01796294478012049,0.988073312717008,0.019475185610257337,1.0104558183896049,1315.0
Impacts,-0.26518828668044664,0.8761948297776746,-0.1192825660719595,0.7493842761434317,93.0
Mitigation,-0.053015325034810754,0.8541594423918383,-0.15547260124793907,0.7562516680215329,116.0
