topic,sentiment_mean,sentiment_std,subjectivity_mean,subjectivity_std,counting
Causes,0.05711613812810764,1.1090385796616036,0.007228387327290723,1.0445689372938756,162.0
Hazard,0.013730024866232444,0.9873026160499625,0.017944626821781343,1.0070570672732642,1410.0
Impacts,-0.26673397683018985,0.880038549779164,-0.140015779298989,0.7215213298399218,93.0
Mitigation,-0.025964775371636828,0.8494947622735667,-0.105247064409591,0.852754289542404,123.0
