topic,sentiment_mean,sentiment_std,subjectivity_mean,subjectivity_std,counting
Causes,0.02730425918803781,1.06995506012349,0.02875635845295715,1.059235074889802,159.0
Hazard,0.020629003911390893,0.9900124787423158,0.020735549904135762,1.0116312123614573,1308.0
Impacts,-0.27327114065832936,0.8809738716207929,-0.13959730941359366,0.7273065217841225,92.0
Mitigation,-0.05154552153053529,0.8595179112229872,-0.1569372593502032,0.7541946360145634,116.0
