topic,sentiment_mean,sentiment_std,subjectivity_mean,subjectivity_std,counting
Causes,0.06477052480164719,1.1052984989998909,0.010889907935845267,1.0463458244874992,162.0
Hazard,0.012849501249341118,0.9880237007809122,0.01740526249965008,1.0067621874143817,1419.0
Impacts,-0.265717777137167,0.8814807431911111,-0.13854972302206434,0.7222068649919248,93.0
Mitigation,-0.027437837054057578,0.847125659715705,-0.10552927464399613,0.854280750058509,124.0
