topic,sentiment_mean,sentiment_std,subjectivity_mean,subjectivity_std,counting
Causes,-0.7253732171088186,1.0247288775053218,-0.44511770115658544,0.17117405059403426,6.0
Hazard,0.13235388586600436,0.76962036408395,0.028204963853220143,0.8501156379154132,33.0
Impacts,0.37735312516687786,0.4348766133540984,0.5264195990867635,1.2458799406199677,3.0
Mitigation,-0.7375388357526153,0.4980773404383791,0.288675134594813,1.2247448713915892,2.0
