week,sentiment_mean,sentiment_std,subjectivity_mean,subjectivity_std,counting
2024-50,-0.1276603705937254,0.7390472237250337,0.5578167644516548,1.1438454676375363,9.0
2024-51,1.202724084247729,0.8676144573059696,1.5520767396738768,1.537795772302725,4.0
2024-52,0.496239056803741,0.2982119956889167,-0.7543783209066021,1.0,2.0
2025-00,-0.2873585185934345,0.4285426237182324,-0.6397040097710672,0.028180911863226635,2.0
2025-01,-0.1696401065089567,0.8763963982875149,-0.04581609437329396,0.9051500926465358,94.0
2025-02,0.41549747523842967,0.9979600824478173,-0.22504494018892893,0.6069841449861814,25.0
2025-03,0.2890031754688647,0.859207594164542,-0.006567532697944478,0.6521725585309506,6.0
